00000000 tid=4294809657 HEADER build=pcmcd-continuous-2 mode=debug dll_dir=D:\GAMES\DARKF2 real_winmm=BFE30000 real_aux=6
00000002 tid=4294809657 SOURCE track=12 disc=1 physical=2 rate=22050 frames=5596878 bytes=22387512 path=D:\GAMES\DARKF2\MUSIC_PCM\Track12.wav
00000002 tid=4294809657 SOURCE track=13 disc=1 physical=3 rate=22050 frames=4219488 bytes=16877952 path=D:\GAMES\DARKF2\MUSIC_PCM\Track13.wav
00000002 tid=4294809657 SOURCE track=14 disc=1 physical=4 rate=22050 frames=2898252 bytes=11593008 path=D:\GAMES\DARKF2\MUSIC_PCM\Track14.wav
00000002 tid=4294809657 SOURCE track=15 disc=1 physical=5 rate=22050 frames=4762506 bytes=19050024 path=D:\GAMES\DARKF2\MUSIC_PCM\Track15.wav
00000002 tid=4294809657 SOURCE track=16 disc=1 physical=6 rate=22050 frames=2732436 bytes=10929744 path=D:\GAMES\DARKF2\MUSIC_PCM\Track16.wav
00000002 tid=4294809657 SOURCE track=17 disc=1 physical=7 rate=22050 frames=2745960 bytes=10983840 path=D:\GAMES\DARKF2\MUSIC_PCM\Track17.wav
00000002 tid=4294809657 SOURCE track=18 disc=1 physical=8 rate=22050 frames=2881494 bytes=11525976 path=D:\GAMES\DARKF2\MUSIC_PCM\Track18.wav
00000010 tid=4294809657 SOURCE track=22 disc=2 physical=2 rate=22050 frames=4288284 bytes=17153136 path=D:\GAMES\DARKF2\MUSIC_PCM\Track22.wav
00000010 tid=4294809657 SOURCE track=23 disc=2 physical=3 rate=22050 frames=2797998 bytes=11191992 path=D:\GAMES\DARKF2\MUSIC_PCM\Track23.wav
00000010 tid=4294809657 SOURCE track=24 disc=2 physical=4 rate=22050 frames=3262224 bytes=13048896 path=D:\GAMES\DARKF2\MUSIC_PCM\Track24.wav
00000012 tid=4294809657 SOURCE track=25 disc=2 physical=5 rate=22050 frames=2703036 bytes=10812144 path=D:\GAMES\DARKF2\MUSIC_PCM\Track25.wav
00000012 tid=4294809657 SOURCE track=26 disc=2 physical=6 rate=22050 frames=3321906 bytes=13287624 path=D:\GAMES\DARKF2\MUSIC_PCM\Track26.wav
00000012 tid=4294809657 SOURCE track=27 disc=2 physical=7 rate=22050 frames=2693040 bytes=10772160 path=D:\GAMES\DARKF2\MUSIC_PCM\Track27.wav
00000012 tid=4294809657 SOURCE track=28 disc=2 physical=8 rate=22050 frames=2804760 bytes=11219040 path=D:\GAMES\DARKF2\MUSIC_PCM\Track28.wav
00000016 tid=4294809657 SOURCE track=29 disc=2 physical=9 rate=22050 frames=2541042 bytes=10164168 path=D:\GAMES\DARKF2\MUSIC_PCM\Track29.wav
00000016 tid=4294809657 SOURCE track=30 disc=2 physical=10 rate=22050 frames=3994284 bytes=15977136 path=D:\GAMES\DARKF2\MUSIC_PCM\Track30.wav
00000016 tid=4294809657 SOURCE track=31 disc=2 physical=11 rate=22050 frames=2940588 bytes=11762352 path=D:\GAMES\DARKF2\MUSIC_PCM\Track31.wav
00000016 tid=4294809657 SOURCE track=32 disc=2 physical=12 rate=22050 frames=3062010 bytes=12248040 path=D:\GAMES\DARKF2\MUSIC_PCM\Track32.wav
00000016 tid=4294809657 MACHINE windows=4.0 build=67306684 platform=1 cpu=586 page=4096 memory_total=133611520 memory_avail=2138112
00000016 tid=4294809657 MACHINE waveout_count=1
00000016 tid=4294809657 MACHINE waveout=0 name=Soundscape Playback (534) formats=00000FFF channels=2 support=0000002C
00000060 tid=4294809657 MACHINE directsound flags=0000000F minrate=0 maxrate=0 primary=1 freehw=0
00000060 tid=4294809657 MCI OPEN flags=00002000 result=0 device=0000CDDA rate=22050
00000060 tid=4294809657 MCI SET flags=00000400 format=10 result=0
00003962 tid=4294809657 SUMMARY window_ms=3962 time=1 joy=3 status=0 play=0 stop=0 fills=0 bytes=0 underruns=0 recoveries=0 errors=0 sched_gaps=0 initial_complete=0 provisional_cycles=0 adopted=0 phase=0 phase_frames=0 generation=0
00005914 tid=4294809657 SUMMARY window_ms=1952 time=16 joy=0 status=0 play=0 stop=0 fills=0 bytes=0 underruns=0 recoveries=0 errors=0 sched_gaps=0 initial_complete=0 provisional_cycles=0 adopted=0 phase=0 phase_frames=0 generation=0
00008647 tid=4294809657 SUMMARY window_ms=2733 time=12 joy=0 status=0 play=0 stop=0 fills=0 bytes=0 underruns=0 recoveries=0 errors=0 sched_gaps=0 initial_complete=0 provisional_cycles=0 adopted=0 phase=0 phase_frames=0 generation=0
00014474 tid=4294809657 SUMMARY window_ms=5827 time=11 joy=0 status=0 play=0 stop=0 fills=0 bytes=0 underruns=0 recoveries=0 errors=0 sched_gaps=0 initial_complete=0 provisional_cycles=0 adopted=0 phase=0 phase_frames=0 generation=0
00015656 tid=4294809657 SUMMARY window_ms=1182 time=1 joy=0 status=0 play=0 stop=0 fills=0 bytes=0 underruns=0 recoveries=0 errors=0 sched_gaps=0 initial_complete=0 provisional_cycles=0 adopted=0 phase=0 phase_frames=0 generation=0
00020462 tid=4294809657 SUMMARY window_ms=4806 time=1 joy=0 status=0 play=0 stop=0 fills=0 bytes=0 underruns=0 recoveries=0 errors=0 sched_gaps=0 initial_complete=0 provisional_cycles=0 adopted=0 phase=0 phase_frames=0 generation=0
00023425 tid=4294809657 SUMMARY window_ms=2963 time=14 joy=0 status=0 play=0 stop=0 fills=0 bytes=0 underruns=0 recoveries=0 errors=0 sched_gaps=0 initial_complete=0 provisional_cycles=0 adopted=0 phase=0 phase_frames=0 generation=0
00026495 tid=4294809657 SUMMARY window_ms=3070 time=3 joy=0 status=0 play=0 stop=0 fills=0 bytes=0 underruns=0 recoveries=0 errors=0 sched_gaps=0 initial_complete=0 provisional_cycles=0 adopted=0 phase=0 phase_frames=0 generation=0
00030580 tid=4294809657 SUMMARY window_ms=4085 time=10 joy=0 status=0 play=0 stop=0 fills=0 bytes=0 underruns=0 recoveries=0 errors=0 sched_gaps=0 initial_complete=0 provisional_cycles=0 adopted=0 phase=0 phase_frames=0 generation=0
00034133 tid=4294809657 SUMMARY window_ms=3553 time=7 joy=0 status=0 play=0 stop=0 fills=0 bytes=0 underruns=0 recoveries=0 errors=0 sched_gaps=0 initial_complete=0 provisional_cycles=0 adopted=0 phase=0 phase_frames=0 generation=0
00035437 tid=4294809657 SUMMARY window_ms=1304 time=26 joy=0 status=0 play=0 stop=0 fills=0 bytes=0 underruns=0 recoveries=0 errors=0 sched_gaps=0 initial_complete=0 provisional_cycles=0 adopted=0 phase=0 phase_frames=0 generation=0
00035451 tid=4294809657 AUX SETVOLUME raw=FFFFFFFF left=65535 right=65535
00035451 tid=4294809657 REPEAT_PLAN retail initial=12-13 repeat=12-13 frames=9816366
00035451 tid=4294809657 MCI PLAY restart from=0000000C to=0000000E prior_state=0 backend_active=0
00035451 tid=4294809657 PROGRAM initial_segments=2 initial_frames=9816366 repeat_segments=2 repeat_frames=9816366 retail=1
00035517 tid=4294825837 BACKEND caps flags=0000000F minrate=0 maxrate=0 primary=1 freehw=0
00035520 tid=4294825837 BACKEND create_buffer rate=22050 half_bytes=22048 total_bytes=44096 flags=00010088
00035520 tid=4294825837 BACKEND volume left=65535 right=65535 index=255 attenuation=0
00035523 tid=4294809657 BACKEND play thread=4294825837 initial_frames=9816366 repeat_frames=9816366 rate=22050
00035523 tid=4294809657 MCI PLAY from=0000000C to=0000000E flags=0000000C result=0 adopted=0
00035523 tid=4294809657 AUX SETVOLUME raw=00000000 left=0 right=0
00035544 tid=4294825837 BACKEND volume left=0 right=0 index=0 attenuation=-10000
00036526 tid=4294825837 BACKEND cursor play=43228 write=848 delta=1816 phase=0 phase_frames=21831 track=12 offset_frames=21831 generation=0 cycles=0
00036801 tid=4294809657 SUMMARY window_ms=1364 time=3 joy=0 status=0 play=1 stop=0 fills=5 bytes=132288 underruns=0 recoveries=0 errors=0 sched_gaps=0 initial_complete=0 provisional_cycles=0 adopted=0 phase=0 phase_frames=27432 generation=0
00037546 tid=4294825837 BACKEND cursor play=876 write=2592 delta=1812 phase=0 phase_frames=44315 track=12 offset_frames=44315 generation=0 cycles=0
00037825 tid=4294809657 SUMMARY window_ms=1024 time=177 joy=0 status=0 play=0 stop=0 fills=5 bytes=110240 underruns=0 recoveries=0 errors=0 sched_gaps=0 initial_complete=0 provisional_cycles=0 adopted=0 phase=0 phase_frames=50148 generation=0
00038576 tid=4294825837 BACKEND cursor play=3508 write=5224 delta=2720 phase=0 phase_frames=67021 track=12 offset_frames=67021 generation=0 cycles=0
00038851 tid=4294809657 SUMMARY window_ms=1026 time=240 joy=0 status=0 play=0 stop=0 fills=4 bytes=88192 underruns=0 recoveries=0 errors=0 sched_gaps=0 initial_complete=0 provisional_cycles=0 adopted=0 phase=0 phase_frames=72777 generation=0
00039596 tid=4294825837 BACKEND cursor play=5248 write=6964 delta=2504 phase=0 phase_frames=89504 track=12 offset_frames=89504 generation=0 cycles=0
00039861 tid=4294809657 SUMMARY window_ms=1010 time=249 joy=0 status=0 play=0 stop=0 fills=4 bytes=88192 underruns=0 recoveries=0 errors=0 sched_gaps=0 initial_complete=0 provisional_cycles=0 adopted=0 phase=0 phase_frames=94960 generation=0
00040605 tid=4294825837 BACKEND cursor play=6080 write=7796 delta=1816 phase=0 phase_frames=111760 track=12 offset_frames=111760 generation=0 cycles=0
00040870 tid=4294809657 SUMMARY window_ms=1009 time=288 joy=0 status=0 play=0 stop=0 fills=4 bytes=88192 underruns=0 recoveries=0 errors=0 sched_gaps=0 initial_complete=0 provisional_cycles=0 adopted=0 phase=0 phase_frames=117492 generation=0
00041618 tid=4294825837 BACKEND cursor play=7240 write=8956 delta=2820 phase=0 phase_frames=134098 track=12 offset_frames=134098 generation=0 cycles=0
00041889 tid=4294809657 SUMMARY window_ms=1019 time=264 joy=0 status=0 play=0 stop=0 fills=4 bytes=88192 underruns=0 recoveries=0 errors=0 sched_gaps=0 initial_complete=0 provisional_cycles=0 adopted=0 phase=0 phase_frames=139992 generation=0
00042624 tid=4294825837 BACKEND cursor play=7732 write=9448 delta=1828 phase=0 phase_frames=156269 track=12 offset_frames=156269 generation=0 cycles=0
00042905 tid=4294809657 SUMMARY window_ms=1016 time=304 joy=0 status=0 play=0 stop=0 fills=4 bytes=88192 underruns=0 recoveries=0 errors=0 sched_gaps=0 initial_complete=0 provisional_cycles=0 adopted=0 phase=0 phase_frames=162023 generation=0
00043626 tid=4294825837 BACKEND cursor play=7948 write=9664 delta=1816 phase=0 phase_frames=178371 track=12 offset_frames=178371 generation=0 cycles=0
00043914 tid=4294809657 SUMMARY window_ms=1009 time=240 joy=0 status=0 play=0 stop=0 fills=4 bytes=88192 underruns=0 recoveries=0 errors=0 sched_gaps=0 initial_complete=0 provisional_cycles=0 adopted=0 phase=0 phase_frames=184424 generation=0
00044660 tid=4294825837 BACKEND cursor play=10880 write=12596 delta=3304 phase=0 phase_frames=201152 track=12 offset_frames=201152 generation=0 cycles=0
00044936 tid=4294809657 SUMMARY window_ms=1022 time=236 joy=0 status=0 play=0 stop=0 fills=4 bytes=88192 underruns=0 recoveries=0 errors=0 sched_gaps=0 initial_complete=0 provisional_cycles=0 adopted=0 phase=0 phase_frames=207173 generation=0
00045662 tid=4294825837 BACKEND cursor play=11096 write=12812 delta=2944 phase=0 phase_frames=223254 track=12 offset_frames=223254 generation=0 cycles=0
00045949 tid=4294809657 SUMMARY window_ms=1013 time=324 joy=0 status=0 play=0 stop=0 fills=4 bytes=88192 underruns=0 recoveries=0 errors=0 sched_gaps=0 initial_complete=0 provisional_cycles=0 adopted=0 phase=0 phase_frames=229391 generation=0
00046665 tid=4294825837 BACKEND cursor play=11344 write=13060 delta=2144 phase=0 phase_frames=245364 track=12 offset_frames=245364 generation=0 cycles=0
00046953 tid=4294809657 SUMMARY window_ms=1004 time=294 joy=0 status=0 play=0 stop=0 fills=4 bytes=88192 underruns=0 recoveries=0 errors=0 sched_gaps=0 initial_complete=0 provisional_cycles=0 adopted=0 phase=0 phase_frames=251589 generation=0
00047681 tid=4294825837 BACKEND cursor play=12752 write=14468 delta=3016 phase=0 phase_frames=267764 track=12 offset_frames=267764 generation=0 cycles=0
00047955 tid=4294809657 SUMMARY window_ms=1002 time=317 joy=0 status=0 play=0 stop=0 fills=4 bytes=88192 underruns=0 recoveries=0 errors=0 sched_gaps=0 initial_complete=0 provisional_cycles=0 adopted=0 phase=0 phase_frames=273594 generation=0
00048687 tid=4294825837 BACKEND cursor play=13292 write=15008 delta=3352 phase=0 phase_frames=289947 track=12 offset_frames=289947 generation=0 cycles=0
00048961 tid=4294809657 SUMMARY window_ms=1006 time=314 joy=0 status=0 play=0 stop=0 fills=4 bytes=88192 underruns=0 recoveries=0 errors=0 sched_gaps=0 initial_complete=0 provisional_cycles=0 adopted=0 phase=0 phase_frames=295544 generation=0
00049707 tid=4294825837 BACKEND cursor play=15020 write=16736 delta=1924 phase=0 phase_frames=312427 track=12 offset_frames=312427 generation=0 cycles=0
00049987 tid=4294809657 SUMMARY window_ms=1026 time=240 joy=0 status=0 play=0 stop=0 fills=4 bytes=88192 underruns=0 recoveries=0 errors=0 sched_gaps=0 initial_complete=0 provisional_cycles=0 adopted=0 phase=0 phase_frames=318556 generation=0
00050727 tid=4294825837 BACKEND cursor play=16752 write=18468 delta=1816 phase=0 phase_frames=334908 track=12 offset_frames=334908 generation=0 cycles=0
00050988 tid=4294809657 SUMMARY window_ms=1000 time=311 joy=0 status=0 play=0 stop=0 fills=4 bytes=88192 underruns=0 recoveries=0 errors=0 sched_gaps=0 initial_complete=0 provisional_cycles=0 adopted=0 phase=0 phase_frames=340507 generation=0
00051746 tid=4294825837 BACKEND cursor play=18468 write=20184 delta=3308 phase=0 phase_frames=357385 track=12 offset_frames=357385 generation=0 cycles=0
00052005 tid=4294809657 SUMMARY window_ms=1018 time=251 joy=0 status=0 play=0 stop=0 fills=4 bytes=88192 underruns=0 recoveries=0 errors=0 sched_gaps=0 initial_complete=0 provisional_cycles=0 adopted=0 phase=0 phase_frames=362688 generation=0
00052744 tid=4294825837 BACKEND cursor play=18260 write=19976 delta=2588 phase=0 phase_frames=379381 track=12 offset_frames=379381 generation=0 cycles=0
00053014 tid=4294809657 SUMMARY window_ms=1009 time=288 joy=0 status=0 play=0 stop=0 fills=4 bytes=88192 underruns=0 recoveries=0 errors=0 sched_gaps=0 initial_complete=0 provisional_cycles=0 adopted=0 phase=0 phase_frames=385186 generation=0
00053745 tid=4294825837 BACKEND cursor play=18324 write=20040 delta=3340 phase=0 phase_frames=401445 track=12 offset_frames=401445 generation=0 cycles=0
00054034 tid=4294809657 SUMMARY window_ms=1020 time=328 joy=0 status=0 play=0 stop=0 fills=4 bytes=88192 underruns=0 recoveries=0 errors=0 sched_gaps=0 initial_complete=0 provisional_cycles=0 adopted=0 phase=0 phase_frames=407650 generation=0
00054764 tid=4294825837 BACKEND cursor play=20056 write=21772 delta=3028 phase=0 phase_frames=423926 track=12 offset_frames=423926 generation=0 cycles=0
00054929 tid=4294809657 AUX SETVOLUME raw=0CCC0CCC left=3276 right=3276
00054939 tid=4294825837 BACKEND volume left=3276 right=3276 index=12 attenuation=-2655
00055050 tid=4294809657 SUMMARY window_ms=1016 time=320 joy=0 status=0 play=0 stop=0 fills=5 bytes=110240 underruns=0 recoveries=0 errors=0 sched_gaps=0 initial_complete=0 provisional_cycles=0 adopted=0 phase=0 phase_frames=430132 generation=0
00055052 tid=4294809657 AUX SETVOLUME raw=19991999 left=6553 right=6553
00055076 tid=4294825837 BACKEND volume left=6553 right=6553 index=25 attenuation=-2017
00055169 tid=4294809657 AUX SETVOLUME raw=26662666 left=9830 right=9830
00055186 tid=4294825837 BACKEND volume left=9830 right=9830 index=38 attenuation=-1654
00055293 tid=4294809657 AUX SETVOLUME raw=33333333 left=13107 right=13107
00055307 tid=4294825837 BACKEND volume left=13107 right=13107 index=51 attenuation=-1398
00055392 tid=4294809657 AUX SETVOLUME raw=3FFF3FFF left=16383 right=16383
00055406 tid=4294825837 BACKEND volume left=16383 right=16383 index=63 attenuation=-1214
00055492 tid=4294809657 AUX SETVOLUME raw=4CCC4CCC left=19660 right=19660
00055512 tid=4294825837 BACKEND volume left=19660 right=19660 index=76 attenuation=-1051
00055598 tid=4294809657 AUX SETVOLUME raw=59995999 left=22937 right=22937
00055605 tid=4294825837 BACKEND volume left=22937 right=22937 index=89 attenuation=-914
00055724 tid=4294809657 AUX SETVOLUME raw=66666666 left=26214 right=26214
00055736 tid=4294825837 BACKEND volume left=26214 right=26214 index=102 attenuation=-796
00055767 tid=4294825837 BACKEND cursor play=20268 write=21984 delta=2728 phase=0 phase_frames=446027 track=12 offset_frames=446027 generation=0 cycles=0
00055845 tid=4294809657 AUX SETVOLUME raw=73327332 left=29490 right=29490
00055852 tid=4294825837 BACKEND volume left=29490 right=29490 index=115 attenuation=-692
00055972 tid=4294809657 AUX SETVOLUME raw=7FFF7FFF left=32767 right=32767
00055986 tid=4294825837 BACKEND volume left=32767 right=32767 index=127 attenuation=-605
00056069 tid=4294809657 SUMMARY window_ms=1019 time=312 joy=0 status=0 play=0 stop=0 fills=4 bytes=88192 underruns=0 recoveries=0 errors=0 sched_gaps=0 initial_complete=0 provisional_cycles=0 adopted=0 phase=0 phase_frames=452625 generation=0
00056093 tid=4294809657 AUX SETVOLUME raw=8CCC8CCC left=36044 right=36044
00056107 tid=4294825837 BACKEND volume left=36044 right=36044 index=140 attenuation=-521
00056233 tid=4294809657 AUX SETVOLUME raw=99999999 left=39321 right=39321
00056265 tid=4294825837 BACKEND volume left=39321 right=39321 index=153 attenuation=-444
00056625 tid=4294809657 AUX SETVOLUME raw=A665A665 left=42597 right=42597
00056640 tid=4294825837 BACKEND volume left=42597 right=42597 index=166 attenuation=-373
00056748 tid=4294809657 AUX SETVOLUME raw=B332B332 left=45874 right=45874
00056755 tid=4294825837 BACKEND volume left=45874 right=45874 index=179 attenuation=-307
00056786 tid=4294825837 BACKEND cursor play=22000 write=23716 delta=2720 phase=0 phase_frames=468508 track=12 offset_frames=468508 generation=0 cycles=0
00056866 tid=4294809657 AUX SETVOLUME raw=BFFFBFFF left=49151 right=49151
00056886 tid=4294825837 BACKEND volume left=49151 right=49151 index=191 attenuation=-251
00056989 tid=4294809657 AUX SETVOLUME raw=CCCCCCCC left=52428 right=52428
00057006 tid=4294825837 BACKEND volume left=52428 right=52428 index=204 attenuation=-194
00057085 tid=4294809657 SUMMARY window_ms=1016 time=208 joy=0 status=0 play=0 stop=0 fills=4 bytes=88192 underruns=0 recoveries=0 errors=0 sched_gaps=0 initial_complete=0 provisional_cycles=0 adopted=0 phase=0 phase_frames=475087 generation=0
00057112 tid=4294809657 AUX SETVOLUME raw=D998D998 left=55704 right=55704
00057147 tid=4294825837 BACKEND volume left=55704 right=55704 index=217 attenuation=-140
00057236 tid=4294809657 AUX SETVOLUME raw=E665E665 left=58981 right=58981
00057247 tid=4294825837 BACKEND volume left=58981 right=58981 index=230 attenuation=-90
00057336 tid=4294809657 AUX SETVOLUME raw=F332F332 left=62258 right=62258
00057346 tid=4294825837 BACKEND volume left=62258 right=62258 index=243 attenuation=-42
00057470 tid=4294809657 AUX SETVOLUME raw=FFFFFFFF left=65535 right=65535
00057487 tid=4294825837 BACKEND volume left=65535 right=65535 index=255 attenuation=0
00057803 tid=4294825837 BACKEND cursor play=23420 write=25136 delta=4060 phase=0 phase_frames=490911 track=12 offset_frames=490911 generation=0 cycles=0
00058103 tid=4294809657 SUMMARY window_ms=1018 time=333 joy=0 status=0 play=0 stop=0 fills=4 bytes=88192 underruns=0 recoveries=0 errors=0 sched_gaps=0 initial_complete=0 provisional_cycles=0 adopted=0 phase=0 phase_frames=497049 generation=0
00058805 tid=4294825837 BACKEND cursor play=23656 write=25372 delta=2132 phase=0 phase_frames=513018 track=12 offset_frames=513018 generation=0 cycles=0
00059103 tid=4294809657 SUMMARY window_ms=1000 time=318 joy=0 status=0 play=0 stop=0 fills=4 bytes=88192 underruns=0 recoveries=0 errors=0 sched_gaps=0 initial_complete=0 provisional_cycles=0 adopted=0 phase=0 phase_frames=519113 generation=0
00059842 tid=4294825837 BACKEND cursor play=26888 write=28604 delta=3628 phase=0 phase_frames=535874 track=12 offset_frames=535874 generation=0 cycles=0
00060104 tid=4294809657 SUMMARY window_ms=1001 time=245 joy=0 status=0 play=0 stop=0 fills=4 bytes=88192 underruns=0 recoveries=0 errors=0 sched_gaps=0 initial_complete=0 provisional_cycles=0 adopted=0 phase=0 phase_frames=541255 generation=0
00060882 tid=4294825837 BACKEND cursor play=30452 write=32168 delta=5448 phase=0 phase_frames=558813 track=12 offset_frames=558813 generation=0 cycles=0
00061106 tid=4294809657 SUMMARY window_ms=1001 time=235 joy=0 status=0 play=0 stop=0 fills=4 bytes=88192 underruns=0 recoveries=0 errors=0 sched_gaps=0 initial_complete=0 provisional_cycles=0 adopted=0 phase=0 phase_frames=563733 generation=0
00061885 tid=4294825837 BACKEND cursor play=30676 write=32392 delta=2136 phase=0 phase_frames=580917 track=12 offset_frames=580917 generation=0 cycles=0
00062115 tid=4294809657 SUMMARY window_ms=1010 time=272 joy=0 status=0 play=0 stop=0 fills=4 bytes=88192 underruns=0 recoveries=0 errors=0 sched_gaps=0 initial_complete=0 provisional_cycles=0 adopted=0 phase=0 phase_frames=585682 generation=0
00062901 tid=4294825837 BACKEND cursor play=32092 write=33808 delta=3012 phase=0 phase_frames=603319 track=12 offset_frames=603319 generation=0 cycles=0
00063118 tid=4294809657 SUMMARY window_ms=1003 time=312 joy=0 status=0 play=0 stop=0 fills=4 bytes=88192 underruns=0 recoveries=0 errors=0 sched_gaps=0 initial_complete=0 provisional_cycles=0 adopted=0 phase=0 phase_frames=607409 generation=0
00063921 tid=4294825837 BACKEND cursor play=33832 write=35548 delta=3144 phase=0 phase_frames=625802 track=12 offset_frames=625802 generation=0 cycles=0
00064133 tid=4294809657 SUMMARY window_ms=1015 time=312 joy=0 status=0 play=0 stop=0 fills=4 bytes=88192 underruns=0 recoveries=0 errors=0 sched_gaps=0 initial_complete=0 provisional_cycles=0 adopted=0 phase=0 phase_frames=630344 generation=0
00064927 tid=4294825837 BACKEND cursor play=34368 write=36084 delta=1824 phase=0 phase_frames=647984 track=12 offset_frames=647984 generation=0 cycles=0
00065136 tid=4294809657 SUMMARY window_ms=1003 time=256 joy=0 status=0 play=0 stop=0 fills=4 bytes=88192 underruns=0 recoveries=0 errors=0 sched_gaps=0 initial_complete=0 provisional_cycles=0 adopted=0 phase=0 phase_frames=652373 generation=0
00065946 tid=4294825837 BACKEND cursor play=36040 write=37756 delta=2080 phase=0 phase_frames=670450 track=12 offset_frames=670450 generation=0 cycles=0
00066146 tid=4294809657 SUMMARY window_ms=1009 time=312 joy=0 status=0 play=0 stop=0 fills=4 bytes=88192 underruns=0 recoveries=0 errors=0 sched_gaps=0 initial_complete=0 provisional_cycles=0 adopted=0 phase=0 phase_frames=674408 generation=0
00066946 tid=4294825837 BACKEND cursor play=36016 write=37732 delta=2140 phase=0 phase_frames=692492 track=12 offset_frames=692492 generation=0 cycles=0
00067145 tid=4294809657 SUMMARY window_ms=1000 time=314 joy=0 status=0 play=0 stop=0 fills=4 bytes=88192 underruns=0 recoveries=0 errors=0 sched_gaps=0 initial_complete=0 provisional_cycles=0 adopted=0 phase=0 phase_frames=696742 generation=0
00067965 tid=4294825837 BACKEND cursor play=37748 write=39464 delta=2512 phase=0 phase_frames=714973 track=12 offset_frames=714973 generation=0 cycles=0
00068147 tid=4294809657 SUMMARY window_ms=1002 time=296 joy=0 status=0 play=0 stop=0 fills=4 bytes=88192 underruns=0 recoveries=0 errors=0 sched_gaps=0 initial_complete=0 provisional_cycles=0 adopted=0 phase=0 phase_frames=718753 generation=0
00068965 tid=4294825837 BACKEND cursor play=37664 write=39380 delta=2128 phase=0 phase_frames=737000 track=12 offset_frames=737000 generation=0 cycles=0
00069147 tid=4294809657 SUMMARY window_ms=1000 time=312 joy=0 status=0 play=0 stop=0 fills=4 bytes=88192 underruns=0 recoveries=0 errors=0 sched_gaps=0 initial_complete=0 provisional_cycles=0 adopted=0 phase=0 phase_frames=740867 generation=0
00069981 tid=4294825837 BACKEND cursor play=39076 write=40792 delta=4828 phase=0 phase_frames=759401 track=12 offset_frames=759401 generation=0 cycles=0
00070165 tid=4294809657 SUMMARY window_ms=1018 time=321 joy=0 status=0 play=0 stop=0 fills=4 bytes=88192 underruns=0 recoveries=0 errors=0 sched_gaps=0 initial_complete=0 provisional_cycles=0 adopted=0 phase=0 phase_frames=763421 generation=0
00071000 tid=4294825837 BACKEND cursor play=40784 write=42500 delta=2984 phase=0 phase_frames=781876 track=12 offset_frames=781876 generation=0 cycles=0
00071173 tid=4294809657 SUMMARY window_ms=1008 time=259 joy=0 status=0 play=0 stop=0 fills=4 bytes=88192 underruns=0 recoveries=0 errors=0 sched_gaps=0 initial_complete=0 provisional_cycles=0 adopted=0 phase=0 phase_frames=785630 generation=0
00072003 tid=4294825837 BACKEND cursor play=41036 write=42752 delta=3312 phase=0 phase_frames=803987 track=12 offset_frames=803987 generation=0 cycles=0
00072191 tid=4294809657 SUMMARY window_ms=1018 time=195 joy=0 status=0 play=0 stop=0 fills=4 bytes=88192 underruns=0 recoveries=0 errors=0 sched_gaps=0 initial_complete=0 provisional_cycles=0 adopted=0 phase=0 phase_frames=808003 generation=0
00073006 tid=4294825837 BACKEND cursor play=41280 write=42996 delta=1832 phase=0 phase_frames=826096 track=12 offset_frames=826096 generation=0 cycles=0
00073200 tid=4294809657 SUMMARY window_ms=1009 time=160 joy=0 status=0 play=0 stop=0 fills=4 bytes=88192 underruns=0 recoveries=0 errors=0 sched_gaps=0 initial_complete=0 provisional_cycles=0 adopted=0 phase=0 phase_frames=829965 generation=0
00074025 tid=4294825837 BACKEND cursor play=42992 write=612 delta=1804 phase=0 phase_frames=848572 track=12 offset_frames=848572 generation=0 cycles=0
00074210 tid=4294809657 SUMMARY window_ms=1010 time=202 joy=0 status=0 play=0 stop=0 fills=4 bytes=88192 underruns=0 recoveries=0 errors=0 sched_gaps=0 initial_complete=0 provisional_cycles=0 adopted=0 phase=0 phase_frames=852132 generation=0
00075045 tid=4294825837 BACKEND cursor play=648 write=2364 delta=2116 phase=0 phase_frames=871058 track=12 offset_frames=871058 generation=0 cycles=0
00075219 tid=4294809657 SUMMARY window_ms=1009 time=240 joy=0 status=0 play=0 stop=0 fills=4 bytes=88192 underruns=0 recoveries=0 errors=0 sched_gaps=0 initial_complete=0 provisional_cycles=0 adopted=0 phase=0 phase_frames=874614 generation=0
00076061 tid=4294825837 BACKEND cursor play=2056 write=3772 delta=3012 phase=0 phase_frames=893458 track=12 offset_frames=893458 generation=0 cycles=0
00076229 tid=4294809657 SUMMARY window_ms=1010 time=296 joy=0 status=0 play=0 stop=0 fills=4 bytes=88192 underruns=0 recoveries=0 errors=0 sched_gaps=0 initial_complete=0 provisional_cycles=0 adopted=0 phase=0 phase_frames=897137 generation=0
00077064 tid=4294825837 BACKEND cursor play=2296 write=4012 delta=2140 phase=0 phase_frames=915566 track=12 offset_frames=915566 generation=0 cycles=0
00077238 tid=4294809657 SUMMARY window_ms=1009 time=266 joy=0 status=0 play=0 stop=0 fills=4 bytes=88192 underruns=0 recoveries=0 errors=0 sched_gaps=0 initial_complete=0 provisional_cycles=0 adopted=0 phase=0 phase_frames=919122 generation=0
00078081 tid=4294825837 BACKEND cursor play=3824 write=5540 delta=3124 phase=0 phase_frames=937996 track=12 offset_frames=937996 generation=0 cycles=0
00078247 tid=4294809657 SUMMARY window_ms=1009 time=233 joy=0 status=0 play=0 stop=0 fills=4 bytes=88192 underruns=0 recoveries=0 errors=0 sched_gaps=0 initial_complete=0 provisional_cycles=0 adopted=0 phase=0 phase_frames=941603 generation=0
00079086 tid=4294825837 BACKEND cursor play=4244 write=5960 delta=3628 phase=0 phase_frames=960149 track=12 offset_frames=960149 generation=0 cycles=0
00079266 tid=4294809657 SUMMARY window_ms=1019 time=264 joy=0 status=0 play=0 stop=0 fills=4 bytes=88192 underruns=0 recoveries=0 errors=0 sched_gaps=0 initial_complete=0 provisional_cycles=0 adopted=0 phase=0 phase_frames=964084 generation=0
00080104 tid=4294825837 BACKEND cursor play=5836 write=7552 delta=1992 phase=0 phase_frames=982595 track=12 offset_frames=982595 generation=0 cycles=0
00080275 tid=4294809657 SUMMARY window_ms=1009 time=272 joy=0 status=0 play=0 stop=0 fills=4 bytes=88192 underruns=0 recoveries=0 errors=0 sched_gaps=0 initial_complete=0 provisional_cycles=0 adopted=0 phase=0 phase_frames=985738 generation=0
00081105 tid=4294825837 BACKEND cursor play=5900 write=7616 delta=1824 phase=0 phase_frames=1004659 track=12 offset_frames=1004659 generation=0 cycles=0
00081291 tid=4294809657 SUMMARY window_ms=1016 time=318 joy=0 status=0 play=0 stop=0 fills=4 bytes=88192 underruns=0 recoveries=0 errors=0 sched_gaps=0 initial_complete=0 provisional_cycles=0 adopted=0 phase=0 phase_frames=1008669 generation=0
00082125 tid=4294825837 BACKEND cursor play=7636 write=9352 delta=1824 phase=0 phase_frames=1027141 track=12 offset_frames=1027141 generation=0 cycles=0
00082317 tid=4294809657 SUMMARY window_ms=1026 time=320 joy=0 status=0 play=0 stop=0 fills=5 bytes=110240 underruns=0 recoveries=0 errors=0 sched_gaps=0 initial_complete=0 provisional_cycles=0 adopted=0 phase=0 phase_frames=1031151 generation=0
00083161 tid=4294825837 BACKEND cursor play=10828 write=12544 delta=4804 phase=0 phase_frames=1049987 track=12 offset_frames=1049987 generation=0 cycles=0
00083343 tid=4294809657 SUMMARY window_ms=1026 time=312 joy=0 status=0 play=0 stop=0 fills=4 bytes=88192 underruns=0 recoveries=0 errors=0 sched_gaps=0 initial_complete=0 provisional_cycles=0 adopted=0 phase=0 phase_frames=1053178 generation=0
00084181 tid=4294825837 BACKEND cursor play=12600 write=14316 delta=3016 phase=0 phase_frames=1072478 track=12 offset_frames=1072478 generation=0 cycles=0
00084352 tid=4294809657 SUMMARY window_ms=1009 time=248 joy=0 status=0 play=0 stop=0 fills=4 bytes=88192 underruns=0 recoveries=0 errors=0 sched_gaps=0 initial_complete=0 provisional_cycles=0 adopted=0 phase=0 phase_frames=1076106 generation=0
00085184 tid=4294825837 BACKEND cursor play=12836 write=14552 delta=1816 phase=0 phase_frames=1094585 track=12 offset_frames=1094585 generation=0 cycles=0
00085375 tid=4294809657 SUMMARY window_ms=1023 time=304 joy=0 status=0 play=0 stop=0 fills=4 bytes=88192 underruns=0 recoveries=0 errors=0 sched_gaps=0 initial_complete=0 provisional_cycles=0 adopted=0 phase=0 phase_frames=1098516 generation=0
00086186 tid=4294825837 BACKEND cursor play=13048 write=14764 delta=2120 phase=0 phase_frames=1116686 track=12 offset_frames=1116686 generation=0 cycles=0
00086399 tid=4294809657 SUMMARY window_ms=1024 time=234 joy=0 status=0 play=0 stop=0 fills=4 bytes=88192 underruns=0 recoveries=0 errors=0 sched_gaps=0 initial_complete=0 provisional_cycles=0 adopted=0 phase=0 phase_frames=1121302 generation=0
00087206 tid=4294825837 BACKEND cursor play=14776 write=16492 delta=1804 phase=0 phase_frames=1139166 track=12 offset_frames=1139166 generation=0 cycles=0
00087430 tid=4294809657 SUMMARY window_ms=1031 time=228 joy=0 status=0 play=0 stop=0 fills=4 bytes=88192 underruns=0 recoveries=0 errors=0 sched_gaps=0 initial_complete=0 provisional_cycles=0 adopted=0 phase=0 phase_frames=1144011 generation=0
00088222 tid=4294825837 BACKEND cursor play=16196 write=17912 delta=3024 phase=0 phase_frames=1161569 track=12 offset_frames=1161569 generation=0 cycles=0
00088439 tid=4294809657 SUMMARY window_ms=1009 time=234 joy=0 status=0 play=0 stop=0 fills=4 bytes=88192 underruns=0 recoveries=0 errors=0 sched_gaps=0 initial_complete=0 provisional_cycles=0 adopted=0 phase=0 phase_frames=1165863 generation=0
00089225 tid=4294825837 BACKEND cursor play=16444 write=18160 delta=2144 phase=0 phase_frames=1183679 track=12 offset_frames=1183679 generation=0 cycles=0
00089449 tid=4294809657 SUMMARY window_ms=1010 time=272 joy=0 status=0 play=0 stop=0 fills=4 bytes=88192 underruns=0 recoveries=0 errors=0 sched_gaps=0 initial_complete=0 provisional_cycles=0 adopted=0 phase=0 phase_frames=1188520 generation=0
00090245 tid=4294825837 BACKEND cursor play=18168 write=19884 delta=2136 phase=0 phase_frames=1206158 track=12 offset_frames=1206158 generation=0 cycles=0
00090452 tid=4294809657 SUMMARY window_ms=1003 time=302 joy=0 status=0 play=0 stop=0 fills=4 bytes=88192 underruns=0 recoveries=0 errors=0 sched_gaps=0 initial_complete=0 provisional_cycles=0 adopted=0 phase=0 phase_frames=1210631 generation=0
00091247 tid=4294825837 BACKEND cursor play=18392 write=20108 delta=2128 phase=0 phase_frames=1228262 track=12 offset_frames=1228262 generation=0 cycles=0
00091455 tid=4294809657 SUMMARY window_ms=1003 time=277 joy=0 status=0 play=0 stop=0 fills=4 bytes=88192 underruns=0 recoveries=0 errors=0 sched_gaps=0 initial_complete=0 provisional_cycles=0 adopted=0 phase=0 phase_frames=1232651 generation=0
00092267 tid=4294825837 BACKEND cursor play=20120 write=21836 delta=1812 phase=0 phase_frames=1250742 track=12 offset_frames=1250742 generation=0 cycles=0
00092470 tid=4294809657 SUMMARY window_ms=1015 time=276 joy=0 status=0 play=0 stop=0 fills=4 bytes=88192 underruns=0 recoveries=0 errors=0 sched_gaps=0 initial_complete=0 provisional_cycles=0 adopted=0 phase=0 phase_frames=1255131 generation=0
00093303 tid=4294825837 BACKEND cursor play=23360 write=25076 delta=3316 phase=0 phase_frames=1273600 track=12 offset_frames=1273600 generation=0 cycles=0
00093479 tid=4294809657 SUMMARY window_ms=1009 time=305 joy=0 status=0 play=0 stop=0 fills=4 bytes=88192 underruns=0 recoveries=0 errors=0 sched_gaps=0 initial_complete=0 provisional_cycles=0 adopted=0 phase=0 phase_frames=1277160 generation=0
00094306 tid=4294825837 BACKEND cursor play=23604 write=25320 delta=2136 phase=0 phase_frames=1295709 track=12 offset_frames=1295709 generation=0 cycles=0
00094496 tid=4294809657 SUMMARY window_ms=1017 time=280 joy=0 status=0 play=0 stop=0 fills=4 bytes=88192 underruns=0 recoveries=0 errors=0 sched_gaps=0 initial_complete=0 provisional_cycles=0 adopted=0 phase=0 phase_frames=1299570 generation=0
00095347 tid=4294825837 BACKEND cursor play=27144 write=28860 delta=3628 phase=0 phase_frames=1318642 track=12 offset_frames=1318642 generation=0 cycles=0
00095521 tid=4294809657 SUMMARY window_ms=1025 time=240 joy=0 status=0 play=0 stop=0 fills=4 bytes=88192 underruns=0 recoveries=0 errors=0 sched_gaps=0 initial_complete=0 provisional_cycles=0 adopted=0 phase=0 phase_frames=1322045 generation=0
00096365 tid=4294825837 BACKEND cursor play=28764 write=30480 delta=2024 phase=0 phase_frames=1341095 track=12 offset_frames=1341095 generation=0 cycles=0
00096530 tid=4294809657 SUMMARY window_ms=1009 time=232 joy=0 status=0 play=0 stop=0 fills=4 bytes=88192 underruns=0 recoveries=0 errors=0 sched_gaps=0 initial_complete=0 provisional_cycles=0 adopted=0 phase=0 phase_frames=1344604 generation=0
00097382 tid=4294825837 BACKEND cursor play=30292 write=32008 delta=3636 phase=0 phase_frames=1363525 track=12 offset_frames=1363525 generation=0 cycles=0
00097556 tid=4294809657 SUMMARY window_ms=1026 time=240 joy=0 status=0 play=0 stop=0 fills=5 bytes=110240 underruns=0 recoveries=0 errors=0 sched_gaps=0 initial_complete=0 provisional_cycles=0 adopted=0 phase=0 phase_frames=1367009 generation=0
00098386 tid=4294825837 BACKEND cursor play=30564 write=32280 delta=2148 phase=0 phase_frames=1385641 track=12 offset_frames=1385641 generation=0 cycles=0
00098566 tid=4294809657 SUMMARY window_ms=1009 time=240 joy=0 status=0 play=0 stop=0 fills=4 bytes=88192 underruns=0 recoveries=0 errors=0 sched_gaps=0 initial_complete=0 provisional_cycles=0 adopted=0 phase=0 phase_frames=1389608 generation=0
00099408 tid=4294825837 BACKEND cursor play=32584 write=34300 delta=2140 phase=0 phase_frames=1408194 track=12 offset_frames=1408194 generation=0 cycles=0
00099575 tid=4294809657 SUMMARY window_ms=1010 time=240 joy=0 status=0 play=0 stop=0 fills=4 bytes=88192 underruns=0 recoveries=0 errors=0 sched_gaps=0 initial_complete=0 provisional_cycles=0 adopted=0 phase=0 phase_frames=1411228 generation=0
00100425 tid=4294825837 BACKEND cursor play=34000 write=35716 delta=2140 phase=0 phase_frames=1430596 track=12 offset_frames=1430596 generation=0 cycles=0
00100601 tid=4294809657 SUMMARY window_ms=1026 time=248 joy=0 status=0 play=0 stop=0 fills=4 bytes=88192 underruns=0 recoveries=0 errors=0 sched_gaps=0 initial_complete=0 provisional_cycles=0 adopted=0 phase=0 phase_frames=1434160 generation=0
00101426 tid=4294825837 BACKEND cursor play=34160 write=35876 delta=2080 phase=0 phase_frames=1452684 track=12 offset_frames=1452684 generation=0 cycles=0
00101627 tid=4294809657 SUMMARY window_ms=1026 time=280 joy=0 status=0 play=0 stop=0 fills=4 bytes=88192 underruns=0 recoveries=0 errors=0 sched_gaps=0 initial_complete=0 provisional_cycles=0 adopted=0 phase=0 phase_frames=1456633 generation=0
00102426 tid=4294825837 BACKEND cursor play=34124 write=35840 delta=3628 phase=0 phase_frames=1474723 track=12 offset_frames=1474723 generation=0 cycles=0
00102636 tid=4294809657 SUMMARY window_ms=1009 time=264 joy=0 status=0 play=0 stop=0 fills=4 bytes=88192 underruns=0 recoveries=0 errors=0 sched_gaps=0 initial_complete=0 provisional_cycles=0 adopted=0 phase=0 phase_frames=1479113 generation=0
00103448 tid=4294825837 BACKEND cursor play=36040 write=37756 delta=1988 phase=0 phase_frames=1497250 track=12 offset_frames=1497250 generation=0 cycles=0
00103645 tid=4294809657 SUMMARY window_ms=1009 time=302 joy=0 status=0 play=0 stop=0 fills=4 bytes=88192 underruns=0 recoveries=0 errors=0 sched_gaps=0 initial_complete=0 provisional_cycles=0 adopted=0 phase=0 phase_frames=1501517 generation=0
00104466 tid=4294825837 BACKEND cursor play=37596 write=39312 delta=1800 phase=0 phase_frames=1519687 track=12 offset_frames=1519687 generation=0 cycles=0
00104648 tid=4294809657 SUMMARY window_ms=1003 time=318 joy=0 status=0 play=0 stop=0 fills=4 bytes=88192 underruns=0 recoveries=0 errors=0 sched_gaps=0 initial_complete=0 provisional_cycles=0 adopted=0 phase=0 phase_frames=1523224 generation=0
00105485 tid=4294825837 BACKEND cursor play=39328 write=41044 delta=1816 phase=0 phase_frames=1542168 track=12 offset_frames=1542168 generation=0 cycles=0
00105648 tid=4294809657 SUMMARY window_ms=1000 time=313 joy=0 status=0 play=0 stop=0 fills=4 bytes=88192 underruns=0 recoveries=0 errors=0 sched_gaps=0 initial_complete=0 provisional_cycles=0 adopted=0 phase=0 phase_frames=1545727 generation=0
00106491 tid=4294825837 BACKEND cursor play=39840 write=41556 delta=2272 phase=0 phase_frames=1564344 track=12 offset_frames=1564344 generation=0 cycles=0
00106649 tid=4294809657 SUMMARY window_ms=1001 time=320 joy=0 status=0 play=0 stop=0 fills=4 bytes=88192 underruns=0 recoveries=0 errors=0 sched_gaps=0 initial_complete=0 provisional_cycles=0 adopted=0 phase=0 phase_frames=1567722 generation=0
00107500 tid=4294825837 BACKEND cursor play=40668 write=42384 delta=3016 phase=0 phase_frames=1586599 track=12 offset_frames=1586599 generation=0 cycles=0
00107649 tid=4294809657 SUMMARY window_ms=1000 time=289 joy=0 status=0 play=0 stop=0 fills=4 bytes=88192 underruns=0 recoveries=0 errors=0 sched_gaps=0 initial_complete=0 provisional_cycles=0 adopted=0 phase=0 phase_frames=1589702 generation=0
00108520 tid=4294825837 BACKEND cursor play=42400 write=20 delta=2976 phase=0 phase_frames=1609080 track=12 offset_frames=1609080 generation=0 cycles=0
00108658 tid=4294809657 SUMMARY window_ms=1009 time=216 joy=0 status=0 play=0 stop=0 fills=4 bytes=88192 underruns=0 recoveries=0 errors=0 sched_gaps=0 initial_complete=0 provisional_cycles=0 adopted=0 phase=0 phase_frames=1610975 generation=0
00109539 tid=4294825837 BACKEND cursor play=44016 write=1636 delta=4280 phase=0 phase_frames=1631532 track=12 offset_frames=1631532 generation=0 cycles=0
00109668 tid=4294809657 SUMMARY window_ms=1010 time=288 joy=0 status=0 play=0 stop=0 fills=4 bytes=88192 underruns=0 recoveries=0 errors=0 sched_gaps=0 initial_complete=0 provisional_cycles=0 adopted=0 phase=0 phase_frames=1633982 generation=0
00110546 tid=4294825837 BACKEND cursor play=572 write=2288 delta=1812 phase=0 phase_frames=1653743 track=12 offset_frames=1653743 generation=0 cycles=0
00110670 tid=4294809657 SUMMARY window_ms=1002 time=320 joy=0 status=0 play=0 stop=0 fills=4 bytes=88192 underruns=0 recoveries=0 errors=0 sched_gaps=0 initial_complete=0 provisional_cycles=0 adopted=0 phase=0 phase_frames=1656314 generation=0
00111566 tid=4294825837 BACKEND cursor play=2304 write=4020 delta=2572 phase=0 phase_frames=1676224 track=12 offset_frames=1676224 generation=0 cycles=0
00111670 tid=4294809657 SUMMARY window_ms=1000 time=270 joy=0 status=0 play=0 stop=0 fills=4 bytes=88192 underruns=0 recoveries=0 errors=0 sched_gaps=0 initial_complete=0 provisional_cycles=0 adopted=0 phase=0 phase_frames=1678427 generation=0
00112586 tid=4294825837 BACKEND cursor play=4080 write=5796 delta=2180 phase=0 phase_frames=1698716 track=12 offset_frames=1698716 generation=0 cycles=0
00112679 tid=4294809657 SUMMARY window_ms=1009 time=240 joy=0 status=0 play=0 stop=0 fills=4 bytes=88192 underruns=0 recoveries=0 errors=0 sched_gaps=0 initial_complete=0 provisional_cycles=0 adopted=0 phase=0 phase_frames=1700447 generation=0
00113606 tid=4294825837 BACKEND cursor play=5808 write=7524 delta=2132 phase=0 phase_frames=1721196 track=12 offset_frames=1721196 generation=0 cycles=0
00113699 tid=4294809657 SUMMARY window_ms=1020 time=284 joy=0 status=0 play=0 stop=0 fills=4 bytes=88192 underruns=0 recoveries=0 errors=0 sched_gaps=0 initial_complete=0 provisional_cycles=0 adopted=0 phase=0 phase_frames=1722549 generation=0
00114625 tid=4294825837 BACKEND cursor play=7508 write=9224 delta=1828 phase=0 phase_frames=1743669 track=12 offset_frames=1743669 generation=0 cycles=0
00114703 tid=4294809657 SUMMARY window_ms=1004 time=301 joy=0 status=0 play=0 stop=0 fills=4 bytes=88192 underruns=0 recoveries=0 errors=0 sched_gaps=0 initial_complete=0 provisional_cycles=0 adopted=0 phase=0 phase_frames=1744877 generation=0
00115644 tid=4294825837 BACKEND cursor play=9172 write=10888 delta=2068 phase=0 phase_frames=1766133 track=12 offset_frames=1766133 generation=0 cycles=0
00115707 tid=4294809657 SUMMARY window_ms=1004 time=279 joy=0 status=0 play=0 stop=0 fills=4 bytes=88192 underruns=0 recoveries=0 errors=0 sched_gaps=0 initial_complete=0 provisional_cycles=0 adopted=0 phase=0 phase_frames=1767513 generation=0
00116647 tid=4294825837 BACKEND cursor play=9488 write=11204 delta=1844 phase=0 phase_frames=1788260 track=12 offset_frames=1788260 generation=0 cycles=0
00116716 tid=4294809657 SUMMARY window_ms=1009 time=302 joy=0 status=0 play=0 stop=0 fills=4 bytes=88192 underruns=0 recoveries=0 errors=0 sched_gaps=0 initial_complete=0 provisional_cycles=0 adopted=0 phase=0 phase_frames=1789539 generation=0
00117667 tid=4294825837 BACKEND cursor play=11192 write=12908 delta=1812 phase=0 phase_frames=1810734 track=12 offset_frames=1810734 generation=0 cycles=0
00117739 tid=4294809657 SUMMARY window_ms=1023 time=256 joy=0 status=0 play=0 stop=0 fills=4 bytes=88192 underruns=0 recoveries=0 errors=0 sched_gaps=0 initial_complete=0 provisional_cycles=0 adopted=0 phase=0 phase_frames=1812022 generation=0
00118700 tid=4294825837 BACKEND cursor play=14100 write=15816 delta=3312 phase=0 phase_frames=1833509 track=12 offset_frames=1833509 generation=0 cycles=0
00118744 tid=4294809657 SUMMARY window_ms=1005 time=317 joy=0 status=0 play=0 stop=0 fills=4 bytes=88192 underruns=0 recoveries=0 errors=0 sched_gaps=0 initial_complete=0 provisional_cycles=0 adopted=0 phase=0 phase_frames=1834489 generation=0
00119723 tid=4294825837 BACKEND cursor play=16164 write=17880 delta=4540 phase=0 phase_frames=1856073 track=12 offset_frames=1856073 generation=0 cycles=0
00119745 tid=4294809657 SUMMARY window_ms=1001 time=309 joy=0 status=0 play=0 stop=0 fills=4 bytes=88192 underruns=0 recoveries=0 errors=0 sched_gaps=0 initial_complete=0 provisional_cycles=0 adopted=0 phase=0 phase_frames=1856530 generation=0
00120744 tid=4294825837 BACKEND cursor play=17992 write=19708 delta=2060 phase=0 phase_frames=1878578 track=12 offset_frames=1878578 generation=0 cycles=0
00120750 tid=4294809657 SUMMARY window_ms=1005 time=305 joy=0 status=0 play=0 stop=0 fills=4 bytes=88192 underruns=0 recoveries=0 errors=0 sched_gaps=0 initial_complete=0 provisional_cycles=0 adopted=0 phase=0 phase_frames=1878578 generation=0
00121745 tid=4294825837 BACKEND cursor play=18080 write=19796 delta=1772 phase=0 phase_frames=1900648 track=12 offset_frames=1900648 generation=0 cycles=0
00121763 tid=4294809657 SUMMARY window_ms=1013 time=298 joy=0 status=0 play=0 stop=0 fills=4 bytes=88192 underruns=0 recoveries=0 errors=0 sched_gaps=0 initial_complete=0 provisional_cycles=0 adopted=0 phase=0 phase_frames=1900648 generation=0
00122765 tid=4294825837 BACKEND cursor play=19852 write=21568 delta=2208 phase=0 phase_frames=1923139 track=12 offset_frames=1923139 generation=0 cycles=0
00122766 tid=4294809657 SUMMARY window_ms=1002 time=314 joy=0 status=0 play=0 stop=0 fills=4 bytes=88192 underruns=0 recoveries=0 errors=0 sched_gaps=0 initial_complete=0 provisional_cycles=0 adopted=0 phase=0 phase_frames=1923139 generation=0
00123782 tid=4294809657 SUMMARY window_ms=1017 time=321 joy=0 status=0 play=0 stop=0 fills=4 bytes=88192 underruns=0 recoveries=0 errors=0 sched_gaps=0 initial_complete=0 provisional_cycles=0 adopted=0 phase=0 phase_frames=1944937 generation=0
00123785 tid=4294825837 BACKEND cursor play=21596 write=23312 delta=2744 phase=0 phase_frames=1945623 track=12 offset_frames=1945623 generation=0 cycles=0
00124783 tid=4294809657 SUMMARY window_ms=1001 time=310 joy=0 status=0 play=0 stop=0 fills=4 bytes=88192 underruns=0 recoveries=0 errors=0 sched_gaps=0 initial_complete=0 provisional_cycles=0 adopted=0 phase=0 phase_frames=1967271 generation=0
00124802 tid=4294825837 BACKEND cursor play=23060 write=24776 delta=3064 phase=0 phase_frames=1968037 track=12 offset_frames=1968037 generation=0 cycles=0
00125784 tid=4294809657 SUMMARY window_ms=1001 time=312 joy=0 status=0 play=0 stop=0 fills=4 bytes=88192 underruns=0 recoveries=0 errors=0 sched_gaps=0 initial_complete=0 provisional_cycles=0 adopted=0 phase=0 phase_frames=1989298 generation=0
00125804 tid=4294825837 BACKEND cursor play=23244 write=24960 delta=3332 phase=0 phase_frames=1990131 track=12 offset_frames=1990131 generation=0 cycles=0
00126806 tid=4294825837 BACKEND cursor play=23460 write=25176 delta=1812 phase=0 phase_frames=2012233 track=12 offset_frames=2012233 generation=0 cycles=0
00126843 tid=4294809657 SUMMARY window_ms=1058 time=302 joy=0 status=0 play=0 stop=0 fills=5 bytes=110240 underruns=0 recoveries=0 errors=0 sched_gaps=0 initial_complete=0 provisional_cycles=0 adopted=0 phase=0 phase_frames=2012233 generation=0
00127823 tid=4294825837 BACKEND cursor play=24936 write=26652 delta=3372 phase=0 phase_frames=2034650 track=12 offset_frames=2034650 generation=0 cycles=0
00127845 tid=4294809657 SUMMARY window_ms=1002 time=237 joy=0 status=0 play=0 stop=0 fills=4 bytes=88192 underruns=0 recoveries=0 errors=0 sched_gaps=0 initial_complete=0 provisional_cycles=0 adopted=0 phase=0 phase_frames=2034650 generation=0
00128842 tid=4294825837 BACKEND cursor play=26616 write=28332 delta=3940 phase=0 phase_frames=2057118 track=12 offset_frames=2057118 generation=0 cycles=0
00128854 tid=4294809657 SUMMARY window_ms=1010 time=289 joy=0 status=0 play=0 stop=0 fills=4 bytes=88192 underruns=0 recoveries=0 errors=0 sched_gaps=0 initial_complete=0 provisional_cycles=0 adopted=0 phase=0 phase_frames=2057118 generation=0
00129852 tid=4294825837 BACKEND cursor play=27452 write=29168 delta=2732 phase=0 phase_frames=2079375 track=12 offset_frames=2079375 generation=0 cycles=0
00129870 tid=4294809657 SUMMARY window_ms=1016 time=248 joy=0 status=0 play=0 stop=0 fills=4 bytes=88192 underruns=0 recoveries=0 errors=0 sched_gaps=0 initial_complete=0 provisional_cycles=0 adopted=0 phase=0 phase_frames=2079375 generation=0
00130865 tid=4294825837 BACKEND cursor play=28580 write=30296 delta=1816 phase=0 phase_frames=2101705 track=12 offset_frames=2101705 generation=0 cycles=0
00130896 tid=4294809657 SUMMARY window_ms=1026 time=272 joy=0 status=0 play=0 stop=0 fills=4 bytes=88192 underruns=0 recoveries=0 errors=0 sched_gaps=0 initial_complete=0 provisional_cycles=0 adopted=0 phase=0 phase_frames=2102159 generation=0
00131881 tid=4294825837 BACKEND cursor play=30000 write=31716 delta=3016 phase=0 phase_frames=2124108 track=12 offset_frames=2124108 generation=0 cycles=0
00131917 tid=4294809657 SUMMARY window_ms=1021 time=248 joy=0 status=0 play=0 stop=0 fills=4 bytes=88192 underruns=0 recoveries=0 errors=0 sched_gaps=0 initial_complete=0 provisional_cycles=0 adopted=0 phase=0 phase_frames=2124641 generation=0
00132887 tid=4294825837 BACKEND cursor play=30536 write=32252 delta=1916 phase=0 phase_frames=2146290 track=12 offset_frames=2146290 generation=0 cycles=0
00132931 tid=4294809657 SUMMARY window_ms=1014 time=248 joy=0 status=0 play=0 stop=0 fills=4 bytes=88192 underruns=0 recoveries=0 errors=0 sched_gaps=0 initial_complete=0 provisional_cycles=0 adopted=0 phase=0 phase_frames=2147045 generation=0
00133907 tid=4294825837 BACKEND cursor play=32260 write=33976 delta=2088 phase=0 phase_frames=2168769 track=12 offset_frames=2168769 generation=0 cycles=0
00133954 tid=4294809657 SUMMARY window_ms=1023 time=285 joy=0 status=0 play=0 stop=0 fills=4 bytes=88192 underruns=0 recoveries=0 errors=0 sched_gaps=0 initial_complete=0 provisional_cycles=0 adopted=0 phase=0 phase_frames=2169526 generation=0
00134919 tid=4294825837 BACKEND cursor play=33388 write=35104 delta=3020 phase=0 phase_frames=2191099 track=12 offset_frames=2191099 generation=0 cycles=0
00134954 tid=4294809657 SUMMARY window_ms=1000 time=293 joy=0 status=0 play=0 stop=0 fills=4 bytes=88192 underruns=0 recoveries=0 errors=0 sched_gaps=0 initial_complete=0 provisional_cycles=0 adopted=0 phase=0 phase_frames=2191706 generation=0
00135925 tid=4294825837 BACKEND cursor play=33920 write=35636 delta=2132 phase=0 phase_frames=2213280 track=12 offset_frames=2213280 generation=0 cycles=0
00135969 tid=4294809657 SUMMARY window_ms=1015 time=307 joy=0 status=0 play=0 stop=0 fills=4 bytes=88192 underruns=0 recoveries=0 errors=0 sched_gaps=0 initial_complete=0 provisional_cycles=0 adopted=0 phase=0 phase_frames=2214034 generation=0
00136961 tid=4294825837 BACKEND cursor play=37040 write=38756 delta=3208 phase=0 phase_frames=2236108 track=12 offset_frames=2236108 generation=0 cycles=0
00136971 tid=4294809657 SUMMARY window_ms=1002 time=336 joy=0 status=0 play=0 stop=0 fills=4 bytes=88192 underruns=0 recoveries=0 errors=0 sched_gaps=0 initial_complete=0 provisional_cycles=0 adopted=0 phase=0 phase_frames=2236108 generation=0
00137961 tid=4294825837 BACKEND cursor play=37072 write=38788 delta=3020 phase=0 phase_frames=2258164 track=12 offset_frames=2258164 generation=0 cycles=0
00137987 tid=4294809657 SUMMARY window_ms=1016 time=326 joy=0 status=0 play=0 stop=0 fills=4 bytes=88192 underruns=0 recoveries=0 errors=0 sched_gaps=0 initial_complete=0 provisional_cycles=0 adopted=0 phase=0 phase_frames=2258695 generation=0
00138964 tid=4294825837 BACKEND cursor play=37288 write=39004 delta=2116 phase=0 phase_frames=2280266 track=12 offset_frames=2280266 generation=0 cycles=0
00138996 tid=4294809657 SUMMARY window_ms=1009 time=366 joy=0 status=0 play=0 stop=0 fills=4 bytes=88192 underruns=0 recoveries=0 errors=0 sched_gaps=0 initial_complete=0 provisional_cycles=0 adopted=0 phase=0 phase_frames=2280723 generation=0
00139970 tid=4294825837 BACKEND cursor play=37820 write=39536 delta=2112 phase=0 phase_frames=2302447 track=12 offset_frames=2302447 generation=0 cycles=0
00140013 tid=4294809657 SUMMARY window_ms=1017 time=332 joy=0 status=0 play=0 stop=0 fills=4 bytes=88192 underruns=0 recoveries=0 errors=0 sched_gaps=0 initial_complete=0 provisional_cycles=0 adopted=0 phase=0 phase_frames=2302950 generation=0
00140986 tid=4294825837 BACKEND cursor play=39212 write=40928 delta=1808 phase=0 phase_frames=2324843 track=12 offset_frames=2324843 generation=0 cycles=0
00141022 tid=4294809657 SUMMARY window_ms=1009 time=360 joy=0 status=0 play=0 stop=0 fills=4 bytes=88192 underruns=0 recoveries=0 errors=0 sched_gaps=0 initial_complete=0 provisional_cycles=0 adopted=0 phase=0 phase_frames=2325309 generation=0
00142006 tid=4294825837 BACKEND cursor play=40988 write=42704 delta=1820 phase=0 phase_frames=2347335 track=12 offset_frames=2347335 generation=0 cycles=0
00142043 tid=4294809657 SUMMARY window_ms=1021 time=328 joy=0 status=0 play=0 stop=0 fills=4 bytes=88192 underruns=0 recoveries=0 errors=0 sched_gaps=0 initial_complete=0 provisional_cycles=0 adopted=0 phase=0 phase_frames=2347790 generation=0
00143026 tid=4294825837 BACKEND cursor play=42732 write=352 delta=1824 phase=0 phase_frames=2369819 track=12 offset_frames=2369819 generation=0 cycles=0
00143045 tid=4294809657 SUMMARY window_ms=1001 time=317 joy=0 status=0 play=0 stop=0 fills=4 bytes=88192 underruns=0 recoveries=0 errors=0 sched_gaps=0 initial_complete=0 provisional_cycles=0 adopted=0 phase=0 phase_frames=2369819 generation=0
00144045 tid=4294825837 BACKEND cursor play=360 write=2076 delta=2136 phase=0 phase_frames=2392298 track=12 offset_frames=2392298 generation=0 cycles=0
00144050 tid=4294809657 SUMMARY window_ms=1006 time=337 joy=0 status=0 play=0 stop=0 fills=5 bytes=110240 underruns=0 recoveries=0 errors=0 sched_gaps=0 initial_complete=0 provisional_cycles=0 adopted=0 phase=0 phase_frames=2392298 generation=0
00145054 tid=4294809657 SUMMARY window_ms=1004 time=320 joy=0 status=0 play=0 stop=0 fills=4 bytes=88192 underruns=0 recoveries=0 errors=0 sched_gaps=0 initial_complete=0 provisional_cycles=0 adopted=0 phase=0 phase_frames=2414325 generation=0
00145086 tid=4294825837 BACKEND cursor play=3912 write=5628 delta=3636 phase=0 phase_frames=2415234 track=12 offset_frames=2415234 generation=0 cycles=0
00146056 tid=4294809657 SUMMARY window_ms=1002 time=313 joy=0 status=0 play=0 stop=0 fills=4 bytes=88192 underruns=0 recoveries=0 errors=0 sched_gaps=0 initial_complete=0 provisional_cycles=0 adopted=0 phase=0 phase_frames=2436430 generation=0
00146106 tid=4294825837 BACKEND cursor play=5696 write=7412 delta=5192 phase=0 phase_frames=2437728 track=12 offset_frames=2437728 generation=0 cycles=0
00147056 tid=4294809657 SUMMARY window_ms=1000 time=315 joy=0 status=0 play=0 stop=0 fills=4 bytes=88192 underruns=0 recoveries=0 errors=0 sched_gaps=0 initial_complete=0 provisional_cycles=0 adopted=0 phase=0 phase_frames=2458456 generation=0
00147125 tid=4294825837 BACKEND cursor play=7416 write=9132 delta=2168 phase=0 phase_frames=2460206 track=12 offset_frames=2460206 generation=0 cycles=0
00148071 tid=4294809657 SUMMARY window_ms=1015 time=320 joy=0 status=1 play=0 stop=0 fills=4 bytes=88192 underruns=0 recoveries=0 errors=0 sched_gaps=0 initial_complete=0 provisional_cycles=0 adopted=0 phase=0 phase_frames=2480939 generation=0
00148145 tid=4294825837 BACKEND cursor play=9116 write=10832 delta=2136 phase=0 phase_frames=2482679 track=12 offset_frames=2482679 generation=0 cycles=0
00149074 tid=4294809657 SUMMARY window_ms=1003 time=318 joy=0 status=0 play=0 stop=0 fills=4 bytes=88192 underruns=0 recoveries=0 errors=0 sched_gaps=0 initial_complete=0 provisional_cycles=0 adopted=0 phase=0 phase_frames=2502967 generation=0
00149161 tid=4294825837 BACKEND cursor play=10544 write=12260 delta=3292 phase=0 phase_frames=2505084 track=12 offset_frames=2505084 generation=0 cycles=0
00150076 tid=4294809657 SUMMARY window_ms=1002 time=315 joy=0 status=0 play=0 stop=0 fills=4 bytes=88192 underruns=0 recoveries=0 errors=0 sched_gaps=0 initial_complete=0 provisional_cycles=0 adopted=0 phase=0 phase_frames=2524612 generation=0
00150167 tid=4294825837 BACKEND cursor play=11072 write=12788 delta=1824 phase=0 phase_frames=2527264 track=12 offset_frames=2527264 generation=0 cycles=0
00151094 tid=4294809657 SUMMARY window_ms=1017 time=323 joy=0 status=0 play=0 stop=0 fills=4 bytes=88192 underruns=0 recoveries=0 errors=0 sched_gaps=0 initial_complete=0 provisional_cycles=0 adopted=0 phase=0 phase_frames=2547476 generation=0
00151183 tid=4294825837 BACKEND cursor play=12484 write=14200 delta=3312 phase=0 phase_frames=2549665 track=12 offset_frames=2549665 generation=0 cycles=0
00152101 tid=4294809657 SUMMARY window_ms=1008 time=318 joy=0 status=0 play=0 stop=0 fills=4 bytes=88192 underruns=0 recoveries=0 errors=0 sched_gaps=0 initial_complete=0 provisional_cycles=0 adopted=0 phase=0 phase_frames=2569499 generation=0
00152186 tid=4294825837 BACKEND cursor play=12736 write=14452 delta=1832 phase=0 phase_frames=2571776 track=12 offset_frames=2571776 generation=0 cycles=0
00153101 tid=4294809657 SUMMARY window_ms=1000 time=320 joy=0 status=0 play=0 stop=0 fills=4 bytes=88192 underruns=0 recoveries=0 errors=0 sched_gaps=0 initial_complete=0 provisional_cycles=0 adopted=0 phase=0 phase_frames=2591526 generation=0
00153204 tid=4294825837 BACKEND cursor play=14340 write=16056 delta=2020 phase=0 phase_frames=2594225 track=12 offset_frames=2594225 generation=0 cycles=0
00154119 tid=4294809657 SUMMARY window_ms=1018 time=318 joy=0 status=0 play=0 stop=0 fills=4 bytes=88192 underruns=0 recoveries=0 errors=0 sched_gaps=0 initial_complete=0 provisional_cycles=0 adopted=0 phase=0 phase_frames=2614089 generation=0
00154225 tid=4294825837 BACKEND cursor play=16188 write=17904 delta=2288 phase=0 phase_frames=2616735 track=12 offset_frames=2616735 generation=0 cycles=0
00155136 tid=4294809657 SUMMARY window_ms=1017 time=328 joy=0 status=0 play=0 stop=0 fills=4 bytes=88192 underruns=0 recoveries=0 errors=0 sched_gaps=0 initial_complete=0 provisional_cycles=0 adopted=0 phase=0 phase_frames=2636570 generation=0
00155241 tid=4294825837 BACKEND cursor play=17604 write=19320 delta=3016 phase=0 phase_frames=2639137 track=12 offset_frames=2639137 generation=0 cycles=0
00156138 tid=4294809657 SUMMARY window_ms=1002 time=302 joy=0 status=0 play=0 stop=0 fills=4 bytes=88192 underruns=0 recoveries=0 errors=0 sched_gaps=0 initial_complete=0 provisional_cycles=0 adopted=0 phase=0 phase_frames=2658215 generation=0
00156248 tid=4294825837 BACKEND cursor play=18160 write=19876 delta=1836 phase=0 phase_frames=2661324 track=12 offset_frames=2661324 generation=0 cycles=0
00157138 tid=4294809657 SUMMARY window_ms=1000 time=310 joy=0 status=0 play=0 stop=0 fills=4 bytes=88192 underruns=0 recoveries=0 errors=0 sched_gaps=0 initial_complete=0 provisional_cycles=0 adopted=0 phase=0 phase_frames=2680700 generation=0
00157270 tid=4294825837 BACKEND cursor play=20132 write=21848 delta=2068 phase=0 phase_frames=2683865 track=12 offset_frames=2683865 generation=0 cycles=0
00158143 tid=4294809657 SUMMARY window_ms=1005 time=304 joy=0 status=0 play=0 stop=0 fills=4 bytes=88192 underruns=0 recoveries=0 errors=0 sched_gaps=0 initial_complete=0 provisional_cycles=0 adopted=0 phase=0 phase_frames=2702646 generation=0
00158273 tid=4294825837 BACKEND cursor play=20400 write=22116 delta=2380 phase=0 phase_frames=2705980 track=12 offset_frames=2705980 generation=0 cycles=0
00159145 tid=4294809657 SUMMARY window_ms=1001 time=321 joy=0 status=0 play=0 stop=0 fills=4 bytes=88192 underruns=0 recoveries=0 errors=0 sched_gaps=0 initial_complete=0 provisional_cycles=0 adopted=0 phase=0 phase_frames=2724751 generation=0
00159288 tid=4294825837 BACKEND cursor play=21720 write=23436 delta=1992 phase=0 phase_frames=2728358 track=12 offset_frames=2728358 generation=0 cycles=0
00160165 tid=4294809657 SUMMARY window_ms=1021 time=332 joy=0 status=0 play=0 stop=0 fills=4 bytes=88192 underruns=0 recoveries=0 errors=0 sched_gaps=0 initial_complete=0 provisional_cycles=0 adopted=0 phase=0 phase_frames=2747681 generation=0
00160316 tid=4294825837 BACKEND cursor play=24156 write=25872 delta=2712 phase=0 phase_frames=2751015 track=12 offset_frames=2751015 generation=0 cycles=0
00161191 tid=4294809657 SUMMARY window_ms=1026 time=296 joy=0 status=0 play=0 stop=0 fills=4 bytes=88192 underruns=0 recoveries=0 errors=0 sched_gaps=0 initial_complete=0 provisional_cycles=0 adopted=0 phase=0 phase_frames=2770090 generation=0
00161325 tid=4294825837 BACKEND cursor play=24996 write=26712 delta=2424 phase=0 phase_frames=2773273 track=12 offset_frames=2773273 generation=0 cycles=0
00162201 tid=4294809657 SUMMARY window_ms=1010 time=248 joy=0 status=0 play=0 stop=0 fills=4 bytes=88192 underruns=0 recoveries=0 errors=0 sched_gaps=0 initial_complete=0 provisional_cycles=0 adopted=0 phase=0 phase_frames=2792551 generation=0
00162345 tid=4294825837 BACKEND cursor play=26736 write=28452 delta=3028 phase=0 phase_frames=2795756 track=12 offset_frames=2795756 generation=0 cycles=0
00163205 tid=4294809657 SUMMARY window_ms=1004 time=288 joy=0 status=0 play=0 stop=0 fills=4 bytes=88192 underruns=0 recoveries=0 errors=0 sched_gaps=0 initial_complete=0 provisional_cycles=0 adopted=0 phase=0 phase_frames=2814299 generation=0
00163365 tid=4294825837 BACKEND cursor play=28464 write=30180 delta=2136 phase=0 phase_frames=2818236 track=12 offset_frames=2818236 generation=0 cycles=0
00164220 tid=4294809657 SUMMARY window_ms=1015 time=316 joy=0 status=0 play=0 stop=0 fills=4 bytes=88192 underruns=0 recoveries=0 errors=0 sched_gaps=0 initial_complete=0 provisional_cycles=0 adopted=0 phase=0 phase_frames=2836780 generation=0
00164402 tid=4294825837 BACKEND cursor play=31696 write=33412 delta=3588 phase=0 phase_frames=2841092 track=12 offset_frames=2841092 generation=0 cycles=0
00165238 tid=4294809657 SUMMARY window_ms=1018 time=320 joy=0 status=0 play=0 stop=0 fills=4 bytes=88192 underruns=0 recoveries=0 errors=0 sched_gaps=0 initial_complete=0 provisional_cycles=0 adopted=0 phase=0 phase_frames=2859260 generation=0
00165404 tid=4294825837 BACKEND cursor play=31928 write=33644 delta=1832 phase=0 phase_frames=2863198 track=12 offset_frames=2863198 generation=0 cycles=0
00166248 tid=4294809657 SUMMARY window_ms=1010 time=320 joy=0 status=0 play=0 stop=0 fills=4 bytes=88192 underruns=0 recoveries=0 errors=0 sched_gaps=0 initial_complete=0 provisional_cycles=0 adopted=0 phase=0 phase_frames=2881743 generation=0
00166420 tid=4294825837 BACKEND cursor play=33344 write=35060 delta=3132 phase=0 phase_frames=2885600 track=12 offset_frames=2885600 generation=0 cycles=0
00167264 tid=4294809657 SUMMARY window_ms=1016 time=264 joy=0 status=0 play=0 stop=0 fills=4 bytes=88192 underruns=0 recoveries=0 errors=0 sched_gaps=0 initial_complete=0 provisional_cycles=0 adopted=0 phase=0 phase_frames=2903779 generation=0
00167426 tid=4294825837 BACKEND cursor play=33876 write=35592 delta=1812 phase=0 phase_frames=2907781 track=12 offset_frames=2907781 generation=0 cycles=0
00168290 tid=4294809657 SUMMARY window_ms=1026 time=248 joy=0 status=0 play=0 stop=0 fills=4 bytes=88192 underruns=0 recoveries=0 errors=0 sched_gaps=0 initial_complete=0 provisional_cycles=0 adopted=0 phase=0 phase_frames=2926704 generation=0
00168443 tid=4294825837 BACKEND cursor play=35312 write=37028 delta=3256 phase=0 phase_frames=2930188 track=12 offset_frames=2930188 generation=0 cycles=0
00169316 tid=4294809657 SUMMARY window_ms=1026 time=248 joy=0 status=0 play=0 stop=0 fills=5 bytes=110240 underruns=0 recoveries=0 errors=0 sched_gaps=0 initial_complete=0 provisional_cycles=0 adopted=0 phase=0 phase_frames=2949109 generation=0
00169445 tid=4294825837 BACKEND cursor play=35536 write=37252 delta=2736 phase=0 phase_frames=2952292 track=12 offset_frames=2952292 generation=0 cycles=0
00170342 tid=4294809657 SUMMARY window_ms=1026 time=240 joy=0 status=0 play=0 stop=0 fills=4 bytes=88192 underruns=0 recoveries=0 errors=0 sched_gaps=0 initial_complete=0 provisional_cycles=0 adopted=0 phase=0 phase_frames=2971419 generation=0
00170465 tid=4294825837 BACKEND cursor play=37296 write=39012 delta=1844 phase=0 phase_frames=2974780 track=12 offset_frames=2974780 generation=0 cycles=0
00171344 tid=4294809657 SUMMARY window_ms=1002 time=321 joy=0 status=0 play=0 stop=0 fills=4 bytes=88192 underruns=0 recoveries=0 errors=0 sched_gaps=0 initial_complete=0 provisional_cycles=0 adopted=0 phase=0 phase_frames=2993317 generation=0
00171485 tid=4294825837 BACKEND cursor play=39000 write=40716 delta=2132 phase=0 phase_frames=2997254 track=12 offset_frames=2997254 generation=0 cycles=0
00172344 tid=4294809657 SUMMARY window_ms=1000 time=318 joy=0 status=0 play=0 stop=0 fills=4 bytes=88192 underruns=0 recoveries=0 errors=0 sched_gaps=0 initial_complete=0 provisional_cycles=0 adopted=0 phase=0 phase_frames=3016175 generation=0
00172501 tid=4294825837 BACKEND cursor play=40416 write=42132 delta=3020 phase=0 phase_frames=3019656 track=12 offset_frames=3019656 generation=0 cycles=0
00173353 tid=4294809657 SUMMARY window_ms=1009 time=304 joy=0 status=0 play=0 stop=0 fills=4 bytes=88192 underruns=0 recoveries=0 errors=0 sched_gaps=0 initial_complete=0 provisional_cycles=0 adopted=0 phase=0 phase_frames=3038165 generation=0
00173518 tid=4294825837 BACKEND cursor play=41976 write=43692 delta=2840 phase=0 phase_frames=3042094 track=12 offset_frames=3042094 generation=0 cycles=0
00174379 tid=4294809657 SUMMARY window_ms=1026 time=240 joy=0 status=0 play=0 stop=0 fills=4 bytes=88192 underruns=0 recoveries=0 errors=0 sched_gaps=0 initial_complete=0 provisional_cycles=0 adopted=0 phase=0 phase_frames=3060762 generation=0
00174527 tid=4294825837 BACKEND cursor play=42724 write=344 delta=1856 phase=0 phase_frames=3064329 track=12 offset_frames=3064329 generation=0 cycles=0
00175405 tid=4294809657 SUMMARY window_ms=1026 time=208 joy=0 status=0 play=0 stop=0 fills=4 bytes=88192 underruns=0 recoveries=0 errors=0 sched_gaps=0 initial_complete=0 provisional_cycles=0 adopted=0 phase=0 phase_frames=3083680 generation=0
00175563 tid=4294825837 BACKEND cursor play=1828 write=3544 delta=3268 phase=0 phase_frames=3087177 track=12 offset_frames=3087177 generation=0 cycles=0
00176430 tid=4294809657 SUMMARY window_ms=1025 time=240 joy=0 status=0 play=0 stop=0 fills=4 bytes=88192 underruns=0 recoveries=0 errors=0 sched_gaps=0 initial_complete=0 provisional_cycles=0 adopted=0 phase=0 phase_frames=3106179 generation=0
00176567 tid=4294825837 BACKEND cursor play=2100 write=3816 delta=2172 phase=0 phase_frames=3109293 track=12 offset_frames=3109293 generation=0 cycles=0
00177456 tid=4294809657 SUMMARY window_ms=1026 time=289 joy=0 status=0 play=0 stop=0 fills=4 bytes=88192 underruns=0 recoveries=0 errors=0 sched_gaps=0 initial_complete=0 provisional_cycles=0 adopted=0 phase=0 phase_frames=3128661 generation=0
00177579 tid=4294825837 BACKEND cursor play=3160 write=4876 delta=3004 phase=0 phase_frames=3131606 track=12 offset_frames=3131606 generation=0 cycles=0
00178466 tid=4294809657 SUMMARY window_ms=1010 time=241 joy=0 status=0 play=0 stop=0 fills=4 bytes=88192 underruns=0 recoveries=0 errors=0 sched_gaps=0 initial_complete=0 provisional_cycles=0 adopted=0 phase=0 phase_frames=3151070 generation=0
00178585 tid=4294825837 BACKEND cursor play=3716 write=5432 delta=2140 phase=0 phase_frames=3153793 track=12 offset_frames=3153793 generation=0 cycles=0
00179475 tid=4294809657 SUMMARY window_ms=1009 time=248 joy=0 status=0 play=0 stop=0 fills=4 bytes=88192 underruns=0 recoveries=0 errors=0 sched_gaps=0 initial_complete=0 provisional_cycles=0 adopted=0 phase=0 phase_frames=3173169 generation=0
00179601 tid=4294825837 BACKEND cursor play=5120 write=6836 delta=4404 phase=0 phase_frames=3176192 track=12 offset_frames=3176192 generation=0 cycles=0
00180501 tid=4294809657 SUMMARY window_ms=1026 time=248 joy=0 status=0 play=0 stop=0 fills=4 bytes=88192 underruns=0 recoveries=0 errors=0 sched_gaps=0 initial_complete=0 provisional_cycles=0 adopted=0 phase=0 phase_frames=3195727 generation=0
00180624 tid=4294825837 BACKEND cursor play=7176 write=8892 delta=2200 phase=0 phase_frames=3198754 track=12 offset_frames=3198754 generation=0 cycles=0
00181522 tid=4294809657 SUMMARY window_ms=1021 time=262 joy=0 status=0 play=0 stop=0 fills=4 bytes=88192 underruns=0 recoveries=0 errors=0 sched_gaps=0 initial_complete=0 provisional_cycles=0 adopted=0 phase=0 phase_frames=3218208 generation=0
00181643 tid=4294825837 BACKEND cursor play=8784 write=10500 delta=3188 phase=0 phase_frames=3221204 track=12 offset_frames=3221204 generation=0 cycles=0
00182536 tid=4294809657 SUMMARY window_ms=1014 time=311 joy=0 status=0 play=0 stop=0 fills=4 bytes=88192 underruns=0 recoveries=0 errors=0 sched_gaps=0 initial_complete=0 provisional_cycles=0 adopted=0 phase=0 phase_frames=3240689 generation=0
00182643 tid=4294825837 BACKEND cursor play=8808 write=10524 delta=1808 phase=0 phase_frames=3243258 track=12 offset_frames=3243258 generation=0 cycles=0
00183556 tid=4294809657 SUMMARY window_ms=1020 time=320 joy=0 status=0 play=0 stop=0 fills=5 bytes=110240 underruns=0 recoveries=0 errors=0 sched_gaps=0 initial_complete=0 provisional_cycles=0 adopted=0 phase=0 phase_frames=3263169 generation=0
00183646 tid=4294825837 BACKEND cursor play=9044 write=10760 delta=2128 phase=0 phase_frames=3265365 track=12 offset_frames=3265365 generation=0 cycles=0
00184571 tid=4294809657 SUMMARY window_ms=1015 time=240 joy=0 status=0 play=0 stop=0 fills=4 bytes=88192 underruns=0 recoveries=0 errors=0 sched_gaps=0 initial_complete=0 provisional_cycles=0 adopted=0 phase=0 phase_frames=3285651 generation=0
00184665 tid=4294825837 BACKEND cursor play=10772 write=12488 delta=1812 phase=0 phase_frames=3287845 track=12 offset_frames=3287845 generation=0 cycles=0
00185581 tid=4294809657 SUMMARY window_ms=1010 time=248 joy=0 status=0 play=0 stop=0 fills=4 bytes=88192 underruns=0 recoveries=0 errors=0 sched_gaps=0 initial_complete=0 provisional_cycles=0 adopted=0 phase=0 phase_frames=3307603 generation=0
00185702 tid=4294825837 BACKEND cursor play=14012 write=15728 delta=3628 phase=0 phase_frames=3310703 track=12 offset_frames=3310703 generation=0 cycles=0
00186590 tid=4294809657 SUMMARY window_ms=1009 time=280 joy=0 status=0 play=0 stop=0 fills=4 bytes=88192 underruns=0 recoveries=0 errors=0 sched_gaps=0 initial_complete=0 provisional_cycles=0 adopted=0 phase=0 phase_frames=3329749 generation=0
00186705 tid=4294825837 BACKEND cursor play=14248 write=15964 delta=2732 phase=0 phase_frames=3332810 track=12 offset_frames=3332810 generation=0 cycles=0
00187592 tid=4294809657 SUMMARY window_ms=1002 time=318 joy=0 status=0 play=0 stop=0 fills=4 bytes=88192 underruns=0 recoveries=0 errors=0 sched_gaps=0 initial_complete=0 provisional_cycles=0 adopted=0 phase=0 phase_frames=3352187 generation=0
00187725 tid=4294825837 BACKEND cursor play=15996 write=17712 delta=1832 phase=0 phase_frames=3355295 track=12 offset_frames=3355295 generation=0 cycles=0
00188602 tid=4294809657 SUMMARY window_ms=1010 time=320 joy=0 status=0 play=0 stop=0 fills=4 bytes=88192 underruns=0 recoveries=0 errors=0 sched_gaps=0 initial_complete=0 provisional_cycles=0 adopted=0 phase=0 phase_frames=3374291 generation=0
00188741 tid=4294825837 BACKEND cursor play=17396 write=19112 delta=3044 phase=0 phase_frames=3377693 track=12 offset_frames=3377693 generation=0 cycles=0
00189602 tid=4294809657 SUMMARY window_ms=1000 time=324 joy=0 status=0 play=0 stop=0 fills=4 bytes=88192 underruns=0 recoveries=0 errors=0 sched_gaps=0 initial_complete=0 provisional_cycles=0 adopted=0 phase=0 phase_frames=3396664 generation=0
00189747 tid=4294825837 BACKEND cursor play=17928 write=19644 delta=1812 phase=0 phase_frames=3399874 track=12 offset_frames=3399874 generation=0 cycles=0
00190623 tid=4294809657 SUMMARY window_ms=1021 time=308 joy=0 status=0 play=0 stop=0 fills=4 bytes=88192 underruns=0 recoveries=0 errors=0 sched_gaps=0 initial_complete=0 provisional_cycles=0 adopted=0 phase=0 phase_frames=3418720 generation=0
00190763 tid=4294825837 BACKEND cursor play=19364 write=21080 delta=3328 phase=0 phase_frames=3422281 track=12 offset_frames=3422281 generation=0 cycles=0
00191626 tid=4294809657 SUMMARY window_ms=1003 time=277 joy=0 status=0 play=0 stop=0 fills=4 bytes=88192 underruns=0 recoveries=0 errors=0 sched_gaps=0 initial_complete=0 provisional_cycles=0 adopted=0 phase=0 phase_frames=3441169 generation=0
00191802 tid=4294825837 BACKEND cursor play=22800 write=24516 delta=3524 phase=0 phase_frames=3445188 track=12 offset_frames=3445188 generation=0 cycles=0
00192662 tid=4294809657 SUMMARY window_ms=1036 time=163 joy=0 status=0 play=0 stop=0 fills=4 bytes=88192 underruns=0 recoveries=0 errors=0 sched_gaps=0 initial_complete=0 provisional_cycles=0 adopted=0 phase=0 phase_frames=3463695 generation=0
00192806 tid=4294825837 BACKEND cursor play=23136 write=24852 delta=2536 phase=0 phase_frames=3467320 track=12 offset_frames=3467320 generation=0 cycles=0
00193688 tid=4294809657 SUMMARY window_ms=1026 time=226 joy=0 status=0 play=0 stop=0 fills=4 bytes=88192 underruns=0 recoveries=0 errors=0 sched_gaps=0 initial_complete=0 provisional_cycles=0 adopted=0 phase=0 phase_frames=3486618 generation=0
00193867 tid=4294825837 BACKEND cursor play=28504 write=30220 delta=5412 phase=0 phase_frames=3490710 track=12 offset_frames=3490710 generation=0 cycles=0
00194697 tid=4294809657 SUMMARY window_ms=1009 time=240 joy=0 status=0 play=0 stop=0 fills=4 bytes=88192 underruns=0 recoveries=0 errors=0 sched_gaps=0 initial_complete=0 provisional_cycles=0 adopted=0 phase=0 phase_frames=3508664 generation=0
00194891 tid=4294825837 BACKEND cursor play=30632 write=32348 delta=2200 phase=0 phase_frames=3513290 track=12 offset_frames=3513290 generation=0 cycles=0
00195710 tid=4294809657 SUMMARY window_ms=1013 time=248 joy=0 status=0 play=0 stop=0 fills=4 bytes=88192 underruns=0 recoveries=0 errors=0 sched_gaps=0 initial_complete=0 provisional_cycles=0 adopted=0 phase=0 phase_frames=3531293 generation=0
00195923 tid=4294825837 BACKEND cursor play=33440 write=35156 delta=3236 phase=0 phase_frames=3536040 track=12 offset_frames=3536040 generation=0 cycles=0
00196716 tid=4294809657 SUMMARY window_ms=1006 time=240 joy=0 status=0 play=0 stop=0 fills=4 bytes=88192 underruns=0 recoveries=0 errors=0 sched_gaps=0 initial_complete=0 provisional_cycles=0 adopted=0 phase=0 phase_frames=3553080 generation=0
00196926 tid=4294825837 BACKEND cursor play=33700 write=35416 delta=1812 phase=0 phase_frames=3558153 track=12 offset_frames=3558153 generation=0 cycles=0
00197726 tid=4294809657 SUMMARY window_ms=1009 time=300 joy=0 status=0 play=0 stop=0 fills=4 bytes=88192 underruns=0 recoveries=0 errors=0 sched_gaps=0 initial_complete=0 provisional_cycles=0 adopted=0 phase=0 phase_frames=3575781 generation=0
00197946 tid=4294825837 BACKEND cursor play=35444 write=37160 delta=1820 phase=0 phase_frames=3580637 track=12 offset_frames=3580637 generation=0 cycles=0
00198734 tid=4294809657 SUMMARY window_ms=1009 time=240 joy=0 status=0 play=0 stop=0 fills=4 bytes=88192 underruns=0 recoveries=0 errors=0 sched_gaps=0 initial_complete=0 provisional_cycles=0 adopted=0 phase=0 phase_frames=3597819 generation=0
00198965 tid=4294825837 BACKEND cursor play=37164 write=38880 delta=1780 phase=0 phase_frames=3603115 track=12 offset_frames=3603115 generation=0 cycles=0
00199744 tid=4294809657 SUMMARY window_ms=1010 time=224 joy=0 status=0 play=0 stop=0 fills=4 bytes=88192 underruns=0 recoveries=0 errors=0 sched_gaps=0 initial_complete=0 provisional_cycles=0 adopted=0 phase=0 phase_frames=3620227 generation=0
00199985 tid=4294825837 BACKEND cursor play=38904 write=40620 delta=2128 phase=0 phase_frames=3625598 track=12 offset_frames=3625598 generation=0 cycles=0
00200786 tid=4294809657 SUMMARY window_ms=1042 time=192 joy=0 status=0 play=0 stop=0 fills=4 bytes=88192 underruns=0 recoveries=0 errors=0 sched_gaps=0 initial_complete=0 provisional_cycles=0 adopted=0 phase=0 phase_frames=3643235 generation=0
00201001 tid=4294825837 BACKEND cursor play=40328 write=42044 delta=4508 phase=0 phase_frames=3648002 track=12 offset_frames=3648002 generation=0 cycles=0
00201829 tid=4294809657 SUMMARY window_ms=1043 time=184 joy=0 status=0 play=0 stop=0 fills=5 bytes=110240 underruns=0 recoveries=0 errors=0 sched_gaps=0 initial_complete=0 provisional_cycles=0 adopted=0 phase=0 phase_frames=3665637 generation=0
00202004 tid=4294825837 BACKEND cursor play=40560 write=42276 delta=1824 phase=0 phase_frames=3670108 track=12 offset_frames=3670108 generation=0 cycles=0
00202838 tid=4294809657 SUMMARY window_ms=1009 time=288 joy=0 status=0 play=0 stop=0 fills=4 bytes=88192 underruns=0 recoveries=0 errors=0 sched_gaps=0 initial_complete=0 provisional_cycles=0 adopted=0 phase=0 phase_frames=3688120 generation=0
00203020 tid=4294825837 BACKEND cursor play=41972 write=43688 delta=3016 phase=0 phase_frames=3692509 track=12 offset_frames=3692509 generation=0 cycles=0
00203856 tid=4294809657 SUMMARY window_ms=1018 time=322 joy=0 status=0 play=0 stop=0 fills=4 bytes=88192 underruns=0 recoveries=0 errors=0 sched_gaps=0 initial_complete=0 provisional_cycles=0 adopted=0 phase=0 phase_frames=3709846 generation=0
00204026 tid=4294825837 BACKEND cursor play=42508 write=128 delta=1816 phase=0 phase_frames=3714691 track=12 offset_frames=3714691 generation=0 cycles=0
00204857 tid=4294809657 SUMMARY window_ms=1000 time=254 joy=0 status=0 play=0 stop=0 fills=4 bytes=88192 underruns=0 recoveries=0 errors=0 sched_gaps=0 initial_complete=0 provisional_cycles=0 adopted=0 phase=0 phase_frames=3732786 generation=0
00205026 tid=4294825837 BACKEND cursor play=42460 write=80 delta=1848 phase=0 phase_frames=3736727 track=12 offset_frames=3736727 generation=0 cycles=0
00205859 tid=4294809657 SUMMARY window_ms=1003 time=256 joy=0 status=0 play=0 stop=0 fills=4 bytes=88192 underruns=0 recoveries=0 errors=0 sched_gaps=0 initial_complete=0 provisional_cycles=0 adopted=0 phase=0 phase_frames=3754656 generation=0
00206045 tid=4294825837 BACKEND cursor play=64 write=1780 delta=2128 phase=0 phase_frames=3759200 track=12 offset_frames=3759200 generation=0 cycles=0
00206868 tid=4294809657 SUMMARY window_ms=1009 time=320 joy=0 status=0 play=0 stop=0 fills=4 bytes=88192 underruns=0 recoveries=0 errors=0 sched_gaps=0 initial_complete=0 provisional_cycles=0 adopted=0 phase=0 phase_frames=3777138 generation=0
00207061 tid=4294825837 BACKEND cursor play=1496 write=3212 delta=3028 phase=0 phase_frames=3781606 track=12 offset_frames=3781606 generation=0 cycles=0
00207885 tid=4294809657 SUMMARY window_ms=1016 time=272 joy=0 status=0 play=0 stop=0 fills=4 bytes=88192 underruns=0 recoveries=0 errors=0 sched_gaps=0 initial_complete=0 provisional_cycles=0 adopted=0 phase=0 phase_frames=3799761 generation=0
00208081 tid=4294825837 BACKEND cursor play=3216 write=4932 delta=4784 phase=0 phase_frames=3804084 track=12 offset_frames=3804084 generation=0 cycles=0
00208910 tid=4294809657 SUMMARY window_ms=1026 time=216 joy=0 status=0 play=0 stop=0 fills=4 bytes=88192 underruns=0 recoveries=0 errors=0 sched_gaps=0 initial_complete=0 provisional_cycles=0 adopted=0 phase=0 phase_frames=3822253 generation=0
00209087 tid=4294825837 BACKEND cursor play=3752 write=5468 delta=2436 phase=0 phase_frames=3826266 track=12 offset_frames=3826266 generation=0 cycles=0
00209931 tid=4294809657 SUMMARY window_ms=1021 time=264 joy=0 status=0 play=0 stop=0 fills=4 bytes=88192 underruns=0 recoveries=0 errors=0 sched_gaps=0 initial_complete=0 provisional_cycles=0 adopted=0 phase=0 phase_frames=3844737 generation=0
00210106 tid=4294825837 BACKEND cursor play=5420 write=7136 delta=2376 phase=0 phase_frames=3848731 track=12 offset_frames=3848731 generation=0 cycles=0
00210945 tid=4294809657 SUMMARY window_ms=1014 time=320 joy=0 status=0 play=0 stop=0 fills=4 bytes=88192 underruns=0 recoveries=0 errors=0 sched_gaps=0 initial_complete=0 provisional_cycles=0 adopted=0 phase=0 phase_frames=3867137 generation=0
00211126 tid=4294825837 BACKEND cursor play=7224 write=8940 delta=2132 phase=0 phase_frames=3871230 track=12 offset_frames=3871230 generation=0 cycles=0
00211955 tid=4294809657 SUMMARY window_ms=1010 time=272 joy=0 status=0 play=0 stop=0 fills=4 bytes=88192 underruns=0 recoveries=0 errors=0 sched_gaps=0 initial_complete=0 provisional_cycles=0 adopted=0 phase=0 phase_frames=3889320 generation=0
00212146 tid=4294825837 BACKEND cursor play=8948 write=10664 delta=1828 phase=0 phase_frames=3893709 track=12 offset_frames=3893709 generation=0 cycles=0
00212964 tid=4294809657 SUMMARY window_ms=1009 time=240 joy=0 status=0 play=0 stop=0 fills=4 bytes=88192 underruns=0 recoveries=0 errors=0 sched_gaps=0 initial_complete=0 provisional_cycles=0 adopted=0 phase=0 phase_frames=3911351 generation=0
00213166 tid=4294825837 BACKEND cursor play=10684 write=12400 delta=1816 phase=0 phase_frames=3916191 track=12 offset_frames=3916191 generation=0 cycles=0
00213974 tid=4294809657 SUMMARY window_ms=1010 time=240 joy=0 status=0 play=0 stop=0 fills=4 bytes=88192 underruns=0 recoveries=0 errors=0 sched_gaps=0 initial_complete=0 provisional_cycles=0 adopted=0 phase=0 phase_frames=3933830 generation=0
00214185 tid=4294825837 BACKEND cursor play=12420 write=14136 delta=1808 phase=0 phase_frames=3938673 track=12 offset_frames=3938673 generation=0 cycles=0
00214983 tid=4294809657 SUMMARY window_ms=1009 time=240 joy=0 status=0 play=0 stop=0 fills=4 bytes=88192 underruns=0 recoveries=0 errors=0 sched_gaps=0 initial_complete=0 provisional_cycles=0 adopted=0 phase=0 phase_frames=3955777 generation=0
00215222 tid=4294825837 BACKEND cursor play=15660 write=17376 delta=4548 phase=0 phase_frames=3961531 track=12 offset_frames=3961531 generation=0 cycles=0
00216002 tid=4294809657 SUMMARY window_ms=1019 time=304 joy=0 status=0 play=0 stop=0 fills=4 bytes=88192 underruns=0 recoveries=0 errors=0 sched_gaps=0 initial_complete=0 provisional_cycles=0 adopted=0 phase=0 phase_frames=3978259 generation=0
00216245 tid=4294825837 BACKEND cursor play=17700 write=19416 delta=2120 phase=0 phase_frames=3984089 track=12 offset_frames=3984089 generation=0 cycles=0
00217002 tid=4294809657 SUMMARY window_ms=1000 time=322 joy=0 status=0 play=0 stop=0 fills=4 bytes=88192 underruns=0 recoveries=0 errors=0 sched_gaps=0 initial_complete=0 provisional_cycles=0 adopted=0 phase=0 phase_frames=4000441 generation=0
00217265 tid=4294825837 BACKEND cursor play=19436 write=21152 delta=2116 phase=0 phase_frames=4006571 track=12 offset_frames=4006571 generation=0 cycles=0
00218010 tid=4294809657 SUMMARY window_ms=1008 time=316 joy=0 status=0 play=0 stop=0 fills=4 bytes=88192 underruns=0 recoveries=0 errors=0 sched_gaps=0 initial_complete=0 provisional_cycles=0 adopted=0 phase=0 phase_frames=4022920 generation=0
00218285 tid=4294825837 BACKEND cursor play=21164 write=22880 delta=2116 phase=0 phase_frames=4029051 track=12 offset_frames=4029051 generation=0 cycles=0
00219020 tid=4294809657 SUMMARY window_ms=1010 time=302 joy=0 status=0 play=0 stop=0 fills=4 bytes=88192 underruns=0 recoveries=0 errors=0 sched_gaps=0 initial_complete=0 provisional_cycles=0 adopted=0 phase=0 phase_frames=4044870 generation=0
00219301 tid=4294825837 BACKEND cursor play=22604 write=24320 delta=3104 phase=0 phase_frames=4051459 track=12 offset_frames=4051459 generation=0 cycles=0
00220040 tid=4294809657 SUMMARY window_ms=1020 time=320 joy=0 status=0 play=0 stop=0 fills=4 bytes=88192 underruns=0 recoveries=0 errors=0 sched_gaps=0 initial_complete=0 provisional_cycles=0 adopted=0 phase=0 phase_frames=4067427 generation=0
00220321 tid=4294825837 BACKEND cursor play=24328 write=26044 delta=3020 phase=0 phase_frames=4073938 track=12 offset_frames=4073938 generation=0 cycles=0
00221048 tid=4294809657 SUMMARY window_ms=1008 time=240 joy=0 status=0 play=0 stop=0 fills=5 bytes=110240 underruns=0 recoveries=0 errors=0 sched_gaps=0 initial_complete=0 provisional_cycles=0 adopted=0 phase=0 phase_frames=4089910 generation=0
00221357 tid=4294825837 BACKEND cursor play=27512 write=29228 delta=3272 phase=0 phase_frames=4096782 track=12 offset_frames=4096782 generation=0 cycles=0
00222066 tid=4294809657 SUMMARY window_ms=1016 time=320 joy=0 status=0 play=0 stop=0 fills=4 bytes=88192 underruns=0 recoveries=0 errors=0 sched_gaps=0 initial_complete=0 provisional_cycles=0 adopted=0 phase=0 phase_frames=4112379 generation=0
00222367 tid=4294825837 BACKEND cursor play=28412 write=30128 delta=1848 phase=0 phase_frames=4119055 track=12 offset_frames=4119055 generation=0 cycles=0
00223066 tid=4294809657 SUMMARY window_ms=1002 time=318 joy=0 status=0 play=0 stop=0 fills=3 bytes=66144 underruns=0 recoveries=0 errors=0 sched_gaps=0 initial_complete=0 provisional_cycles=0 adopted=0 phase=0 phase_frames=4133589 generation=0
00223387 tid=4294825837 BACKEND cursor play=30112 write=31828 delta=1780 phase=0 phase_frames=4141528 track=12 offset_frames=4141528 generation=0 cycles=0
00224078 tid=4294809657 SUMMARY window_ms=1012 time=318 joy=0 status=0 play=0 stop=0 fills=5 bytes=110240 underruns=0 recoveries=0 errors=0 sched_gaps=0 initial_complete=0 provisional_cycles=0 adopted=0 phase=0 phase_frames=4156079 generation=0
00224401 tid=4294825837 BACKEND cursor play=31400 write=33116 delta=3148 phase=0 phase_frames=4163898 track=12 offset_frames=4163898 generation=0 cycles=0
00225080 tid=4294809657 SUMMARY window_ms=1002 time=323 joy=0 status=0 play=0 stop=0 fills=4 bytes=88192 underruns=0 recoveries=0 errors=0 sched_gaps=0 initial_complete=0 provisional_cycles=0 adopted=0 phase=0 phase_frames=4178551 generation=0
00225406 tid=4294825837 BACKEND cursor play=31800 write=33516 delta=1812 phase=0 phase_frames=4186046 track=12 offset_frames=4186046 generation=0 cycles=0
00226080 tid=4294809657 SUMMARY window_ms=1000 time=313 joy=0 status=0 play=0 stop=0 fills=4 bytes=88192 underruns=0 recoveries=0 errors=0 sched_gaps=0 initial_complete=0 provisional_cycles=0 adopted=0 phase=0 phase_frames=4200349 generation=0
00226425 tid=4294825837 BACKEND cursor play=33532 write=35248 delta=1816 phase=0 phase_frames=4208527 track=12 offset_frames=4208527 generation=0 cycles=0
00227094 tid=4294809657 SUMMARY window_ms=1014 time=252 joy=0 status=0 play=0 stop=0 fills=4 bytes=88192 underruns=0 recoveries=0 errors=0 sched_gaps=0 initial_complete=0 provisional_cycles=0 adopted=0 phase=0 phase_frames=4222227 generation=0
00227445 tid=4294825837 BACKEND cursor play=35220 write=36936 delta=2092 phase=0 phase_frames=4230997 track=12 offset_frames=4230997 generation=0 cycles=0
00228120 tid=4294809657 SUMMARY window_ms=1026 time=232 joy=0 status=0 play=0 stop=0 fills=4 bytes=88192 underruns=0 recoveries=0 errors=0 sched_gaps=0 initial_complete=0 provisional_cycles=0 adopted=0 phase=0 phase_frames=4245542 generation=0
00228461 tid=4294825837 BACKEND cursor play=36688 write=38404 delta=3024 phase=0 phase_frames=4253412 track=12 offset_frames=4253412 generation=0 cycles=0
00229146 tid=4294809657 SUMMARY window_ms=1026 time=257 joy=0 status=0 play=0 stop=0 fills=4 bytes=88192 underruns=0 recoveries=0 errors=0 sched_gaps=0 initial_complete=0 provisional_cycles=0 adopted=0 phase=0 phase_frames=4268405 generation=0
00229464 tid=4294825837 BACKEND cursor play=36912 write=38628 delta=1952 phase=0 phase_frames=4275516 track=12 offset_frames=4275516 generation=0 cycles=0
00230166 tid=4294809657 SUMMARY window_ms=1020 time=296 joy=0 status=0 play=0 stop=0 fills=4 bytes=88192 underruns=0 recoveries=0 errors=0 sched_gaps=0 initial_complete=0 provisional_cycles=0 adopted=0 phase=0 phase_frames=4290579 generation=0
00230466 tid=4294825837 BACKEND cursor play=37132 write=38848 delta=1816 phase=0 phase_frames=4297619 track=12 offset_frames=4297619 generation=0 cycles=0
00231174 tid=4294809657 SUMMARY window_ms=1008 time=312 joy=0 status=0 play=0 stop=0 fills=4 bytes=88192 underruns=0 recoveries=0 errors=0 sched_gaps=0 initial_complete=0 provisional_cycles=0 adopted=0 phase=0 phase_frames=4313060 generation=0
00231466 tid=4294825837 BACKEND cursor play=37096 write=38812 delta=1864 phase=0 phase_frames=4319658 track=12 offset_frames=4319658 generation=0 cycles=0
00232174 tid=4294809657 SUMMARY window_ms=1000 time=304 joy=0 status=0 play=0 stop=0 fills=4 bytes=88192 underruns=0 recoveries=0 errors=0 sched_gaps=0 initial_complete=0 provisional_cycles=0 adopted=0 phase=0 phase_frames=4335089 generation=0
00232485 tid=4294825837 BACKEND cursor play=38784 write=40500 delta=1820 phase=0 phase_frames=4342128 track=12 offset_frames=4342128 generation=0 cycles=0
00233179 tid=4294809657 SUMMARY window_ms=1005 time=273 joy=0 status=0 play=0 stop=0 fills=4 bytes=88192 underruns=0 recoveries=0 errors=0 sched_gaps=0 initial_complete=0 provisional_cycles=0 adopted=0 phase=0 phase_frames=4357116 generation=0
00233485 tid=4294825837 BACKEND cursor play=38720 write=40436 delta=2152 phase=0 phase_frames=4364160 track=12 offset_frames=4364160 generation=0 cycles=0
00234186 tid=4294809657 SUMMARY window_ms=1007 time=304 joy=0 status=0 play=0 stop=0 fills=4 bytes=88192 underruns=0 recoveries=0 errors=0 sched_gaps=0 initial_complete=0 provisional_cycles=0 adopted=0 phase=0 phase_frames=4379517 generation=0
00234500 tid=4294825837 BACKEND cursor play=40112 write=41828 delta=3004 phase=0 phase_frames=4386556 track=12 offset_frames=4386556 generation=0 cycles=0
00235202 tid=4294809657 SUMMARY window_ms=1016 time=328 joy=0 status=0 play=0 stop=0 fills=4 bytes=88192 underruns=0 recoveries=0 errors=0 sched_gaps=0 initial_complete=0 provisional_cycles=0 adopted=0 phase=0 phase_frames=4401999 generation=0
00235500 tid=4294825837 BACKEND cursor play=40032 write=41748 delta=3004 phase=0 phase_frames=4408584 track=12 offset_frames=4408584 generation=0 cycles=0
00236226 tid=4294809657 SUMMARY window_ms=1024 time=312 joy=0 status=0 play=0 stop=0 fills=4 bytes=88192 underruns=0 recoveries=0 errors=0 sched_gaps=0 initial_complete=0 provisional_cycles=0 adopted=0 phase=0 phase_frames=4424183 generation=0
00236523 tid=4294825837 BACKEND cursor play=42076 write=43792 delta=4696 phase=0 phase_frames=4431143 track=12 offset_frames=4431143 generation=0 cycles=0
00237237 tid=4294809657 SUMMARY window_ms=1011 time=254 joy=0 status=0 play=0 stop=0 fills=4 bytes=88192 underruns=0 recoveries=0 errors=0 sched_gaps=0 initial_complete=0 provisional_cycles=0 adopted=0 phase=0 phase_frames=4446434 generation=0
00237546 tid=4294825837 BACKEND cursor play=28 write=1744 delta=2140 phase=0 phase_frames=4453703 track=12 offset_frames=4453703 generation=0 cycles=0
00238263 tid=4294809657 SUMMARY window_ms=1026 time=240 joy=0 status=0 play=0 stop=0 fills=4 bytes=88192 underruns=0 recoveries=0 errors=0 sched_gaps=0 initial_complete=0 provisional_cycles=0 adopted=0 phase=0 phase_frames=4469146 generation=0
00238583 tid=4294825837 BACKEND cursor play=3260 write=4976 delta=3316 phase=0 phase_frames=4476559 track=12 offset_frames=4476559 generation=0 cycles=0
00239272 tid=4294809657 SUMMARY window_ms=1009 time=232 joy=0 status=0 play=0 stop=0 fills=4 bytes=88192 underruns=0 recoveries=0 errors=0 sched_gaps=0 initial_complete=0 provisional_cycles=0 adopted=0 phase=0 phase_frames=4491625 generation=0
00239602 tid=4294825837 BACKEND cursor play=4992 write=6708 delta=3320 phase=0 phase_frames=4499040 track=12 offset_frames=4499040 generation=0 cycles=0
00240281 tid=4294809657 SUMMARY window_ms=1009 time=240 joy=0 status=0 play=0 stop=0 fills=4 bytes=88192 underruns=0 recoveries=0 errors=0 sched_gaps=0 initial_complete=0 provisional_cycles=0 adopted=0 phase=0 phase_frames=4513654 generation=0
00240602 tid=4294825837 BACKEND cursor play=4920 write=6636 delta=4896 phase=0 phase_frames=4521070 track=12 offset_frames=4521070 generation=0 cycles=0
00241340 tid=4294809657 SUMMARY window_ms=1059 time=248 joy=0 status=0 play=0 stop=0 fills=5 bytes=110240 underruns=0 recoveries=0 errors=0 sched_gaps=0 initial_complete=0 provisional_cycles=0 adopted=0 phase=0 phase_frames=4536589 generation=0
00241621 tid=4294825837 BACKEND cursor play=6648 write=8364 delta=3024 phase=0 phase_frames=4543550 track=12 offset_frames=4543550 generation=0 cycles=0
00242350 tid=4294809657 SUMMARY window_ms=1010 time=232 joy=0 status=0 play=0 stop=0 fills=4 bytes=88192 underruns=0 recoveries=0 errors=0 sched_gaps=0 initial_complete=0 provisional_cycles=0 adopted=0 phase=0 phase_frames=4559444 generation=0
00242624 tid=4294825837 BACKEND cursor play=6884 write=8600 delta=1820 phase=0 phase_frames=4565657 track=12 offset_frames=4565657 generation=0 cycles=0
00243359 tid=4294809657 SUMMARY window_ms=1009 time=240 joy=0 status=0 play=0 stop=0 fills=4 bytes=88192 underruns=0 recoveries=0 errors=0 sched_gaps=0 initial_complete=0 provisional_cycles=0 adopted=0 phase=0 phase_frames=4581702 generation=0
00243627 tid=4294825837 BACKEND cursor play=7100 write=8816 delta=2440 phase=0 phase_frames=4587759 track=12 offset_frames=4587759 generation=0 cycles=0
00244385 tid=4294809657 SUMMARY window_ms=1026 time=265 joy=0 status=0 play=0 stop=0 fills=4 bytes=88192 underruns=0 recoveries=0 errors=0 sched_gaps=0 initial_complete=0 provisional_cycles=0 adopted=0 phase=0 phase_frames=4604479 generation=0
00244646 tid=4294825837 BACKEND cursor play=8824 write=10540 delta=1808 phase=0 phase_frames=4610238 track=12 offset_frames=4610238 generation=0 cycles=0
00245394 tid=4294809657 SUMMARY window_ms=1009 time=240 joy=0 status=0 play=0 stop=0 fills=4 bytes=88192 underruns=0 recoveries=0 errors=0 sched_gaps=0 initial_complete=0 provisional_cycles=0 adopted=0 phase=0 phase_frames=4626514 generation=0
00245666 tid=4294825837 BACKEND cursor play=10612 write=12328 delta=1864 phase=0 phase_frames=4632733 track=12 offset_frames=4632733 generation=0 cycles=0
00246413 tid=4294809657 SUMMARY window_ms=1019 time=257 joy=0 status=0 play=0 stop=0 fills=4 bytes=88192 underruns=0 recoveries=0 errors=0 sched_gaps=0 initial_complete=0 provisional_cycles=0 adopted=0 phase=0 phase_frames=4648631 generation=0
00246685 tid=4294825837 BACKEND cursor play=12228 write=13944 delta=1744 phase=0 phase_frames=4655185 track=12 offset_frames=4655185 generation=0 cycles=0
00247422 tid=4294809657 SUMMARY window_ms=1009 time=298 joy=0 status=0 play=0 stop=0 fills=4 bytes=88192 underruns=0 recoveries=0 errors=0 sched_gaps=0 initial_complete=0 provisional_cycles=0 adopted=0 phase=0 phase_frames=4671110 generation=0
00247685 tid=4294825837 BACKEND cursor play=12216 write=13932 delta=1820 phase=0 phase_frames=4677230 track=12 offset_frames=4677230 generation=0 cycles=0
00248422 tid=4294809657 SUMMARY window_ms=1000 time=316 joy=0 status=0 play=0 stop=0 fills=4 bytes=88192 underruns=0 recoveries=0 errors=0 sched_gaps=0 initial_complete=0 provisional_cycles=0 adopted=0 phase=0 phase_frames=4693130 generation=0
00248701 tid=4294825837 BACKEND cursor play=13644 write=15360 delta=3024 phase=0 phase_frames=4699635 track=12 offset_frames=4699635 generation=0 cycles=0
00249427 tid=4294809657 SUMMARY window_ms=1005 time=318 joy=0 status=0 play=0 stop=0 fills=4 bytes=88192 underruns=0 recoveries=0 errors=0 sched_gaps=0 initial_complete=0 provisional_cycles=0 adopted=0 phase=0 phase_frames=4715605 generation=0
00249707 tid=4294825837 BACKEND cursor play=14164 write=15880 delta=2412 phase=0 phase_frames=4721813 track=12 offset_frames=4721813 generation=0 cycles=0
00250429 tid=4294809657 SUMMARY window_ms=1002 time=302 joy=0 status=0 play=0 stop=0 fills=4 bytes=88192 underruns=0 recoveries=0 errors=0 sched_gaps=0 initial_complete=0 provisional_cycles=0 adopted=0 phase=0 phase_frames=4736801 generation=0
00250729 tid=4294825837 BACKEND cursor play=16072 write=17788 delta=1984 phase=0 phase_frames=4744338 track=12 offset_frames=4744338 generation=0 cycles=0
00251433 tid=4294809657 SUMMARY window_ms=1004 time=240 joy=0 status=0 play=0 stop=0 fills=4 bytes=88192 underruns=0 recoveries=0 errors=0 sched_gaps=0 initial_complete=0 provisional_cycles=0 adopted=0 phase=0 phase_frames=4759662 generation=0
00251760 tid=4294825837 BACKEND cursor play=18840 write=20556 delta=3020 phase=0 phase_frames=4767078 track=12 offset_frames=4767078 generation=0 cycles=0
00252437 tid=4294809657 SUMMARY window_ms=1004 time=295 joy=0 status=0 play=0 stop=0 fills=4 bytes=88192 underruns=0 recoveries=0 errors=0 sched_gaps=0 initial_complete=0 provisional_cycles=0 adopted=0 phase=0 phase_frames=4781763 generation=0
00252766 tid=4294825837 BACKEND cursor play=19380 write=21096 delta=1788 phase=0 phase_frames=4789261 track=12 offset_frames=4789261 generation=0 cycles=0
00253439 tid=4294809657 SUMMARY window_ms=1002 time=283 joy=0 status=0 play=0 stop=0 fills=4 bytes=88192 underruns=0 recoveries=0 errors=0 sched_gaps=0 initial_complete=0 provisional_cycles=0 adopted=0 phase=0 phase_frames=4803793 generation=0
00253803 tid=4294825837 BACKEND cursor play=22608 write=24324 delta=3320 phase=0 phase_frames=4812116 track=12 offset_frames=4812116 generation=0 cycles=0
00254456 tid=4294809657 SUMMARY window_ms=1017 time=267 joy=0 status=0 play=0 stop=0 fills=4 bytes=88192 underruns=0 recoveries=0 errors=0 sched_gaps=0 initial_complete=0 provisional_cycles=0 adopted=0 phase=0 phase_frames=4826279 generation=0
00254805 tid=4294825837 BACKEND cursor play=22832 write=24548 delta=1808 phase=0 phase_frames=4834220 track=12 offset_frames=4834220 generation=0 cycles=0
00255470 tid=4294809657 SUMMARY window_ms=1014 time=296 joy=0 status=0 play=0 stop=0 fills=4 bytes=88192 underruns=0 recoveries=0 errors=0 sched_gaps=0 initial_complete=0 provisional_cycles=0 adopted=0 phase=0 phase_frames=4848676 generation=0
00255825 tid=4294825837 BACKEND cursor play=24572 write=26288 delta=2128 phase=0 phase_frames=4856703 track=12 offset_frames=4856703 generation=0 cycles=0
00256480 tid=4294809657 SUMMARY window_ms=1010 time=248 joy=0 status=0 play=0 stop=0 fills=4 bytes=88192 underruns=0 recoveries=0 errors=0 sched_gaps=0 initial_complete=0 provisional_cycles=0 adopted=0 phase=0 phase_frames=4871133 generation=0
00256844 tid=4294825837 BACKEND cursor play=26224 write=27940 delta=3872 phase=0 phase_frames=4879164 track=12 offset_frames=4879164 generation=0 cycles=0
00257480 tid=4294809657 SUMMARY window_ms=1000 time=229 joy=0 status=0 play=0 stop=0 fills=4 bytes=88192 underruns=0 recoveries=0 errors=0 sched_gaps=0 initial_complete=0 provisional_cycles=0 adopted=0 phase=0 phase_frames=4892731 generation=0
00257861 tid=4294825837 BACKEND cursor play=27724 write=29440 delta=4888 phase=0 phase_frames=4901587 track=12 offset_frames=4901587 generation=0 cycles=0
00258510 tid=4294809657 SUMMARY window_ms=1012 time=292 joy=0 status=0 play=0 stop=0 fills=4 bytes=88192 underruns=0 recoveries=0 errors=0 sched_gaps=0 initial_complete=0 provisional_cycles=0 adopted=0 phase=0 phase_frames=4915288 generation=0
00258863 tid=4294825837 BACKEND cursor play=27852 write=29568 delta=5044 phase=0 phase_frames=4923667 track=12 offset_frames=4923667 generation=0 cycles=0
00259508 tid=4294809657 SUMMARY window_ms=1016 time=240 joy=0 status=0 play=0 stop=0 fills=4 bytes=88192 underruns=0 recoveries=0 errors=0 sched_gaps=0 initial_complete=0 provisional_cycles=0 adopted=0 phase=0 phase_frames=4937847 generation=0
00259865 tid=4294825837 BACKEND cursor play=28072 write=29788 delta=4660 phase=0 phase_frames=4945770 track=12 offset_frames=4945770 generation=0 cycles=0
00260534 tid=4294809657 SUMMARY window_ms=1026 time=232 joy=0 status=0 play=0 stop=0 fills=4 bytes=88192 underruns=0 recoveries=0 errors=0 sched_gaps=0 initial_complete=0 provisional_cycles=0 adopted=0 phase=0 phase_frames=4960492 generation=0
00260886 tid=4294825837 BACKEND cursor play=29912 write=31628 delta=6968 phase=0 phase_frames=4968278 track=12 offset_frames=4968278 generation=0 cycles=0
00261559 tid=4294809657 SUMMARY window_ms=1025 time=248 joy=0 status=0 play=0 stop=0 fills=4 bytes=88192 underruns=0 recoveries=0 errors=0 sched_gaps=0 initial_complete=0 provisional_cycles=0 adopted=0 phase=0 phase_frames=4982810 generation=0
00261906 tid=4294825837 BACKEND cursor play=31636 write=33352 delta=1800 phase=0 phase_frames=4990757 track=12 offset_frames=4990757 generation=0 cycles=0
00262559 tid=4294809657 SUMMARY window_ms=1000 time=237 joy=0 status=0 play=0 stop=0 fills=5 bytes=110240 underruns=0 recoveries=0 errors=0 sched_gaps=0 initial_complete=0 provisional_cycles=0 adopted=0 phase=0 phase_frames=5005073 generation=0
00262925 tid=4294825837 BACKEND cursor play=33376 write=35092 delta=2276 phase=0 phase_frames=5013240 track=12 offset_frames=5013240 generation=0 cycles=0
00263572 tid=4294809657 SUMMARY window_ms=1013 time=273 joy=0 status=0 play=0 stop=0 fills=4 bytes=88192 underruns=0 recoveries=0 errors=0 sched_gaps=0 initial_complete=0 provisional_cycles=0 adopted=0 phase=0 phase_frames=5027165 generation=0
00263945 tid=4294825837 BACKEND cursor play=35112 write=36828 delta=2244 phase=0 phase_frames=5035722 track=12 offset_frames=5035722 generation=0 cycles=0
00264587 tid=4294809657 SUMMARY window_ms=1015 time=320 joy=0 status=0 play=0 stop=0 fills=4 bytes=88192 underruns=0 recoveries=0 errors=0 sched_gaps=0 initial_complete=0 provisional_cycles=0 adopted=0 phase=0 phase_frames=5049423 generation=0
00264961 tid=4294825837 BACKEND cursor play=36536 write=38252 delta=3024 phase=0 phase_frames=5058126 track=12 offset_frames=5058126 generation=0 cycles=0
00265597 tid=4294809657 SUMMARY window_ms=1010 time=240 joy=0 status=0 play=0 stop=0 fills=4 bytes=88192 underruns=0 recoveries=0 errors=0 sched_gaps=0 initial_complete=0 provisional_cycles=0 adopted=0 phase=0 phase_frames=5071599 generation=0
00265981 tid=4294825837 BACKEND cursor play=38260 write=39976 delta=3012 phase=0 phase_frames=5080605 track=12 offset_frames=5080605 generation=0 cycles=0
00266622 tid=4294809657 SUMMARY window_ms=1025 time=240 joy=0 status=0 play=0 stop=0 fills=4 bytes=88192 underruns=0 recoveries=0 errors=0 sched_gaps=0 initial_complete=0 provisional_cycles=0 adopted=0 phase=0 phase_frames=5094386 generation=0
00267001 tid=4294825837 BACKEND cursor play=40000 write=41716 delta=3008 phase=0 phase_frames=5103088 track=12 offset_frames=5103088 generation=0 cycles=0
00267632 tid=4294809657 SUMMARY window_ms=1010 time=294 joy=0 status=0 play=0 stop=0 fills=4 bytes=88192 underruns=0 recoveries=0 errors=0 sched_gaps=0 initial_complete=0 provisional_cycles=0 adopted=0 phase=0 phase_frames=5116789 generation=0
00268024 tid=4294825837 BACKEND cursor play=42052 write=43768 delta=2144 phase=0 phase_frames=5125649 track=12 offset_frames=5125649 generation=0 cycles=0
00268641 tid=4294809657 SUMMARY window_ms=1009 time=302 joy=0 status=0 play=0 stop=0 fills=4 bytes=88192 underruns=0 recoveries=0 errors=0 sched_gaps=0 initial_complete=0 provisional_cycles=0 adopted=0 phase=0 phase_frames=5138894 generation=0
00269027 tid=4294825837 BACKEND cursor play=42276 write=43992 delta=1792 phase=0 phase_frames=5147753 track=12 offset_frames=5147753 generation=0 cycles=0
00269660 tid=4294809657 SUMMARY window_ms=1019 time=320 joy=0 status=0 play=0 stop=0 fills=4 bytes=88192 underruns=0 recoveries=0 errors=0 sched_gaps=0 initial_complete=0 provisional_cycles=0 adopted=0 phase=0 phase_frames=5161299 generation=0
00270046 tid=4294825837 BACKEND cursor play=43996 write=1616 delta=1820 phase=0 phase_frames=5170231 track=12 offset_frames=5170231 generation=0 cycles=0
00270660 tid=4294809657 SUMMARY window_ms=1000 time=318 joy=0 status=0 play=0 stop=0 fills=4 bytes=88192 underruns=0 recoveries=0 errors=0 sched_gaps=0 initial_complete=0 provisional_cycles=0 adopted=0 phase=0 phase_frames=5183758 generation=0
00271066 tid=4294825837 BACKEND cursor play=1644 write=3360 delta=1824 phase=0 phase_frames=5192715 track=12 offset_frames=5192715 generation=0 cycles=0
00271685 tid=4294809657 SUMMARY window_ms=1025 time=302 joy=0 status=0 play=0 stop=0 fills=4 bytes=88192 underruns=0 recoveries=0 errors=0 sched_gaps=0 initial_complete=0 provisional_cycles=0 adopted=0 phase=0 phase_frames=5205968 generation=0
00272088 tid=4294825837 BACKEND cursor play=3572 write=5288 delta=2016 phase=0 phase_frames=5215245 track=12 offset_frames=5215245 generation=0 cycles=0
00272695 tid=4294809657 SUMMARY window_ms=1010 time=240 joy=0 status=0 play=0 stop=0 fills=4 bytes=88192 underruns=0 recoveries=0 errors=0 sched_gaps=0 initial_complete=0 provisional_cycles=0 adopted=0 phase=0 phase_frames=5228441 generation=0
00273105 tid=4294825837 BACKEND cursor play=5104 write=6820 delta=2128 phase=0 phase_frames=5237676 track=12 offset_frames=5237676 generation=0 cycles=0
00273704 tid=4294809657 SUMMARY window_ms=1009 time=272 joy=0 status=0 play=0 stop=0 fills=4 bytes=88192 underruns=0 recoveries=0 errors=0 sched_gaps=0 initial_complete=0 provisional_cycles=0 adopted=0 phase=0 phase_frames=5250478 generation=0
00274125 tid=4294825837 BACKEND cursor play=6836 write=8552 delta=2124 phase=0 phase_frames=5260157 track=12 offset_frames=5260157 generation=0 cycles=0
00274706 tid=4294809657 SUMMARY window_ms=1002 time=273 joy=0 status=0 play=0 stop=0 fills=4 bytes=88192 underruns=0 recoveries=0 errors=0 sched_gaps=0 initial_complete=0 provisional_cycles=0 adopted=0 phase=0 phase_frames=5272961 generation=0
00275135 tid=4294825837 BACKEND cursor play=7696 write=9412 delta=2416 phase=0 phase_frames=5282420 track=12 offset_frames=5282420 generation=0 cycles=0
00275723 tid=4294809657 SUMMARY window_ms=1017 time=251 joy=0 status=0 play=0 stop=0 fills=4 bytes=88192 underruns=0 recoveries=0 errors=0 sched_gaps=0 initial_complete=0 provisional_cycles=0 adopted=0 phase=0 phase_frames=5294977 generation=0
00276161 tid=4294825837 BACKEND cursor play=9992 write=11708 delta=3016 phase=0 phase_frames=5305042 track=12 offset_frames=5305042 generation=0 cycles=0
00276732 tid=4294809657 SUMMARY window_ms=1009 time=312 joy=0 status=0 play=0 stop=0 fills=4 bytes=88192 underruns=0 recoveries=0 errors=0 sched_gaps=0 initial_complete=0 provisional_cycles=0 adopted=0 phase=0 phase_frames=5317080 generation=0
00277167 tid=4294825837 BACKEND cursor play=10524 write=12240 delta=1820 phase=0 phase_frames=5327223 track=12 offset_frames=5327223 generation=0 cycles=0
00277751 tid=4294809657 SUMMARY window_ms=1019 time=318 joy=0 status=0 play=0 stop=0 fills=4 bytes=88192 underruns=0 recoveries=0 errors=0 sched_gaps=0 initial_complete=0 provisional_cycles=0 adopted=0 phase=0 phase_frames=5339939 generation=0
00278200 tid=4294825837 BACKEND cursor play=13468 write=15184 delta=3024 phase=0 phase_frames=5350007 track=12 offset_frames=5350007 generation=0 cycles=0
00278770 tid=4294809657 SUMMARY window_ms=1019 time=294 joy=0 status=0 play=0 stop=0 fills=4 bytes=88192 underruns=0 recoveries=0 errors=0 sched_gaps=0 initial_complete=0 provisional_cycles=0 adopted=0 phase=0 phase_frames=5362496 generation=0
00279207 tid=4294825837 BACKEND cursor play=14004 write=15720 delta=1828 phase=0 phase_frames=5372189 track=12 offset_frames=5372189 generation=0 cycles=0
00279772 tid=4294809657 SUMMARY window_ms=1001 time=292 joy=0 status=0 play=0 stop=0 fills=4 bytes=88192 underruns=0 recoveries=0 errors=0 sched_gaps=0 initial_complete=0 provisional_cycles=0 adopted=0 phase=0 phase_frames=5384445 generation=0
00280226 tid=4294825837 BACKEND cursor play=15724 write=17440 delta=1820 phase=0 phase_frames=5394667 track=12 offset_frames=5394667 generation=0 cycles=0
00280773 tid=4294809657 SUMMARY window_ms=1002 time=317 joy=0 status=0 play=0 stop=0 fills=4 bytes=88192 underruns=0 recoveries=0 errors=0 sched_gaps=0 initial_complete=0 provisional_cycles=0 adopted=0 phase=0 phase_frames=5406472 generation=0
00281242 tid=4294825837 BACKEND cursor play=17148 write=18864 delta=4548 phase=0 phase_frames=5417071 track=12 offset_frames=5417071 generation=0 cycles=0
00281775 tid=4294809657 SUMMARY window_ms=1002 time=320 joy=0 status=0 play=0 stop=0 fills=4 bytes=88192 underruns=0 recoveries=0 errors=0 sched_gaps=0 initial_complete=0 provisional_cycles=0 adopted=0 phase=0 phase_frames=5427730 generation=0
00282265 tid=4294825837 BACKEND cursor play=19124 write=20840 delta=2268 phase=0 phase_frames=5439613 track=12 offset_frames=5439613 generation=0 cycles=0
00282790 tid=4294809657 SUMMARY window_ms=1015 time=267 joy=0 status=0 play=0 stop=0 fills=4 bytes=88192 underruns=0 recoveries=0 errors=0 sched_gaps=0 initial_complete=0 provisional_cycles=0 adopted=0 phase=0 phase_frames=5450691 generation=0
00283265 tid=4294825837 BACKEND cursor play=19112 write=20828 delta=2128 phase=0 phase_frames=5461658 track=12 offset_frames=5461658 generation=0 cycles=0
00283812 tid=4294809657 SUMMARY window_ms=1022 time=284 joy=0 status=0 play=0 stop=0 fills=5 bytes=110240 underruns=0 recoveries=0 errors=0 sched_gaps=0 initial_complete=0 provisional_cycles=0 adopted=0 phase=0 phase_frames=5473462 generation=0
00284281 tid=4294825837 BACKEND cursor play=20556 write=22272 delta=3052 phase=0 phase_frames=5484067 track=12 offset_frames=5484067 generation=0 cycles=0
00284818 tid=4294809657 SUMMARY window_ms=1006 time=300 joy=0 status=0 play=0 stop=0 fills=4 bytes=88192 underruns=0 recoveries=0 errors=0 sched_gaps=0 initial_complete=0 provisional_cycles=0 adopted=0 phase=0 phase_frames=5495646 generation=0
00285283 tid=4294825837 BACKEND cursor play=20748 write=22464 delta=3312 phase=0 phase_frames=5506163 track=12 offset_frames=5506163 generation=0 cycles=0
00285820 tid=4294809657 SUMMARY window_ms=1002 time=321 joy=0 status=0 play=0 stop=0 fills=4 bytes=88192 underruns=0 recoveries=0 errors=0 sched_gaps=0 initial_complete=0 provisional_cycles=0 adopted=0 phase=0 phase_frames=5517676 generation=0
00286286 tid=4294825837 BACKEND cursor play=20984 write=22700 delta=1816 phase=0 phase_frames=5528270 track=12 offset_frames=5528270 generation=0 cycles=0
00286821 tid=4294809657 SUMMARY window_ms=1001 time=293 joy=0 status=0 play=0 stop=0 fills=4 bytes=88192 underruns=0 recoveries=0 errors=0 sched_gaps=0 initial_complete=0 provisional_cycles=0 adopted=0 phase=0 phase_frames=5539621 generation=0
00287305 tid=4294825837 BACKEND cursor play=22636 write=24352 delta=1736 phase=0 phase_frames=5550731 track=12 offset_frames=5550731 generation=0 cycles=0
00287822 tid=4294809657 SUMMARY window_ms=1001 time=315 joy=0 status=0 play=0 stop=0 fills=4 bytes=88192 underruns=0 recoveries=0 errors=0 sched_gaps=0 initial_complete=0 provisional_cycles=0 adopted=0 phase=0 phase_frames=5561803 generation=0
00288305 tid=4294825837 BACKEND cursor play=22632 write=24348 delta=1816 phase=0 phase_frames=5572778 track=12 offset_frames=5572778 generation=0 cycles=0
00288839 tid=4294809657 SUMMARY window_ms=1017 time=291 joy=0 status=0 play=0 stop=0 fills=4 bytes=88192 underruns=0 recoveries=0 errors=0 sched_gaps=0 initial_complete=0 provisional_cycles=0 adopted=0 phase=0 phase_frames=5583829 generation=0
00289321 tid=4294825837 BACKEND cursor play=24052 write=25768 delta=3076 phase=0 phase_frames=5595181 track=12 offset_frames=5595181 generation=0 cycles=0
00289841 tid=4294809657 SUMMARY window_ms=1001 time=319 joy=0 status=0 play=0 stop=0 fills=4 bytes=88192 underruns=0 recoveries=0 errors=0 sched_gaps=0 initial_complete=0 provisional_cycles=0 adopted=0 phase=0 phase_frames=5606311 generation=0
00290327 tid=4294825837 BACKEND cursor play=24588 write=26304 delta=2136 phase=0 phase_frames=5617363 track=13 offset_frames=20485 generation=0 cycles=0
00290840 tid=4294809657 SUMMARY window_ms=1000 time=315 joy=0 status=0 play=0 stop=0 fills=4 bytes=88192 underruns=0 recoveries=0 errors=0 sched_gaps=0 initial_complete=0 provisional_cycles=0 adopted=0 phase=0 phase_frames=5628261 generation=0
00291343 tid=4294825837 BACKEND cursor play=26004 write=27720 delta=3308 phase=0 phase_frames=5639765 track=13 offset_frames=42887 generation=0 cycles=0
00291850 tid=4294809657 SUMMARY window_ms=1010 time=320 joy=0 status=0 play=0 stop=0 fills=4 bytes=88192 underruns=0 recoveries=0 errors=0 sched_gaps=0 initial_complete=0 provisional_cycles=0 adopted=0 phase=0 phase_frames=5650741 generation=0
00292346 tid=4294825837 BACKEND cursor play=26236 write=27952 delta=1812 phase=0 phase_frames=5661871 track=13 offset_frames=64993 generation=0 cycles=0
00292859 tid=4294809657 SUMMARY window_ms=1009 time=320 joy=0 status=0 play=0 stop=0 fills=4 bytes=88192 underruns=0 recoveries=0 errors=0 sched_gaps=0 initial_complete=0 provisional_cycles=0 adopted=0 phase=0 phase_frames=5672013 generation=0
00293365 tid=4294825837 BACKEND cursor play=27944 write=29660 delta=1780 phase=0 phase_frames=5684346 track=13 offset_frames=87468 generation=0 cycles=0
00293862 tid=4294809657 SUMMARY window_ms=1003 time=325 joy=0 status=1 play=0 stop=0 fills=4 bytes=88192 underruns=0 recoveries=0 errors=0 sched_gaps=0 initial_complete=0 provisional_cycles=0 adopted=0 phase=0 phase_frames=5694950 generation=0
00294365 tid=4294825837 BACKEND cursor play=27896 write=29612 delta=1824 phase=0 phase_frames=5706382 track=13 offset_frames=109504 generation=0 cycles=0
00294865 tid=4294809657 SUMMARY window_ms=1003 time=318 joy=0 status=0 play=0 stop=0 fills=4 bytes=88192 underruns=0 recoveries=0 errors=0 sched_gaps=0 initial_complete=0 provisional_cycles=0 adopted=0 phase=0 phase_frames=5716979 generation=0
00295384 tid=4294825837 BACKEND cursor play=29624 write=31340 delta=1812 phase=0 phase_frames=5728862 track=13 offset_frames=131984 generation=0 cycles=0
00295887 tid=4294809657 SUMMARY window_ms=1022 time=323 joy=0 status=0 play=0 stop=0 fills=4 bytes=88192 underruns=0 recoveries=0 errors=0 sched_gaps=0 initial_complete=0 provisional_cycles=0 adopted=0 phase=0 phase_frames=5739911 generation=0
00296401 tid=4294825837 BACKEND cursor play=31072 write=32788 delta=3048 phase=0 phase_frames=5751272 track=13 offset_frames=154394 generation=0 cycles=0
00296902 tid=4294809657 SUMMARY window_ms=1014 time=328 joy=0 status=0 play=0 stop=0 fills=4 bytes=88192 underruns=0 recoveries=0 errors=0 sched_gaps=0 initial_complete=0 provisional_cycles=0 adopted=0 phase=0 phase_frames=5761942 generation=0
00297424 tid=4294825837 BACKEND cursor play=33084 write=34800 delta=2132 phase=0 phase_frames=5773823 track=13 offset_frames=176945 generation=0 cycles=0
00297925 tid=4294809657 SUMMARY window_ms=1024 time=320 joy=0 status=0 play=0 stop=0 fills=4 bytes=88192 underruns=0 recoveries=0 errors=0 sched_gaps=0 initial_complete=0 provisional_cycles=0 adopted=0 phase=0 phase_frames=5784850 generation=0
00298426 tid=4294825837 BACKEND cursor play=33304 write=35020 delta=1824 phase=0 phase_frames=5795926 track=13 offset_frames=199048 generation=0 cycles=0
00298933 tid=4294809657 SUMMARY window_ms=1008 time=266 joy=0 status=0 play=0 stop=0 fills=4 bytes=88192 underruns=0 recoveries=0 errors=0 sched_gaps=0 initial_complete=0 provisional_cycles=0 adopted=0 phase=0 phase_frames=5806901 generation=0
00299446 tid=4294825837 BACKEND cursor play=35040 write=36756 delta=1824 phase=0 phase_frames=5818408 track=13 offset_frames=221530 generation=0 cycles=0
00299946 tid=4294809657 SUMMARY window_ms=1013 time=310 joy=0 status=0 play=0 stop=0 fills=4 bytes=88192 underruns=0 recoveries=0 errors=0 sched_gaps=0 initial_complete=0 provisional_cycles=0 adopted=0 phase=0 phase_frames=5828552 generation=0
00300466 tid=4294825837 BACKEND cursor play=36764 write=38480 delta=1808 phase=0 phase_frames=5840887 track=13 offset_frames=244009 generation=0 cycles=0
00300952 tid=4294809657 SUMMARY window_ms=1006 time=298 joy=0 status=0 play=0 stop=0 fills=4 bytes=88192 underruns=0 recoveries=0 errors=0 sched_gaps=0 initial_complete=0 provisional_cycles=0 adopted=0 phase=0 phase_frames=5851486 generation=0
00301486 tid=4294825837 BACKEND cursor play=38504 write=40220 delta=2088 phase=0 phase_frames=5863370 track=13 offset_frames=266492 generation=0 cycles=0
00301959 tid=4294809657 SUMMARY window_ms=1007 time=276 joy=0 status=0 play=0 stop=0 fills=4 bytes=88192 underruns=0 recoveries=0 errors=0 sched_gaps=0 initial_complete=0 provisional_cycles=0 adopted=0 phase=0 phase_frames=5873515 generation=0
00302505 tid=4294825837 BACKEND cursor play=40192 write=41908 delta=2072 phase=0 phase_frames=5885840 track=13 offset_frames=288962 generation=0 cycles=0
00302974 tid=4294809657 SUMMARY window_ms=1015 time=256 joy=0 status=0 play=0 stop=0 fills=4 bytes=88192 underruns=0 recoveries=0 errors=0 sched_gaps=0 initial_complete=0 provisional_cycles=0 adopted=0 phase=0 phase_frames=5895996 generation=0
00303525 tid=4294825837 BACKEND cursor play=41980 write=43696 delta=2132 phase=0 phase_frames=5908335 track=13 offset_frames=311457 generation=0 cycles=0
00304000 tid=4294809657 SUMMARY window_ms=1026 time=248 joy=0 status=0 play=0 stop=0 fills=4 bytes=88192 underruns=0 recoveries=0 errors=0 sched_gaps=0 initial_complete=0 provisional_cycles=0 adopted=0 phase=0 phase_frames=5917696 generation=0
00304541 tid=4294825837 BACKEND cursor play=43400 write=1020 delta=3024 phase=0 phase_frames=5930738 track=13 offset_frames=333860 generation=0 cycles=0
00305009 tid=4294809657 SUMMARY window_ms=1009 time=240 joy=0 status=0 play=0 stop=0 fills=4 bytes=88192 underruns=0 recoveries=0 errors=0 sched_gaps=0 initial_complete=0 provisional_cycles=0 adopted=0 phase=0 phase_frames=5940957 generation=0
00305541 tid=4294825837 BACKEND cursor play=43368 write=988 delta=3080 phase=0 phase_frames=5952778 track=13 offset_frames=355900 generation=0 cycles=0
00306018 tid=4294809657 SUMMARY window_ms=1009 time=272 joy=0 status=0 play=0 stop=0 fills=4 bytes=88192 underruns=0 recoveries=0 errors=0 sched_gaps=0 initial_complete=0 provisional_cycles=0 adopted=0 phase=0 phase_frames=5962606 generation=0
00306546 tid=4294825837 BACKEND cursor play=43844 write=1464 delta=1828 phase=0 phase_frames=5974945 track=13 offset_frames=378067 generation=0 cycles=0
00307037 tid=4294809657 SUMMARY window_ms=1019 time=312 joy=0 status=0 play=0 stop=0 fills=4 bytes=88192 underruns=0 recoveries=0 errors=0 sched_gaps=0 initial_complete=0 provisional_cycles=0 adopted=0 phase=0 phase_frames=5985540 generation=0
00307566 tid=4294825837 BACKEND cursor play=1480 write=3196 delta=1812 phase=0 phase_frames=5997426 track=13 offset_frames=400548 generation=0 cycles=0
00308054 tid=4294809657 SUMMARY window_ms=1017 time=328 joy=0 status=0 play=0 stop=0 fills=4 bytes=88192 underruns=0 recoveries=0 errors=0 sched_gaps=0 initial_complete=0 provisional_cycles=0 adopted=0 phase=0 phase_frames=6008022 generation=0
00308586 tid=4294825837 BACKEND cursor play=3208 write=4924 delta=1820 phase=0 phase_frames=6019906 track=13 offset_frames=423028 generation=0 cycles=0
00309064 tid=4294809657 SUMMARY window_ms=1010 time=280 joy=0 status=0 play=0 stop=0 fills=5 bytes=110240 underruns=0 recoveries=0 errors=0 sched_gaps=0 initial_complete=0 provisional_cycles=0 adopted=0 phase=0 phase_frames=6030425 generation=0
00309605 tid=4294825837 BACKEND cursor play=4936 write=6652 delta=2128 phase=0 phase_frames=6042386 track=13 offset_frames=445508 generation=0 cycles=0
00310081 tid=4294809657 SUMMARY window_ms=1017 time=328 joy=0 status=0 play=0 stop=0 fills=4 bytes=88192 underruns=0 recoveries=0 errors=0 sched_gaps=0 initial_complete=0 provisional_cycles=0 adopted=0 phase=0 phase_frames=6052531 generation=0
00310625 tid=4294825837 BACKEND cursor play=6628 write=8344 delta=2088 phase=0 phase_frames=6064857 track=13 offset_frames=467979 generation=0 cycles=0
00311091 tid=4294809657 SUMMARY window_ms=1010 time=329 joy=0 status=0 play=0 stop=0 fills=4 bytes=88192 underruns=0 recoveries=0 errors=0 sched_gaps=0 initial_complete=0 provisional_cycles=0 adopted=0 phase=0 phase_frames=6075011 generation=0
00311642 tid=4294825837 BACKEND cursor play=8112 write=9828 delta=3028 phase=0 phase_frames=6087276 track=13 offset_frames=490398 generation=0 cycles=0
00312091 tid=4294809657 SUMMARY window_ms=1000 time=280 joy=0 status=0 play=0 stop=0 fills=4 bytes=88192 underruns=0 recoveries=0 errors=0 sched_gaps=0 initial_complete=0 provisional_cycles=0 adopted=0 phase=0 phase_frames=6097039 generation=0
00312661 tid=4294825837 BACKEND cursor play=9828 write=11544 delta=3012 phase=0 phase_frames=6109753 track=13 offset_frames=512875 generation=0 cycles=0
00313117 tid=4294809657 SUMMARY window_ms=1025 time=240 joy=0 status=0 play=0 stop=0 fills=4 bytes=88192 underruns=0 recoveries=0 errors=0 sched_gaps=0 initial_complete=0 provisional_cycles=0 adopted=0 phase=0 phase_frames=6119444 generation=0
00313680 tid=4294825837 BACKEND cursor play=11476 write=13192 delta=2924 phase=0 phase_frames=6132213 track=13 offset_frames=535335 generation=0 cycles=0
00314116 tid=4294809657 SUMMARY window_ms=1000 time=213 joy=0 status=0 play=0 stop=0 fills=4 bytes=88192 underruns=0 recoveries=0 errors=0 sched_gaps=0 initial_complete=0 provisional_cycles=0 adopted=0 phase=0 phase_frames=6141278 generation=0
00314687 tid=4294825837 BACKEND cursor play=12100 write=13816 delta=1812 phase=0 phase_frames=6154417 track=13 offset_frames=557539 generation=0 cycles=0
00315135 tid=4294809657 SUMMARY window_ms=1019 time=235 joy=0 status=0 play=0 stop=0 fills=4 bytes=88192 underruns=0 recoveries=0 errors=0 sched_gaps=0 initial_complete=0 provisional_cycles=0 adopted=0 phase=0 phase_frames=6164094 generation=0
00315707 tid=4294825837 BACKEND cursor play=13840 write=15556 delta=1824 phase=0 phase_frames=6176900 track=13 offset_frames=580022 generation=0 cycles=0
00316145 tid=4294809657 SUMMARY window_ms=1009 time=241 joy=0 status=0 play=0 stop=0 fills=4 bytes=88192 underruns=0 recoveries=0 errors=0 sched_gaps=0 initial_complete=0 provisional_cycles=0 adopted=0 phase=0 phase_frames=6186134 generation=0
00316733 tid=4294825837 BACKEND cursor play=16164 write=17880 delta=2404 phase=0 phase_frames=6199529 track=13 offset_frames=602651 generation=0 cycles=0
00317170 tid=4294809657 SUMMARY window_ms=1026 time=216 joy=0 status=0 play=0 stop=0 fills=4 bytes=88192 underruns=0 recoveries=0 errors=0 sched_gaps=0 initial_complete=0 provisional_cycles=0 adopted=0 phase=0 phase_frames=6209069 generation=0
00317746 tid=4294825837 BACKEND cursor play=17316 write=19032 delta=1820 phase=0 phase_frames=6221865 track=13 offset_frames=624987 generation=0 cycles=0
00318196 tid=4294809657 SUMMARY window_ms=1026 time=248 joy=0 status=0 play=0 stop=0 fills=4 bytes=88192 underruns=0 recoveries=0 errors=0 sched_gaps=0 initial_complete=0 provisional_cycles=0 adopted=0 phase=0 phase_frames=6231385 generation=0
00318765 tid=4294825837 BACKEND cursor play=18972 write=20688 delta=1728 phase=0 phase_frames=6244327 track=13 offset_frames=647449 generation=0 cycles=0
00319222 tid=4294809657 SUMMARY window_ms=1026 time=281 joy=0 status=0 play=0 stop=0 fills=4 bytes=88192 underruns=0 recoveries=0 errors=0 sched_gaps=0 initial_complete=0 provisional_cycles=0 adopted=0 phase=0 phase_frames=6253955 generation=0
00319765 tid=4294825837 BACKEND cursor play=18968 write=20684 delta=2352 phase=0 phase_frames=6266374 track=13 offset_frames=669496 generation=0 cycles=0
00320231 tid=4294809657 SUMMARY window_ms=1009 time=240 joy=0 status=0 play=0 stop=0 fills=4 bytes=88192 underruns=0 recoveries=0 errors=0 sched_gaps=0 initial_complete=0 provisional_cycles=0 adopted=0 phase=0 phase_frames=6276518 generation=0
00320781 tid=4294825837 BACKEND cursor play=20384 write=22100 delta=3024 phase=0 phase_frames=6288776 track=13 offset_frames=691898 generation=0 cycles=0
00321241 tid=4294809657 SUMMARY window_ms=1010 time=232 joy=0 status=0 play=0 stop=0 fills=4 bytes=88192 underruns=0 recoveries=0 errors=0 sched_gaps=0 initial_complete=0 provisional_cycles=0 adopted=0 phase=0 phase_frames=6298469 generation=0
00321787 tid=4294825837 BACKEND cursor play=20924 write=22640 delta=1824 phase=0 phase_frames=6310959 track=13 offset_frames=714081 generation=0 cycles=0
00322250 tid=4294809657 SUMMARY window_ms=1009 time=248 joy=0 status=0 play=0 stop=0 fills=4 bytes=88192 underruns=0 recoveries=0 errors=0 sched_gaps=0 initial_complete=0 provisional_cycles=0 adopted=0 phase=0 phase_frames=6320650 generation=0
00322807 tid=4294825837 BACKEND cursor play=22724 write=24440 delta=1884 phase=0 phase_frames=6333457 track=13 offset_frames=736579 generation=0 cycles=0
00323270 tid=4294809657 SUMMARY window_ms=1019 time=256 joy=0 status=0 play=0 stop=0 fills=4 bytes=88192 underruns=0 recoveries=0 errors=0 sched_gaps=0 initial_complete=0 provisional_cycles=0 adopted=0 phase=0 phase_frames=6343584 generation=0
00323822 tid=4294825837 BACKEND cursor play=23984 write=25700 delta=3224 phase=0 phase_frames=6355820 track=13 offset_frames=758942 generation=0 cycles=0
00324269 tid=4294809657 SUMMARY window_ms=1000 time=309 joy=0 status=0 play=0 stop=0 fills=4 bytes=88192 underruns=0 recoveries=0 errors=0 sched_gaps=0 initial_complete=0 provisional_cycles=0 adopted=0 phase=0 phase_frames=6365159 generation=0
00324839 tid=4294825837 BACKEND cursor play=25520 write=27236 delta=3028 phase=0 phase_frames=6378252 track=13 offset_frames=781374 generation=0 cycles=0
00325275 tid=4294809657 SUMMARY window_ms=1006 time=273 joy=0 status=0 play=0 stop=0 fills=4 bytes=88192 underruns=0 recoveries=0 errors=0 sched_gaps=0 initial_complete=0 provisional_cycles=0 adopted=0 phase=0 phase_frames=6387639 generation=0
00325841 tid=4294825837 BACKEND cursor play=25704 write=27420 delta=4480 phase=0 phase_frames=6400346 track=13 offset_frames=803468 generation=0 cycles=0
00326287 tid=4294809657 SUMMARY window_ms=1012 time=264 joy=0 status=0 play=0 stop=0 fills=4 bytes=88192 underruns=0 recoveries=0 errors=0 sched_gaps=0 initial_complete=0 provisional_cycles=0 adopted=0 phase=0 phase_frames=6410041 generation=0
00326861 tid=4294825837 BACKEND cursor play=27472 write=29188 delta=3020 phase=0 phase_frames=6422836 track=13 offset_frames=825958 generation=0 cycles=0
00327290 tid=4294809657 SUMMARY window_ms=1002 time=240 joy=0 status=0 play=0 stop=0 fills=4 bytes=88192 underruns=0 recoveries=0 errors=0 sched_gaps=0 initial_complete=0 provisional_cycles=0 adopted=0 phase=0 phase_frames=6432070 generation=0
00327864 tid=4294825837 BACKEND cursor play=27704 write=29420 delta=1820 phase=0 phase_frames=6444942 track=13 offset_frames=848064 generation=0 cycles=0
00328298 tid=4294809657 SUMMARY window_ms=1009 time=312 joy=0 status=0 play=0 stop=0 fills=4 bytes=88192 underruns=0 recoveries=0 errors=0 sched_gaps=0 initial_complete=0 provisional_cycles=0 adopted=0 phase=0 phase_frames=6453935 generation=0
00328867 tid=4294825837 BACKEND cursor play=27928 write=29644 delta=2140 phase=0 phase_frames=6467046 track=13 offset_frames=870168 generation=0 cycles=0
00329315 tid=4294809657 SUMMARY window_ms=1017 time=288 joy=0 status=0 play=0 stop=0 fills=5 bytes=110240 underruns=0 recoveries=0 errors=0 sched_gaps=0 initial_complete=0 provisional_cycles=0 adopted=0 phase=0 phase_frames=6476735 generation=0
00329886 tid=4294825837 BACKEND cursor play=29656 write=31372 delta=1812 phase=0 phase_frames=6489526 track=13 offset_frames=892648 generation=0 cycles=0
00330325 tid=4294809657 SUMMARY window_ms=1009 time=256 joy=0 status=0 play=0 stop=0 fills=4 bytes=88192 underruns=0 recoveries=0 errors=0 sched_gaps=0 initial_complete=0 provisional_cycles=0 adopted=0 phase=0 phase_frames=6499188 generation=0
00330906 tid=4294825837 BACKEND cursor play=31440 write=33156 delta=1864 phase=0 phase_frames=6512020 track=13 offset_frames=915142 generation=0 cycles=0
00331325 tid=4294809657 SUMMARY window_ms=1001 time=253 joy=0 status=0 play=0 stop=0 fills=4 bytes=88192 underruns=0 recoveries=0 errors=0 sched_gaps=0 initial_complete=0 provisional_cycles=0 adopted=0 phase=0 phase_frames=6521181 generation=0
00331926 tid=4294825837 BACKEND cursor play=33144 write=34860 delta=1828 phase=0 phase_frames=6534494 track=13 offset_frames=937616 generation=0 cycles=0
00332343 tid=4294809657 SUMMARY window_ms=1018 time=275 joy=0 status=0 play=0 stop=0 fills=4 bytes=88192 underruns=0 recoveries=0 errors=0 sched_gaps=0 initial_complete=0 provisional_cycles=0 adopted=0 phase=0 phase_frames=6543513 generation=0
00332945 tid=4294825837 BACKEND cursor play=34868 write=36584 delta=2132 phase=0 phase_frames=6556973 track=13 offset_frames=960095 generation=0 cycles=0
00333346 tid=4294809657 SUMMARY window_ms=1003 time=245 joy=0 status=0 play=0 stop=0 fills=4 bytes=88192 underruns=0 recoveries=0 errors=0 sched_gaps=0 initial_complete=0 provisional_cycles=0 adopted=0 phase=0 phase_frames=6565310 generation=0
00333965 tid=4294825837 BACKEND cursor play=36632 write=38348 delta=2160 phase=0 phase_frames=6579462 track=13 offset_frames=982584 generation=0 cycles=0
00334361 tid=4294809657 SUMMARY window_ms=1015 time=227 joy=0 status=0 play=0 stop=0 fills=4 bytes=88192 underruns=0 recoveries=0 errors=0 sched_gaps=0 initial_complete=0 provisional_cycles=0 adopted=0 phase=0 phase_frames=6587781 generation=0
00334965 tid=4294825837 BACKEND cursor play=36584 write=38300 delta=3376 phase=0 phase_frames=6601498 track=13 offset_frames=1004620 generation=0 cycles=0
00335371 tid=4294809657 SUMMARY window_ms=1010 time=232 joy=0 status=0 play=0 stop=0 fills=4 bytes=88192 underruns=0 recoveries=0 errors=0 sched_gaps=0 initial_complete=0 provisional_cycles=0 adopted=0 phase=0 phase_frames=6610338 generation=0
00335967 tid=4294825837 BACKEND cursor play=36740 write=38456 delta=2324 phase=0 phase_frames=6623585 track=13 offset_frames=1026707 generation=0 cycles=0
00336397 tid=4294809657 SUMMARY window_ms=1026 time=224 joy=0 status=0 play=0 stop=0 fills=4 bytes=88192 underruns=0 recoveries=0 errors=0 sched_gaps=0 initial_complete=0 provisional_cycles=0 adopted=0 phase=0 phase_frames=6632820 generation=0
00336997 tid=4294825837 BACKEND cursor play=39384 write=41100 delta=2720 phase=0 phase_frames=6646294 track=13 offset_frames=1049416 generation=0 cycles=0
00337402 tid=4294809657 SUMMARY window_ms=1005 time=165 joy=0 status=0 play=0 stop=0 fills=4 bytes=88192 underruns=0 recoveries=0 errors=0 sched_gaps=0 initial_complete=0 provisional_cycles=0 adopted=0 phase=0 phase_frames=6654848 generation=0
00338023 tid=4294825837 BACKEND cursor play=41728 write=43444 delta=3108 phase=0 phase_frames=6668928 track=13 offset_frames=1072050 generation=0 cycles=0
00338432 tid=4294809657 SUMMARY window_ms=1030 time=163 joy=0 status=0 play=0 stop=0 fills=4 bytes=88192 underruns=0 recoveries=0 errors=0 sched_gaps=0 initial_complete=0 provisional_cycles=0 adopted=0 phase=0 phase_frames=6677785 generation=0
00339026 tid=4294825837 BACKEND cursor play=41952 write=43668 delta=1812 phase=0 phase_frames=6691032 track=13 offset_frames=1094154 generation=0 cycles=0
00339441 tid=4294809657 SUMMARY window_ms=1009 time=185 joy=0 status=0 play=0 stop=0 fills=4 bytes=88192 underruns=0 recoveries=0 errors=0 sched_gaps=0 initial_complete=0 provisional_cycles=0 adopted=0 phase=0 phase_frames=6699506 generation=0
00340042 tid=4294825837 BACKEND cursor play=43368 write=988 delta=4508 phase=0 phase_frames=6713434 track=13 offset_frames=1116556 generation=0 cycles=0
00340444 tid=4294809657 SUMMARY window_ms=1002 time=256 joy=0 status=0 play=0 stop=0 fills=4 bytes=88192 underruns=0 recoveries=0 errors=0 sched_gaps=0 initial_complete=0 provisional_cycles=0 adopted=0 phase=0 phase_frames=6721919 generation=0
00341045 tid=4294825837 BACKEND cursor play=43620 write=1240 delta=1784 phase=0 phase_frames=6735545 track=13 offset_frames=1138667 generation=0 cycles=0
00341443 tid=4294809657 SUMMARY window_ms=1000 time=313 joy=0 status=0 play=0 stop=0 fills=4 bytes=88192 underruns=0 recoveries=0 errors=0 sched_gaps=0 initial_complete=0 provisional_cycles=0 adopted=0 phase=0 phase_frames=6743945 generation=0
00342064 tid=4294825837 BACKEND cursor play=1244 write=2960 delta=2132 phase=0 phase_frames=6758023 track=13 offset_frames=1161145 generation=0 cycles=0
00342453 tid=4294809657 SUMMARY window_ms=1010 time=305 joy=0 status=0 play=0 stop=0 fills=4 bytes=88192 underruns=0 recoveries=0 errors=0 sched_gaps=0 initial_complete=0 provisional_cycles=0 adopted=0 phase=0 phase_frames=6766428 generation=0
00343079 tid=4294825837 BACKEND cursor play=2524 write=4240 delta=2872 phase=0 phase_frames=6780391 track=13 offset_frames=1183513 generation=0 cycles=0
00343462 tid=4294809657 SUMMARY window_ms=1009 time=240 joy=0 status=0 play=0 stop=0 fills=4 bytes=88192 underruns=0 recoveries=0 errors=0 sched_gaps=0 initial_complete=0 provisional_cycles=0 adopted=0 phase=0 phase_frames=6788378 generation=0
00344087 tid=4294825837 BACKEND cursor play=3204 write=4920 delta=1804 phase=0 phase_frames=6802609 track=13 offset_frames=1205731 generation=0 cycles=0
00344488 tid=4294809657 SUMMARY window_ms=1026 time=240 joy=0 status=0 play=0 stop=0 fills=4 bytes=88192 underruns=0 recoveries=0 errors=0 sched_gaps=0 initial_complete=0 provisional_cycles=0 adopted=0 phase=0 phase_frames=6811395 generation=0
00345103 tid=4294825837 BACKEND cursor play=4656 write=6372 delta=3348 phase=0 phase_frames=6825020 track=13 offset_frames=1228142 generation=0 cycles=0
00345497 tid=4294809657 SUMMARY window_ms=1009 time=232 joy=0 status=0 play=0 stop=0 fills=4 bytes=88192 underruns=0 recoveries=0 errors=0 sched_gaps=0 initial_complete=0 provisional_cycles=0 adopted=0 phase=0 phase_frames=6833341 generation=0
00346106 tid=4294825837 BACKEND cursor play=4864 write=6580 delta=1812 phase=0 phase_frames=6847120 track=13 offset_frames=1250242 generation=0 cycles=0
00346523 tid=4294809657 SUMMARY window_ms=1026 time=296 joy=0 status=0 play=0 stop=0 fills=4 bytes=88192 underruns=0 recoveries=0 errors=0 sched_gaps=0 initial_complete=0 provisional_cycles=0 adopted=0 phase=0 phase_frames=6856273 generation=0
00347124 tid=4294825837 BACKEND cursor play=6480 write=8196 delta=2020 phase=0 phase_frames=6869572 track=13 offset_frames=1272694 generation=0 cycles=0
00347534 tid=4294809657 SUMMARY window_ms=1011 time=256 joy=0 status=0 play=0 stop=0 fills=4 bytes=88192 underruns=0 recoveries=0 errors=0 sched_gaps=0 initial_complete=0 provisional_cycles=0 adopted=0 phase=0 phase_frames=6878388 generation=0
00348124 tid=4294825837 BACKEND cursor play=6512 write=8228 delta=2136 phase=0 phase_frames=6891628 track=13 offset_frames=1294750 generation=0 cycles=0
00348560 tid=4294809657 SUMMARY window_ms=1026 time=248 joy=0 status=0 play=0 stop=0 fills=5 bytes=110240 underruns=0 recoveries=0 errors=0 sched_gaps=0 initial_complete=0 provisional_cycles=0 adopted=0 phase=0 phase_frames=6901172 generation=0
00349127 tid=4294825837 BACKEND cursor play=6736 write=8452 delta=2008 phase=0 phase_frames=6913732 track=13 offset_frames=1316854 generation=0 cycles=0
00349584 tid=4294809657 SUMMARY window_ms=1024 time=308 joy=0 status=0 play=0 stop=0 fills=4 bytes=88192 underruns=0 recoveries=0 errors=0 sched_gaps=0 initial_complete=0 provisional_cycles=0 adopted=0 phase=0 phase_frames=6923423 generation=0
00350147 tid=4294825837 BACKEND cursor play=8488 write=10204 delta=2152 phase=0 phase_frames=6936218 track=13 offset_frames=1339340 generation=0 cycles=0
00350593 tid=4294809657 SUMMARY window_ms=1009 time=320 joy=0 status=0 play=0 stop=0 fills=4 bytes=88192 underruns=0 recoveries=0 errors=0 sched_gaps=0 initial_complete=0 provisional_cycles=0 adopted=0 phase=0 phase_frames=6945975 generation=0
00351165 tid=4294825837 BACKEND cursor play=10104 write=11820 delta=3532 phase=0 phase_frames=6958670 track=13 offset_frames=1361792 generation=0 cycles=0
00351603 tid=4294809657 SUMMARY window_ms=1010 time=320 joy=0 status=0 play=0 stop=0 fills=4 bytes=88192 underruns=0 recoveries=0 errors=0 sched_gaps=0 initial_complete=0 provisional_cycles=0 adopted=0 phase=0 phase_frames=6967909 generation=0
00352165 tid=4294825837 BACKEND cursor play=10100 write=11816 delta=2128 phase=0 phase_frames=6980717 track=13 offset_frames=1383839 generation=0 cycles=0
00352612 tid=4294809657 SUMMARY window_ms=1009 time=316 joy=0 status=0 play=0 stop=0 fills=4 bytes=88192 underruns=0 recoveries=0 errors=0 sched_gaps=0 initial_complete=0 provisional_cycles=0 adopted=0 phase=0 phase_frames=6990333 generation=0
00353181 tid=4294825837 BACKEND cursor play=11544 write=13260 delta=4572 phase=0 phase_frames=7003126 track=13 offset_frames=1406248 generation=0 cycles=0
00353621 tid=4294809657 SUMMARY window_ms=1009 time=310 joy=0 status=0 play=0 stop=0 fills=4 bytes=88192 underruns=0 recoveries=0 errors=0 sched_gaps=0 initial_complete=0 provisional_cycles=0 adopted=0 phase=0 phase_frames=7012817 generation=0
00354200 tid=4294825837 BACKEND cursor play=13176 write=14892 delta=2912 phase=0 phase_frames=7025582 track=13 offset_frames=1428704 generation=0 cycles=0
00354625 tid=4294809657 SUMMARY window_ms=1004 time=320 joy=0 status=0 play=0 stop=0 fills=4 bytes=88192 underruns=0 recoveries=0 errors=0 sched_gaps=0 initial_complete=0 provisional_cycles=0 adopted=0 phase=0 phase_frames=7034930 generation=0
00355221 tid=4294825837 BACKEND cursor play=15016 write=16732 delta=3020 phase=0 phase_frames=7048090 track=13 offset_frames=1451212 generation=0 cycles=0
00355653 tid=4294809657 SUMMARY window_ms=1028 time=322 joy=0 status=0 play=0 stop=0 fills=4 bytes=88192 underruns=0 recoveries=0 errors=0 sched_gaps=0 initial_complete=0 provisional_cycles=0 adopted=0 phase=0 phase_frames=7057477 generation=0
00356241 tid=4294825837 BACKEND cursor play=16756 write=18472 delta=3016 phase=0 phase_frames=7070573 track=13 offset_frames=1473695 generation=0 cycles=0
00356659 tid=4294809657 SUMMARY window_ms=1006 time=312 joy=0 status=0 play=0 stop=0 fills=4 bytes=88192 underruns=0 recoveries=0 errors=0 sched_gaps=0 initial_complete=0 provisional_cycles=0 adopted=0 phase=0 phase_frames=7079509 generation=0
00357247 tid=4294825837 BACKEND cursor play=17284 write=19000 delta=1816 phase=0 phase_frames=7092753 track=13 offset_frames=1495875 generation=0 cycles=0
00357675 tid=4294809657 SUMMARY window_ms=1016 time=326 joy=0 status=0 play=0 stop=0 fills=4 bytes=88192 underruns=0 recoveries=0 errors=0 sched_gaps=0 initial_complete=0 provisional_cycles=0 adopted=0 phase=0 phase_frames=7102174 generation=0
00358266 tid=4294825837 BACKEND cursor play=19016 write=20732 delta=1816 phase=0 phase_frames=7115234 track=13 offset_frames=1518356 generation=0 cycles=0
00358695 tid=4294809657 SUMMARY window_ms=1020 time=328 joy=0 status=0 play=0 stop=0 fills=4 bytes=88192 underruns=0 recoveries=0 errors=0 sched_gaps=0 initial_complete=0 provisional_cycles=0 adopted=0 phase=0 phase_frames=7124660 generation=0
00359286 tid=4294825837 BACKEND cursor play=20760 write=22476 delta=3624 phase=0 phase_frames=7137718 track=13 offset_frames=1540840 generation=0 cycles=0
00359701 tid=4294809657 SUMMARY window_ms=1006 time=245 joy=0 status=0 play=0 stop=0 fills=4 bytes=88192 underruns=0 recoveries=0 errors=0 sched_gaps=0 initial_complete=0 provisional_cycles=0 adopted=0 phase=0 phase_frames=7146855 generation=0
00360286 tid=4294825837 BACKEND cursor play=20720 write=22436 delta=2136 phase=0 phase_frames=7159756 track=13 offset_frames=1562878 generation=0 cycles=0
00360703 tid=4294809657 SUMMARY window_ms=1002 time=236 joy=0 status=0 play=0 stop=0 fills=4 bytes=88192 underruns=0 recoveries=0 errors=0 sched_gaps=0 initial_complete=0 provisional_cycles=0 adopted=0 phase=0 phase_frames=7168602 generation=0
00361305 tid=4294825837 BACKEND cursor play=22412 write=24128 delta=1820 phase=0 phase_frames=7182227 track=13 offset_frames=1585349 generation=0 cycles=0
00361712 tid=4294809657 SUMMARY window_ms=1009 time=312 joy=0 status=0 play=0 stop=0 fills=4 bytes=88192 underruns=0 recoveries=0 errors=0 sched_gaps=0 initial_complete=0 provisional_cycles=0 adopted=0 phase=0 phase_frames=7191092 generation=0
00362321 tid=4294825837 BACKEND cursor play=23828 write=25544 delta=3008 phase=0 phase_frames=7204629 track=13 offset_frames=1607751 generation=0 cycles=0
00362738 tid=4294809657 SUMMARY window_ms=1026 time=278 joy=0 status=0 play=0 stop=0 fills=4 bytes=88192 underruns=0 recoveries=0 errors=0 sched_gaps=0 initial_complete=0 provisional_cycles=0 adopted=0 phase=0 phase_frames=7213486 generation=0
00363341 tid=4294825837 BACKEND cursor play=25560 write=27276 delta=3004 phase=0 phase_frames=7227110 track=13 offset_frames=1630232 generation=0 cycles=0
00363743 tid=4294809657 SUMMARY window_ms=1005 time=303 joy=0 status=0 play=0 stop=0 fills=4 bytes=88192 underruns=0 recoveries=0 errors=0 sched_gaps=0 initial_complete=0 provisional_cycles=0 adopted=0 phase=0 phase_frames=7235592 generation=0
00364364 tid=4294825837 BACKEND cursor play=27616 write=29332 delta=2408 phase=0 phase_frames=7249672 track=13 offset_frames=1652794 generation=0 cycles=0
00364756 tid=4294809657 SUMMARY window_ms=1013 time=318 joy=0 status=0 play=0 stop=0 fills=4 bytes=88192 underruns=0 recoveries=0 errors=0 sched_gaps=0 initial_complete=0 provisional_cycles=0 adopted=0 phase=0 phase_frames=7258075 generation=0
00365367 tid=4294825837 BACKEND cursor play=27836 write=29552 delta=1824 phase=0 phase_frames=7271775 track=13 offset_frames=1674897 generation=0 cycles=0
00365760 tid=4294809657 SUMMARY window_ms=1004 time=316 joy=0 status=0 play=0 stop=0 fills=4 bytes=88192 underruns=0 recoveries=0 errors=0 sched_gaps=0 initial_complete=0 provisional_cycles=0 adopted=0 phase=0 phase_frames=7280453 generation=0
00366386 tid=4294825837 BACKEND cursor play=29576 write=31292 delta=1812 phase=0 phase_frames=7294258 track=13 offset_frames=1697380 generation=0 cycles=0
00366769 tid=4294809657 SUMMARY window_ms=1009 time=320 joy=0 status=0 play=0 stop=0 fills=4 bytes=88192 underruns=0 recoveries=0 errors=0 sched_gaps=0 initial_complete=0 provisional_cycles=0 adopted=0 phase=0 phase_frames=7302583 generation=0
00367402 tid=4294825837 BACKEND cursor play=30988 write=32704 delta=4544 phase=0 phase_frames=7316659 track=13 offset_frames=1719781 generation=0 cycles=0
00367779 tid=4294809657 SUMMARY window_ms=1010 time=320 joy=0 status=0 play=0 stop=0 fills=4 bytes=88192 underruns=0 recoveries=0 errors=0 sched_gaps=0 initial_complete=0 provisional_cycles=0 adopted=0 phase=0 phase_frames=7324688 generation=0
00368405 tid=4294825837 BACKEND cursor play=31224 write=32940 delta=1800 phase=0 phase_frames=7338766 track=13 offset_frames=1741888 generation=0 cycles=0
00368781 tid=4294809657 SUMMARY window_ms=1002 time=325 joy=0 status=0 play=0 stop=0 fills=4 bytes=88192 underruns=0 recoveries=0 errors=0 sched_gaps=0 initial_complete=0 provisional_cycles=0 adopted=0 phase=0 phase_frames=7346716 generation=0
00369423 tid=4294825837 BACKEND cursor play=32788 write=34504 delta=2852 phase=0 phase_frames=7361205 track=13 offset_frames=1764327 generation=0 cycles=0
00369781 tid=4294809657 SUMMARY window_ms=1000 time=303 joy=0 status=0 play=0 stop=0 fills=4 bytes=88192 underruns=0 recoveries=0 errors=0 sched_gaps=0 initial_complete=0 provisional_cycles=0 adopted=0 phase=0 phase_frames=7368744 generation=0
00370434 tid=4294825837 BACKEND cursor play=33800 write=35516 delta=2444 phase=0 phase_frames=7383506 track=13 offset_frames=1786628 generation=0 cycles=0
00370783 tid=4294809657 SUMMARY window_ms=1002 time=315 joy=0 status=0 play=0 stop=0 fills=4 bytes=88192 underruns=0 recoveries=0 errors=0 sched_gaps=0 initial_complete=0 provisional_cycles=0 adopted=0 phase=0 phase_frames=7390776 generation=0
00371454 tid=4294825837 BACKEND cursor play=35496 write=37212 delta=2568 phase=0 phase_frames=7405978 track=13 offset_frames=1809100 generation=0 cycles=0
00371785 tid=4294809657 SUMMARY window_ms=1002 time=320 joy=0 status=0 play=0 stop=0 fills=4 bytes=88192 underruns=0 recoveries=0 errors=0 sched_gaps=0 initial_complete=0 provisional_cycles=0 adopted=0 phase=0 phase_frames=7412873 generation=0
00372460 tid=4294825837 BACKEND cursor play=36028 write=37744 delta=3012 phase=0 phase_frames=7428159 track=13 offset_frames=1831281 generation=0 cycles=0
00372792 tid=4294809657 SUMMARY window_ms=1007 time=316 joy=0 status=0 play=0 stop=0 fills=4 bytes=88192 underruns=0 recoveries=0 errors=0 sched_gaps=0 initial_complete=0 provisional_cycles=0 adopted=0 phase=0 phase_frames=7435353 generation=0
00373466 tid=4294825837 BACKEND cursor play=36568 write=38284 delta=1820 phase=0 phase_frames=7450342 track=13 offset_frames=1853464 generation=0 cycles=0
00373796 tid=4294809657 SUMMARY window_ms=1004 time=291 joy=0 status=0 play=0 stop=0 fills=4 bytes=88192 underruns=0 recoveries=0 errors=0 sched_gaps=0 initial_complete=0 provisional_cycles=0 adopted=0 phase=0 phase_frames=7457394 generation=0
00374486 tid=4294825837 BACKEND cursor play=38296 write=40012 delta=1804 phase=0 phase_frames=7472822 track=13 offset_frames=1875944 generation=0 cycles=0
00374816 tid=4294809657 SUMMARY window_ms=1020 time=259 joy=0 status=0 play=0 stop=0 fills=5 bytes=110240 underruns=0 recoveries=0 errors=0 sched_gaps=0 initial_complete=0 provisional_cycles=0 adopted=0 phase=0 phase_frames=7479864 generation=0
00375504 tid=4294825837 BACKEND cursor play=39944 write=41660 delta=1760 phase=0 phase_frames=7495282 track=13 offset_frames=1898404 generation=0 cycles=0
00375842 tid=4294809657 SUMMARY window_ms=1026 time=248 joy=0 status=0 play=0 stop=0 fills=4 bytes=88192 underruns=0 recoveries=0 errors=0 sched_gaps=0 initial_complete=0 provisional_cycles=0 adopted=0 phase=0 phase_frames=7502206 generation=0
00376520 tid=4294825837 BACKEND cursor play=41316 write=43032 delta=2288 phase=0 phase_frames=7517673 track=13 offset_frames=1920795 generation=0 cycles=0
00376852 tid=4294809657 SUMMARY window_ms=1010 time=268 joy=0 status=0 play=0 stop=0 fills=4 bytes=88192 underruns=0 recoveries=0 errors=0 sched_gaps=0 initial_complete=0 provisional_cycles=0 adopted=0 phase=0 phase_frames=7524826 generation=0
00377538 tid=4294825837 BACKEND cursor play=42888 write=508 delta=2716 phase=0 phase_frames=7540114 track=13 offset_frames=1943236 generation=0 cycles=0
00377861 tid=4294809657 SUMMARY window_ms=1009 time=240 joy=0 status=0 play=0 stop=0 fills=4 bytes=88192 underruns=0 recoveries=0 errors=0 sched_gaps=0 initial_complete=0 provisional_cycles=0 adopted=0 phase=0 phase_frames=7546850 generation=0
00378561 tid=4294825837 BACKEND cursor play=844 write=2560 delta=4536 phase=0 phase_frames=7562675 track=13 offset_frames=1965797 generation=0 cycles=0
00378880 tid=4294809657 SUMMARY window_ms=1019 time=256 joy=0 status=0 play=0 stop=0 fills=4 bytes=88192 underruns=0 recoveries=0 errors=0 sched_gaps=0 initial_complete=0 provisional_cycles=0 adopted=0 phase=0 phase_frames=7569412 generation=0
00379567 tid=4294825837 BACKEND cursor play=1368 write=3084 delta=1816 phase=0 phase_frames=7584854 track=13 offset_frames=1987976 generation=0 cycles=0
00379896 tid=4294809657 SUMMARY window_ms=1016 time=280 joy=0 status=0 play=0 stop=0 fills=4 bytes=88192 underruns=0 recoveries=0 errors=0 sched_gaps=0 initial_complete=0 provisional_cycles=0 adopted=0 phase=0 phase_frames=7591892 generation=0
00380567 tid=4294825837 BACKEND cursor play=1320 write=3036 delta=2152 phase=0 phase_frames=7606890 track=13 offset_frames=2010012 generation=0 cycles=0
00380905 tid=4294809657 SUMMARY window_ms=1009 time=280 joy=0 status=0 play=0 stop=0 fills=4 bytes=88192 underruns=0 recoveries=0 errors=0 sched_gaps=0 initial_complete=0 provisional_cycles=0 adopted=0 phase=0 phase_frames=7613921 generation=0
00381586 tid=4294825837 BACKEND cursor play=3024 write=4740 delta=1820 phase=0 phase_frames=7629364 track=13 offset_frames=2032486 generation=0 cycles=0
00381908 tid=4294809657 SUMMARY window_ms=1003 time=288 joy=0 status=0 play=0 stop=0 fills=4 bytes=88192 underruns=0 recoveries=0 errors=0 sched_gaps=0 initial_complete=0 provisional_cycles=0 adopted=0 phase=0 phase_frames=7636402 generation=0
00382606 tid=4294825837 BACKEND cursor play=4752 write=6468 delta=2500 phase=0 phase_frames=7651844 track=13 offset_frames=2054966 generation=0 cycles=0
00382916 tid=4294809657 SUMMARY window_ms=1008 time=336 joy=0 status=0 play=0 stop=0 fills=4 bytes=88192 underruns=0 recoveries=0 errors=0 sched_gaps=0 initial_complete=0 provisional_cycles=0 adopted=0 phase=0 phase_frames=7658351 generation=0
00383625 tid=4294825837 BACKEND cursor play=6484 write=8200 delta=2728 phase=0 phase_frames=7674325 track=13 offset_frames=2077447 generation=0 cycles=0
00383917 tid=4294809657 SUMMARY window_ms=1001 time=328 joy=0 status=0 play=0 stop=0 fills=4 bytes=88192 underruns=0 recoveries=0 errors=0 sched_gaps=0 initial_complete=0 provisional_cycles=0 adopted=0 phase=0 phase_frames=7680379 generation=0
00384645 tid=4294825837 BACKEND cursor play=8228 write=9944 delta=2136 phase=0 phase_frames=7696809 track=13 offset_frames=2099931 generation=0 cycles=0
00384926 tid=4294809657 SUMMARY window_ms=1009 time=240 joy=0 status=0 play=0 stop=0 fills=4 bytes=88192 underruns=0 recoveries=0 errors=0 sched_gaps=0 initial_complete=0 provisional_cycles=0 adopted=0 phase=0 phase_frames=7702572 generation=0
00385661 tid=4294825837 BACKEND cursor play=9648 write=11364 delta=3640 phase=0 phase_frames=7719212 track=13 offset_frames=2122334 generation=0 cycles=0
00385935 tid=4294809657 SUMMARY window_ms=1009 time=240 joy=0 status=0 play=0 stop=0 fills=4 bytes=88192 underruns=0 recoveries=0 errors=0 sched_gaps=0 initial_complete=0 provisional_cycles=0 adopted=0 phase=0 phase_frames=7724964 generation=0
00386680 tid=4294825837 BACKEND cursor play=11288 write=13004 delta=2920 phase=0 phase_frames=7741670 track=13 offset_frames=2144792 generation=0 cycles=0
00386945 tid=4294809657 SUMMARY window_ms=1009 time=240 joy=0 status=0 play=0 stop=0 fills=4 bytes=88192 underruns=0 recoveries=0 errors=0 sched_gaps=0 initial_complete=0 provisional_cycles=0 adopted=0 phase=0 phase_frames=7747072 generation=0
00387687 tid=4294825837 BACKEND cursor play=11920 write=13636 delta=1820 phase=0 phase_frames=7763876 track=13 offset_frames=2166998 generation=0 cycles=0
00387970 tid=4294809657 SUMMARY window_ms=1026 time=248 joy=0 status=0 play=0 stop=0 fills=4 bytes=88192 underruns=0 recoveries=0 errors=0 sched_gaps=0 initial_complete=0 provisional_cycles=0 adopted=0 phase=0 phase_frames=7770006 generation=0
00388707 tid=4294825837 BACKEND cursor play=13652 write=15368 delta=1816 phase=0 phase_frames=7786357 track=13 offset_frames=2189479 generation=0 cycles=0
00388980 tid=4294809657 SUMMARY window_ms=1010 time=249 joy=0 status=0 play=0 stop=0 fills=4 bytes=88192 underruns=0 recoveries=0 errors=0 sched_gaps=0 initial_complete=0 provisional_cycles=0 adopted=0 phase=0 phase_frames=7792383 generation=0
00389726 tid=4294825837 BACKEND cursor play=15392 write=17108 delta=1828 phase=0 phase_frames=7808840 track=13 offset_frames=2211962 generation=0 cycles=0
00389989 tid=4294809657 SUMMARY window_ms=1009 time=296 joy=0 status=0 play=0 stop=0 fills=4 bytes=88192 underruns=0 recoveries=0 errors=0 sched_gaps=0 initial_complete=0 provisional_cycles=0 adopted=0 phase=0 phase_frames=7814137 generation=0
00390746 tid=4294825837 BACKEND cursor play=17128 write=18844 delta=2144 phase=0 phase_frames=7831322 track=13 offset_frames=2234444 generation=0 cycles=0
00391031 tid=4294809657 SUMMARY window_ms=1042 time=305 joy=0 status=0 play=0 stop=0 fills=4 bytes=88192 underruns=0 recoveries=0 errors=0 sched_gaps=0 initial_complete=0 provisional_cycles=0 adopted=0 phase=0 phase_frames=7837072 generation=0
00391766 tid=4294825837 BACKEND cursor play=18848 write=20564 delta=1808 phase=0 phase_frames=7853800 track=13 offset_frames=2256922 generation=0 cycles=0
00392041 tid=4294809657 SUMMARY window_ms=1010 time=320 joy=0 status=0 play=0 stop=0 fills=4 bytes=88192 underruns=0 recoveries=0 errors=0 sched_gaps=0 initial_complete=0 provisional_cycles=0 adopted=0 phase=0 phase_frames=7859554 generation=0
00392786 tid=4294825837 BACKEND cursor play=20592 write=22308 delta=1820 phase=0 phase_frames=7876284 track=13 offset_frames=2279406 generation=0 cycles=0
00393070 tid=4294809657 SUMMARY window_ms=1029 time=316 joy=0 status=0 play=0 stop=0 fills=5 bytes=110240 underruns=0 recoveries=0 errors=0 sched_gaps=0 initial_complete=0 provisional_cycles=0 adopted=0 phase=0 phase_frames=7882342 generation=0
00393805 tid=4294825837 BACKEND cursor play=22316 write=24032 delta=1812 phase=0 phase_frames=7898763 track=13 offset_frames=2301885 generation=0 cycles=0
00394076 tid=4294809657 SUMMARY window_ms=1006 time=260 joy=0 status=0 play=0 stop=0 fills=4 bytes=88192 underruns=0 recoveries=0 errors=0 sched_gaps=0 initial_complete=0 provisional_cycles=0 adopted=0 phase=0 phase_frames=7904531 generation=0
00394825 tid=4294825837 BACKEND cursor play=24064 write=25780 delta=2140 phase=0 phase_frames=7921248 track=13 offset_frames=2324370 generation=0 cycles=0
00395085 tid=4294809657 SUMMARY window_ms=1009 time=277 joy=0 status=0 play=0 stop=0 fills=4 bytes=88192 underruns=0 recoveries=0 errors=0 sched_gaps=0 initial_complete=0 provisional_cycles=0 adopted=0 phase=0 phase_frames=7926545 generation=0
00395841 tid=4294825837 BACKEND cursor play=25484 write=27200 delta=3020 phase=0 phase_frames=7943651 track=13 offset_frames=2346773 generation=0 cycles=0
00396094 tid=4294809657 SUMMARY window_ms=1009 time=292 joy=0 status=0 play=0 stop=0 fills=4 bytes=88192 underruns=0 recoveries=0 errors=0 sched_gaps=0 initial_complete=0 provisional_cycles=0 adopted=0 phase=0 phase_frames=7949028 generation=0
00396841 tid=4294825837 BACKEND cursor play=25444 write=27160 delta=3060 phase=0 phase_frames=7965689 track=13 offset_frames=2368811 generation=0 cycles=0
00397094 tid=4294809657 SUMMARY window_ms=1000 time=237 joy=0 status=0 play=0 stop=0 fills=4 bytes=88192 underruns=0 recoveries=0 errors=0 sched_gaps=0 initial_complete=0 provisional_cycles=0 adopted=0 phase=0 phase_frames=7971064 generation=0
00397843 tid=4294825837 BACKEND cursor play=25612 write=27328 delta=3284 phase=0 phase_frames=7987779 track=13 offset_frames=2390901 generation=0 cycles=0
00398097 tid=4294809657 SUMMARY window_ms=1002 time=235 joy=0 status=0 play=0 stop=0 fills=4 bytes=88192 underruns=0 recoveries=0 errors=0 sched_gaps=0 initial_complete=0 provisional_cycles=0 adopted=0 phase=0 phase_frames=7992928 generation=0
00398845 tid=4294825837 BACKEND cursor play=25844 write=27560 delta=2080 phase=0 phase_frames=8009885 track=13 offset_frames=2413007 generation=0 cycles=0
00399106 tid=4294809657 SUMMARY window_ms=1010 time=248 joy=0 status=0 play=0 stop=0 fills=4 bytes=88192 underruns=0 recoveries=0 errors=0 sched_gaps=0 initial_complete=0 provisional_cycles=0 adopted=0 phase=0 phase_frames=8015631 generation=0
00399866 tid=4294825837 BACKEND cursor play=27628 write=29344 delta=1868 phase=0 phase_frames=8032379 track=13 offset_frames=2435501 generation=0 cycles=0
00400126 tid=4294809657 SUMMARY window_ms=1020 time=313 joy=0 status=0 play=0 stop=0 fills=4 bytes=88192 underruns=0 recoveries=0 errors=0 sched_gaps=0 initial_complete=0 provisional_cycles=0 adopted=0 phase=0 phase_frames=8037634 generation=0
00400885 tid=4294825837 BACKEND cursor play=29308 write=31024 delta=1808 phase=0 phase_frames=8054847 track=13 offset_frames=2457969 generation=0 cycles=0
00401137 tid=4294809657 SUMMARY window_ms=1011 time=300 joy=0 status=0 play=0 stop=0 fills=4 bytes=88192 underruns=0 recoveries=0 errors=0 sched_gaps=0 initial_complete=0 provisional_cycles=0 adopted=0 phase=0 phase_frames=8060067 generation=0
00401901 tid=4294825837 BACKEND cursor play=30732 write=32448 delta=3012 phase=0 phase_frames=8077251 track=13 offset_frames=2480373 generation=0 cycles=0
00402140 tid=4294809657 SUMMARY window_ms=1003 time=251 joy=0 status=0 play=0 stop=0 fills=4 bytes=88192 underruns=0 recoveries=0 errors=0 sched_gaps=0 initial_complete=0 provisional_cycles=0 adopted=0 phase=0 phase_frames=8081848 generation=0
00402907 tid=4294825837 BACKEND cursor play=31276 write=32992 delta=1820 phase=0 phase_frames=8099435 track=13 offset_frames=2502557 generation=0 cycles=0
00403176 tid=4294809657 SUMMARY window_ms=1036 time=203 joy=0 status=0 play=0 stop=0 fills=4 bytes=88192 underruns=0 recoveries=0 errors=0 sched_gaps=0 initial_complete=0 provisional_cycles=0 adopted=0 phase=0 phase_frames=8105032 generation=0
00403927 tid=4294825837 BACKEND cursor play=33008 write=34724 delta=2140 phase=0 phase_frames=8121916 track=13 offset_frames=2525038 generation=0 cycles=0
00404185 tid=4294809657 SUMMARY window_ms=1009 time=168 joy=0 status=0 play=0 stop=0 fills=4 bytes=88192 underruns=0 recoveries=0 errors=0 sched_gaps=0 initial_complete=0 provisional_cycles=0 adopted=0 phase=0 phase_frames=8127512 generation=0
00404946 tid=4294825837 BACKEND cursor play=34692 write=36408 delta=1764 phase=0 phase_frames=8144385 track=13 offset_frames=2547507 generation=0 cycles=0
00405195 tid=4294809657 SUMMARY window_ms=1010 time=225 joy=0 status=0 play=0 stop=0 fills=4 bytes=88192 underruns=0 recoveries=0 errors=0 sched_gaps=0 initial_complete=0 provisional_cycles=0 adopted=0 phase=0 phase_frames=8149694 generation=0
00405952 tid=4294825837 BACKEND cursor play=35260 write=36976 delta=2416 phase=0 phase_frames=8166575 track=13 offset_frames=2569697 generation=0 cycles=0
00406221 tid=4294809657 SUMMARY window_ms=1026 time=280 joy=0 status=0 play=0 stop=0 fills=4 bytes=88192 underruns=0 recoveries=0 errors=0 sched_gaps=0 initial_complete=0 provisional_cycles=0 adopted=0 phase=0 phase_frames=8172176 generation=0
00406965 tid=4294825837 BACKEND cursor play=36332 write=38048 delta=2072 phase=0 phase_frames=8188891 track=13 offset_frames=2592013 generation=0 cycles=0
00407247 tid=4294809657 SUMMARY window_ms=1026 time=288 joy=0 status=0 play=0 stop=0 fills=4 bytes=88192 underruns=0 recoveries=0 errors=0 sched_gaps=0 initial_complete=0 provisional_cycles=0 adopted=0 phase=0 phase_frames=8194658 generation=0
00407985 tid=4294825837 BACKEND cursor play=38124 write=39840 delta=2440 phase=0 phase_frames=8211387 track=13 offset_frames=2614509 generation=0 cycles=0
00408266 tid=4294809657 SUMMARY window_ms=1019 time=295 joy=0 status=0 play=0 stop=0 fills=4 bytes=88192 underruns=0 recoveries=0 errors=0 sched_gaps=0 initial_complete=0 provisional_cycles=0 adopted=0 phase=0 phase_frames=8217584 generation=0
00408988 tid=4294825837 BACKEND cursor play=38376 write=40092 delta=1848 phase=0 phase_frames=8233498 track=13 offset_frames=2636620 generation=0 cycles=0
00409276 tid=4294809657 SUMMARY window_ms=1010 time=248 joy=0 status=0 play=0 stop=0 fills=4 bytes=88192 underruns=0 recoveries=0 errors=0 sched_gaps=0 initial_complete=0 provisional_cycles=0 adopted=0 phase=0 phase_frames=8239623 generation=0
00410030 tid=4294825837 BACKEND cursor play=42064 write=43780 delta=3796 phase=0 phase_frames=8256468 track=13 offset_frames=2659590 generation=0 cycles=0
00410280 tid=4294809657 SUMMARY window_ms=1004 time=308 joy=0 status=0 play=0 stop=0 fills=4 bytes=88192 underruns=0 recoveries=0 errors=0 sched_gaps=0 initial_complete=0 provisional_cycles=0 adopted=0 phase=0 phase_frames=8261648 generation=0
00411034 tid=4294825837 BACKEND cursor play=42404 write=24 delta=2404 phase=0 phase_frames=8278601 track=13 offset_frames=2681723 generation=0 cycles=0
00411300 tid=4294809657 SUMMARY window_ms=1020 time=259 joy=0 status=0 play=0 stop=0 fills=4 bytes=88192 underruns=0 recoveries=0 errors=0 sched_gaps=0 initial_complete=0 provisional_cycles=0 adopted=0 phase=0 phase_frames=8284052 generation=0
00412043 tid=4294825837 BACKEND cursor play=43236 write=856 delta=3432 phase=0 phase_frames=8300857 track=13 offset_frames=2703979 generation=0 cycles=0
00412309 tid=4294809657 SUMMARY window_ms=1009 time=312 joy=0 status=0 play=0 stop=0 fills=4 bytes=88192 underruns=0 recoveries=0 errors=0 sched_gaps=0 initial_complete=0 provisional_cycles=0 adopted=0 phase=0 phase_frames=8306232 generation=0
00413046 tid=4294825837 BACKEND cursor play=43464 write=1084 delta=1776 phase=0 phase_frames=8322962 track=13 offset_frames=2726084 generation=0 cycles=0
00413319 tid=4294809657 SUMMARY window_ms=1010 time=248 joy=0 status=0 play=0 stop=0 fills=5 bytes=110240 underruns=0 recoveries=0 errors=0 sched_gaps=0 initial_complete=0 provisional_cycles=0 adopted=0 phase=0 phase_frames=8328715 generation=0
00414066 tid=4294825837 BACKEND cursor play=1108 write=2824 delta=2448 phase=0 phase_frames=8345445 track=13 offset_frames=2748567 generation=0 cycles=0
00414345 tid=4294809657 SUMMARY window_ms=1026 time=249 joy=0 status=0 play=0 stop=0 fills=4 bytes=88192 underruns=0 recoveries=0 errors=0 sched_gaps=0 initial_complete=0 provisional_cycles=0 adopted=0 phase=0 phase_frames=8351603 generation=0
00415102 tid=4294825837 BACKEND cursor play=4340 write=6056 delta=3328 phase=0 phase_frames=8368301 track=13 offset_frames=2771423 generation=0 cycles=0
00415347 tid=4294809657 SUMMARY window_ms=1002 time=296 joy=0 status=0 play=0 stop=0 fills=4 bytes=88192 underruns=0 recoveries=0 errors=0 sched_gaps=0 initial_complete=0 provisional_cycles=0 adopted=0 phase=0 phase_frames=8373223 generation=0
00416125 tid=4294825837 BACKEND cursor play=6380 write=8096 delta=2428 phase=0 phase_frames=8390859 track=13 offset_frames=2793981 generation=0 cycles=0
00416356 tid=4294809657 SUMMARY window_ms=1009 time=323 joy=0 status=0 play=0 stop=0 fills=4 bytes=88192 underruns=0 recoveries=0 errors=0 sched_gaps=0 initial_complete=0 provisional_cycles=0 adopted=0 phase=0 phase_frames=8395249 generation=0
00417125 tid=4294825837 BACKEND cursor play=6308 write=8024 delta=1824 phase=0 phase_frames=8412889 track=13 offset_frames=2816011 generation=0 cycles=0
00417373 tid=4294809657 SUMMARY window_ms=1017 time=272 joy=0 status=0 play=0 stop=0 fills=4 bytes=88192 underruns=0 recoveries=0 errors=0 sched_gaps=0 initial_complete=0 provisional_cycles=0 adopted=0 phase=0 phase_frames=8417274 generation=0
00418127 tid=4294825837 BACKEND cursor play=6520 write=8236 delta=1816 phase=0 phase_frames=8434990 track=13 offset_frames=2838112 generation=0 cycles=0
00418399 tid=4294809657 SUMMARY window_ms=1026 time=304 joy=0 status=0 play=0 stop=0 fills=4 bytes=88192 underruns=0 recoveries=0 errors=0 sched_gaps=0 initial_complete=0 provisional_cycles=0 adopted=0 phase=0 phase_frames=8440669 generation=0
00419147 tid=4294825837 BACKEND cursor play=8256 write=9972 delta=1820 phase=0 phase_frames=8457472 track=13 offset_frames=2860594 generation=0 cycles=0
00419425 tid=4294809657 SUMMARY window_ms=1025 time=248 joy=0 status=0 play=0 stop=0 fills=4 bytes=88192 underruns=0 recoveries=0 errors=0 sched_gaps=0 initial_complete=0 provisional_cycles=0 adopted=0 phase=0 phase_frames=8463523 generation=0
00420166 tid=4294825837 BACKEND cursor play=9984 write=11700 delta=1812 phase=0 phase_frames=8479952 track=13 offset_frames=2883074 generation=0 cycles=0
00420434 tid=4294809657 SUMMARY window_ms=1010 time=240 joy=0 status=0 play=0 stop=0 fills=4 bytes=88192 underruns=0 recoveries=0 errors=0 sched_gaps=0 initial_complete=0 provisional_cycles=0 adopted=0 phase=0 phase_frames=8485263 generation=0
00421183 tid=4294825837 BACKEND cursor play=11408 write=13124 delta=3320 phase=0 phase_frames=8502356 track=13 offset_frames=2905478 generation=0 cycles=0
00421459 tid=4294809657 SUMMARY window_ms=1025 time=240 joy=0 status=0 play=0 stop=0 fills=4 bytes=88192 underruns=0 recoveries=0 errors=0 sched_gaps=0 initial_complete=0 provisional_cycles=0 adopted=0 phase=0 phase_frames=8507731 generation=0
00422185 tid=4294825837 BACKEND cursor play=11640 write=13356 delta=1796 phase=0 phase_frames=8524462 track=13 offset_frames=2927584 generation=0 cycles=0
00422469 tid=4294809657 SUMMARY window_ms=1010 time=240 joy=0 status=0 play=0 stop=0 fills=4 bytes=88192 underruns=0 recoveries=0 errors=0 sched_gaps=0 initial_complete=0 provisional_cycles=0 adopted=0 phase=0 phase_frames=8530676 generation=0
00423205 tid=4294825837 BACKEND cursor play=13376 write=15092 delta=2200 phase=0 phase_frames=8546944 track=13 offset_frames=2950066 generation=0 cycles=0
00423478 tid=4294809657 SUMMARY window_ms=1009 time=240 joy=0 status=0 play=0 stop=0 fills=4 bytes=88192 underruns=0 recoveries=0 errors=0 sched_gaps=0 initial_complete=0 provisional_cycles=0 adopted=0 phase=0 phase_frames=8552698 generation=0
00424225 tid=4294825837 BACKEND cursor play=15108 write=16824 delta=2136 phase=0 phase_frames=8569425 track=13 offset_frames=2972547 generation=0 cycles=0
00424504 tid=4294809657 SUMMARY window_ms=1026 time=248 joy=0 status=0 play=0 stop=0 fills=4 bytes=88192 underruns=0 recoveries=0 errors=0 sched_gaps=0 initial_complete=0 provisional_cycles=0 adopted=0 phase=0 phase_frames=8575179 generation=0
00425244 tid=4294825837 BACKEND cursor play=16836 write=18552 delta=1816 phase=0 phase_frames=8591905 track=13 offset_frames=2995027 generation=0 cycles=0
00425523 tid=4294809657 SUMMARY window_ms=1019 time=272 joy=0 status=0 play=0 stop=0 fills=4 bytes=88192 underruns=0 recoveries=0 errors=0 sched_gaps=0 initial_complete=0 provisional_cycles=0 adopted=0 phase=0 phase_frames=8597662 generation=0
00426247 tid=4294825837 BACKEND cursor play=17072 write=18788 delta=1824 phase=0 phase_frames=8614012 track=13 offset_frames=3017134 generation=0 cycles=0
00426539 tid=4294809657 SUMMARY window_ms=1016 time=280 joy=0 status=0 play=0 stop=0 fills=4 bytes=88192 underruns=0 recoveries=0 errors=0 sched_gaps=0 initial_complete=0 provisional_cycles=0 adopted=0 phase=0 phase_frames=8620140 generation=0
00427267 tid=4294825837 BACKEND cursor play=18796 write=20512 delta=1812 phase=0 phase_frames=8636491 track=13 offset_frames=3039613 generation=0 cycles=0
00427548 tid=4294809657 SUMMARY window_ms=1009 time=216 joy=0 status=0 play=0 stop=0 fills=4 bytes=88192 underruns=0 recoveries=0 errors=0 sched_gaps=0 initial_complete=0 provisional_cycles=0 adopted=0 phase=0 phase_frames=8642552 generation=0
00428283 tid=4294825837 BACKEND cursor play=20208 write=21924 delta=3308 phase=0 phase_frames=8658892 track=13 offset_frames=3062014 generation=0 cycles=0
00428558 tid=4294809657 SUMMARY window_ms=1010 time=296 joy=0 status=0 play=0 stop=0 fills=4 bytes=88192 underruns=0 recoveries=0 errors=0 sched_gaps=0 initial_complete=0 provisional_cycles=0 adopted=0 phase=0 phase_frames=8664270 generation=0
00429302 tid=4294825837 BACKEND cursor play=21908 write=23624 delta=3276 phase=0 phase_frames=8681365 track=13 offset_frames=3084487 generation=0 cycles=0
00429576 tid=4294809657 SUMMARY window_ms=1018 time=320 joy=0 status=0 play=0 stop=0 fills=4 bytes=88192 underruns=0 recoveries=0 errors=0 sched_gaps=0 initial_complete=0 provisional_cycles=0 adopted=0 phase=0 phase_frames=8686297 generation=0
00430305 tid=4294825837 BACKEND cursor play=22184 write=23900 delta=2140 phase=0 phase_frames=8703482 track=13 offset_frames=3106604 generation=0 cycles=0
00430609 tid=4294809657 SUMMARY window_ms=1033 time=216 joy=0 status=0 play=0 stop=0 fills=5 bytes=110240 underruns=0 recoveries=0 errors=0 sched_gaps=0 initial_complete=0 provisional_cycles=0 adopted=0 phase=0 phase_frames=8709250 generation=0
00431342 tid=4294825837 BACKEND cursor play=25464 write=27180 delta=3360 phase=0 phase_frames=8726350 track=13 offset_frames=3129472 generation=0 cycles=0
00431635 tid=4294809657 SUMMARY window_ms=1026 time=192 joy=0 status=0 play=0 stop=0 fills=4 bytes=88192 underruns=0 recoveries=0 errors=0 sched_gaps=0 initial_complete=0 provisional_cycles=0 adopted=0 phase=0 phase_frames=8732549 generation=0
00432364 tid=4294825837 BACKEND cursor play=27368 write=29084 delta=2036 phase=0 phase_frames=8748874 track=13 offset_frames=3151996 generation=0 cycles=0
00432661 tid=4294809657 SUMMARY window_ms=1026 time=248 joy=0 status=0 play=0 stop=0 fills=4 bytes=88192 underruns=0 recoveries=0 errors=0 sched_gaps=0 initial_complete=0 provisional_cycles=0 adopted=0 phase=0 phase_frames=8755105 generation=0
00433364 tid=4294825837 BACKEND cursor play=27388 write=29104 delta=1820 phase=0 phase_frames=8770927 track=13 offset_frames=3174049 generation=0 cycles=0
00433671 tid=4294809657 SUMMARY window_ms=1010 time=255 joy=0 status=0 play=0 stop=0 fills=4 bytes=88192 underruns=0 recoveries=0 errors=0 sched_gaps=0 initial_complete=0 provisional_cycles=0 adopted=0 phase=0 phase_frames=8777600 generation=0
00434365 tid=4294825837 BACKEND cursor play=27460 write=29176 delta=1976 phase=0 phase_frames=8792993 track=13 offset_frames=3196115 generation=0 cycles=0
00434696 tid=4294809657 SUMMARY window_ms=1025 time=248 joy=0 status=0 play=0 stop=0 fills=4 bytes=88192 underruns=0 recoveries=0 errors=0 sched_gaps=0 initial_complete=0 provisional_cycles=0 adopted=0 phase=0 phase_frames=8799770 generation=0
00435387 tid=4294825837 BACKEND cursor play=29336 write=31052 delta=2436 phase=0 phase_frames=8815510 track=13 offset_frames=3218632 generation=0 cycles=0
00435699 tid=4294809657 SUMMARY window_ms=1003 time=256 joy=0 status=0 play=0 stop=0 fills=4 bytes=88192 underruns=0 recoveries=0 errors=0 sched_gaps=0 initial_complete=0 provisional_cycles=0 adopted=0 phase=0 phase_frames=8822017 generation=0
00436406 tid=4294825837 BACKEND cursor play=31068 write=32784 delta=1816 phase=0 phase_frames=8837991 track=13 offset_frames=3241113 generation=0 cycles=0
00436707 tid=4294809657 SUMMARY window_ms=1008 time=320 joy=0 status=0 play=0 stop=0 fills=4 bytes=88192 underruns=0 recoveries=0 errors=0 sched_gaps=0 initial_complete=0 provisional_cycles=0 adopted=0 phase=0 phase_frames=8844575 generation=0
00437426 tid=4294825837 BACKEND cursor play=32800 write=34516 delta=1816 phase=0 phase_frames=8860472 track=13 offset_frames=3263594 generation=0 cycles=0
00437725 tid=4294809657 SUMMARY window_ms=1017 time=276 joy=0 status=0 play=0 stop=0 fills=4 bytes=88192 underruns=0 recoveries=0 errors=0 sched_gaps=0 initial_complete=0 provisional_cycles=0 adopted=0 phase=0 phase_frames=8867026 generation=0
00438446 tid=4294825837 BACKEND cursor play=34532 write=36248 delta=1976 phase=0 phase_frames=8882953 track=13 offset_frames=3286075 generation=0 cycles=0
00438743 tid=4294809657 SUMMARY window_ms=1019 time=248 joy=0 status=0 play=0 stop=0 fills=4 bytes=88192 underruns=0 recoveries=0 errors=0 sched_gaps=0 initial_complete=0 provisional_cycles=0 adopted=0 phase=0 phase_frames=8889462 generation=0
00439465 tid=4294825837 BACKEND cursor play=36268 write=37984 delta=1784 phase=0 phase_frames=8905435 track=13 offset_frames=3308557 generation=0 cycles=0
00439759 tid=4294809657 SUMMARY window_ms=1016 time=320 joy=0 status=0 play=0 stop=0 fills=4 bytes=88192 underruns=0 recoveries=0 errors=0 sched_gaps=0 initial_complete=0 provisional_cycles=0 adopted=0 phase=0 phase_frames=8911643 generation=0
00440465 tid=4294825837 BACKEND cursor play=36196 write=37912 delta=1832 phase=0 phase_frames=8927465 track=13 offset_frames=3330587 generation=0 cycles=0
00440768 tid=4294809657 SUMMARY window_ms=1009 time=321 joy=0 status=0 play=0 stop=0 fills=4 bytes=88192 underruns=0 recoveries=0 errors=0 sched_gaps=0 initial_complete=0 provisional_cycles=0 adopted=0 phase=0 phase_frames=8934053 generation=0
00441484 tid=4294825837 BACKEND cursor play=37920 write=39636 delta=1824 phase=0 phase_frames=8949944 track=13 offset_frames=3353066 generation=0 cycles=0
00441771 tid=4294809657 SUMMARY window_ms=1003 time=321 joy=0 status=0 play=0 stop=0 fills=4 bytes=88192 underruns=0 recoveries=0 errors=0 sched_gaps=0 initial_complete=0 provisional_cycles=0 adopted=0 phase=0 phase_frames=8956150 generation=0
00442504 tid=4294825837 BACKEND cursor play=39656 write=41372 delta=1832 phase=0 phase_frames=8972426 track=13 offset_frames=3375548 generation=0 cycles=0
00442771 tid=4294809657 SUMMARY window_ms=1000 time=305 joy=0 status=0 play=0 stop=0 fills=4 bytes=88192 underruns=0 recoveries=0 errors=0 sched_gaps=0 initial_complete=0 provisional_cycles=0 adopted=0 phase=0 phase_frames=8977948 generation=0
00443507 tid=4294825837 BACKEND cursor play=39876 write=41592 delta=1776 phase=0 phase_frames=8994529 track=13 offset_frames=3397651 generation=0 cycles=0
00443775 tid=4294809657 SUMMARY window_ms=1004 time=241 joy=0 status=0 play=0 stop=0 fills=4 bytes=88192 underruns=0 recoveries=0 errors=0 sched_gaps=0 initial_complete=0 provisional_cycles=0 adopted=0 phase=0 phase_frames=9000216 generation=0
00444543 tid=4294825837 BACKEND cursor play=43108 write=728 delta=4540 phase=0 phase_frames=9017385 track=13 offset_frames=3420507 generation=0 cycles=0
00444782 tid=4294809657 SUMMARY window_ms=1007 time=320 joy=0 status=0 play=0 stop=0 fills=4 bytes=88192 underruns=0 recoveries=0 errors=0 sched_gaps=0 initial_complete=0 provisional_cycles=0 adopted=0 phase=0 phase_frames=9022310 generation=0
00445546 tid=4294825837 BACKEND cursor play=43340 write=960 delta=2432 phase=0 phase_frames=9039491 track=13 offset_frames=3442613 generation=0 cycles=0
00445799 tid=4294809657 SUMMARY window_ms=1016 time=312 joy=0 status=0 play=0 stop=0 fills=4 bytes=88192 underruns=0 recoveries=0 errors=0 sched_gaps=0 initial_complete=0 provisional_cycles=0 adopted=0 phase=0 phase_frames=9044621 generation=0
00446566 tid=4294825837 BACKEND cursor play=980 write=2696 delta=1904 phase=0 phase_frames=9061973 track=13 offset_frames=3465095 generation=0 cycles=0
00446801 tid=4294809657 SUMMARY window_ms=1003 time=320 joy=0 status=0 play=0 stop=0 fills=4 bytes=88192 underruns=0 recoveries=0 errors=0 sched_gaps=0 initial_complete=0 provisional_cycles=0 adopted=0 phase=0 phase_frames=9066524 generation=0
00447585 tid=4294825837 BACKEND cursor play=2716 write=4432 delta=2616 phase=0 phase_frames=9084455 track=13 offset_frames=3487577 generation=0 cycles=0
00447801 tid=4294809657 SUMMARY window_ms=1000 time=304 joy=0 status=0 play=0 stop=0 fills=4 bytes=88192 underruns=0 recoveries=0 errors=0 sched_gaps=0 initial_complete=0 provisional_cycles=0 adopted=0 phase=0 phase_frames=9088920 generation=0
00448605 tid=4294825837 BACKEND cursor play=4460 write=6176 delta=2148 phase=0 phase_frames=9106939 track=13 offset_frames=3510061 generation=0 cycles=0
00448811 tid=4294809657 SUMMARY window_ms=1010 time=280 joy=0 status=0 play=0 stop=0 fills=5 bytes=110240 underruns=0 recoveries=0 errors=0 sched_gaps=0 initial_complete=0 provisional_cycles=0 adopted=0 phase=0 phase_frames=9111434 generation=0
00449620 tid=4294825837 BACKEND cursor play=5804 write=7520 delta=4768 phase=0 phase_frames=9129323 track=13 offset_frames=3532445 generation=0 cycles=0
00449819 tid=4294809657 SUMMARY window_ms=1008 time=320 joy=0 status=0 play=0 stop=0 fills=4 bytes=88192 underruns=0 recoveries=0 errors=0 sched_gaps=0 initial_complete=0 provisional_cycles=0 adopted=0 phase=0 phase_frames=9133442 generation=0
00450640 tid=4294825837 BACKEND cursor play=7480 write=9196 delta=4696 phase=0 phase_frames=9151790 track=13 offset_frames=3554912 generation=0 cycles=0
00450838 tid=4294809657 SUMMARY window_ms=1019 time=312 joy=0 status=0 play=0 stop=0 fills=4 bytes=88192 underruns=0 recoveries=0 errors=0 sched_gaps=0 initial_complete=0 provisional_cycles=0 adopted=0 phase=0 phase_frames=9155457 generation=0
00451647 tid=4294825837 BACKEND cursor play=8168 write=9884 delta=1836 phase=0 phase_frames=9174010 track=13 offset_frames=3577132 generation=0 cycles=0
00451849 tid=4294809657 SUMMARY window_ms=1011 time=304 joy=0 status=0 play=0 stop=0 fills=4 bytes=88192 underruns=0 recoveries=0 errors=0 sched_gaps=0 initial_complete=0 provisional_cycles=0 adopted=0 phase=0 phase_frames=9177961 generation=0
00452647 tid=4294825837 BACKEND cursor play=8104 write=9820 delta=1856 phase=0 phase_frames=9196042 track=13 offset_frames=3599164 generation=0 cycles=0
00452863 tid=4294809657 SUMMARY window_ms=1014 time=240 joy=0 status=0 play=0 stop=0 fills=4 bytes=88192 underruns=0 recoveries=0 errors=0 sched_gaps=0 initial_complete=0 provisional_cycles=0 adopted=0 phase=0 phase_frames=9200420 generation=0
00453664 tid=4294825837 BACKEND cursor play=9616 write=11332 delta=2520 phase=0 phase_frames=9218468 track=13 offset_frames=3621590 generation=0 cycles=0
00453889 tid=4294809657 SUMMARY window_ms=1026 time=240 joy=0 status=0 play=0 stop=0 fills=4 bytes=88192 underruns=0 recoveries=0 errors=0 sched_gaps=0 initial_complete=0 provisional_cycles=0 adopted=0 phase=0 phase_frames=9223357 generation=0
00454665 tid=4294825837 BACKEND cursor play=9708 write=11424 delta=2140 phase=0 phase_frames=9240539 track=13 offset_frames=3643661 generation=0 cycles=0
00454899 tid=4294809657 SUMMARY window_ms=1010 time=176 joy=0 status=0 play=0 stop=0 fills=4 bytes=88192 underruns=0 recoveries=0 errors=0 sched_gaps=0 initial_complete=0 provisional_cycles=0 adopted=0 phase=0 phase_frames=9245110 generation=0
00455685 tid=4294825837 BACKEND cursor play=11444 write=13160 delta=3372 phase=0 phase_frames=9263021 track=13 offset_frames=3666143 generation=0 cycles=0
00455908 tid=4294809657 SUMMARY window_ms=1009 time=160 joy=0 status=0 play=0 stop=0 fills=4 bytes=88192 underruns=0 recoveries=0 errors=0 sched_gaps=0 initial_complete=0 provisional_cycles=0 adopted=0 phase=0 phase_frames=9267864 generation=0
00456700 tid=4294825837 BACKEND cursor play=12792 write=14508 delta=3028 phase=0 phase_frames=9285406 track=13 offset_frames=3688528 generation=0 cycles=0
00456917 tid=4294809657 SUMMARY window_ms=1009 time=264 joy=0 status=0 play=0 stop=0 fills=4 bytes=88192 underruns=0 recoveries=0 errors=0 sched_gaps=0 initial_complete=0 provisional_cycles=0 adopted=0 phase=0 phase_frames=9289960 generation=0
00457741 tid=4294825837 BACKEND cursor play=16404 write=18120 delta=4536 phase=0 phase_frames=9308357 track=13 offset_frames=3711479 generation=0 cycles=0
00457944 tid=4294809657 SUMMARY window_ms=1026 time=280 joy=0 status=0 play=0 stop=0 fills=4 bytes=88192 underruns=0 recoveries=0 errors=0 sched_gaps=0 initial_complete=0 provisional_cycles=0 adopted=0 phase=0 phase_frames=9312814 generation=0
00458744 tid=4294825837 BACKEND cursor play=16648 write=18364 delta=1832 phase=0 phase_frames=9330466 track=13 offset_frames=3733588 generation=0 cycles=0
00458952 tid=4294809657 SUMMARY window_ms=1009 time=304 joy=0 status=0 play=0 stop=0 fills=4 bytes=88192 underruns=0 recoveries=0 errors=0 sched_gaps=0 initial_complete=0 provisional_cycles=0 adopted=0 phase=0 phase_frames=9334928 generation=0
00459746 tid=4294825837 BACKEND cursor play=16856 write=18572 delta=1820 phase=0 phase_frames=9352566 track=13 offset_frames=3755688 generation=0 cycles=0
00459955 tid=4294809657 SUMMARY window_ms=1002 time=304 joy=0 status=0 play=0 stop=0 fills=4 bytes=88192 underruns=0 recoveries=0 errors=0 sched_gaps=0 initial_complete=0 provisional_cycles=0 adopted=0 phase=0 phase_frames=9356956 generation=0
00460766 tid=4294825837 BACKEND cursor play=18592 write=20308 delta=1812 phase=0 phase_frames=9375048 track=13 offset_frames=3778170 generation=0 cycles=0
00460963 tid=4294809657 SUMMARY window_ms=1009 time=296 joy=0 status=0 play=0 stop=0 fills=4 bytes=88192 underruns=0 recoveries=0 errors=0 sched_gaps=0 initial_complete=0 provisional_cycles=0 adopted=0 phase=0 phase_frames=9378984 generation=0
00461786 tid=4294825837 BACKEND cursor play=20324 write=22040 delta=1836 phase=0 phase_frames=9397529 track=13 offset_frames=3800651 generation=0 cycles=0
00461973 tid=4294809657 SUMMARY window_ms=1010 time=324 joy=0 status=0 play=0 stop=0 fills=4 bytes=88192 underruns=0 recoveries=0 errors=0 sched_gaps=0 initial_complete=0 provisional_cycles=0 adopted=0 phase=0 phase_frames=9401653 generation=0
00462805 tid=4294825837 BACKEND cursor play=22064 write=23780 delta=1888 phase=0 phase_frames=9420012 track=13 offset_frames=3823134 generation=0 cycles=0
00462973 tid=4294809657 SUMMARY window_ms=1000 time=313 joy=0 status=0 play=0 stop=0 fills=4 bytes=88192 underruns=0 recoveries=0 errors=0 sched_gaps=0 initial_complete=0 provisional_cycles=0 adopted=0 phase=0 phase_frames=9423569 generation=0
00463805 tid=4294825837 BACKEND cursor play=21976 write=23692 delta=2132 phase=0 phase_frames=9442038 track=13 offset_frames=3845160 generation=0 cycles=0
00463982 tid=4294809657 SUMMARY window_ms=1009 time=313 joy=0 status=0 play=0 stop=0 fills=4 bytes=88192 underruns=0 recoveries=0 errors=0 sched_gaps=0 initial_complete=0 provisional_cycles=0 adopted=0 phase=0 phase_frames=9445449 generation=0
00464807 tid=4294825837 BACKEND cursor play=22196 write=23912 delta=2132 phase=0 phase_frames=9464141 track=13 offset_frames=3867263 generation=0 cycles=0
00464992 tid=4294809657 SUMMARY window_ms=1010 time=241 joy=0 status=0 play=0 stop=0 fills=4 bytes=88192 underruns=0 recoveries=0 errors=0 sched_gaps=0 initial_complete=0 provisional_cycles=0 adopted=0 phase=0 phase_frames=9468001 generation=0
00465827 tid=4294825837 BACKEND cursor play=23964 write=25680 delta=1848 phase=0 phase_frames=9486631 track=13 offset_frames=3889753 generation=0 cycles=0
00466001 tid=4294809657 SUMMARY window_ms=1009 time=240 joy=0 status=0 play=0 stop=0 fills=4 bytes=88192 underruns=0 recoveries=0 errors=0 sched_gaps=0 initial_complete=0 provisional_cycles=0 adopted=0 phase=0 phase_frames=9489959 generation=0
00466881 tid=4294825837 BACKEND cursor play=28688 write=30404 delta=4808 phase=0 phase_frames=9509860 track=13 offset_frames=3912982 generation=0 cycles=0
00467003 tid=4294809657 SUMMARY window_ms=1002 time=294 joy=0 status=0 play=0 stop=0 fills=4 bytes=88192 underruns=0 recoveries=0 errors=0 sched_gaps=0 initial_complete=0 provisional_cycles=0 adopted=0 phase=0 phase_frames=9512508 generation=0
00467887 tid=4294825837 BACKEND cursor play=29220 write=30936 delta=2136 phase=0 phase_frames=9532041 track=13 offset_frames=3935163 generation=0 cycles=0
00468020 tid=4294809657 SUMMARY window_ms=1017 time=296 joy=0 status=0 play=0 stop=0 fills=4 bytes=88192 underruns=0 recoveries=0 errors=0 sched_gaps=0 initial_complete=0 provisional_cycles=0 adopted=0 phase=0 phase_frames=9534462 generation=0
00468907 tid=4294825837 BACKEND cursor play=30952 write=32668 delta=1788 phase=0 phase_frames=9554522 track=13 offset_frames=3957644 generation=0 cycles=0
00469022 tid=4294809657 SUMMARY window_ms=1002 time=256 joy=0 status=0 play=0 stop=0 fills=4 bytes=88192 underruns=0 recoveries=0 errors=0 sched_gaps=0 initial_complete=0 provisional_cycles=0 adopted=0 phase=0 phase_frames=9556717 generation=0
00469923 tid=4294825837 BACKEND cursor play=32368 write=34084 delta=3316 phase=0 phase_frames=9576924 track=13 offset_frames=3980046 generation=0 cycles=0
00470032 tid=4294809657 SUMMARY window_ms=1010 time=280 joy=0 status=0 play=0 stop=0 fills=4 bytes=88192 underruns=0 recoveries=0 errors=0 sched_gaps=0 initial_complete=0 provisional_cycles=0 adopted=0 phase=0 phase_frames=9579197 generation=0
00470925 tid=4294825837 BACKEND cursor play=32604 write=34320 delta=1824 phase=0 phase_frames=9599031 track=13 offset_frames=4002153 generation=0 cycles=0
00471041 tid=4294809657 SUMMARY window_ms=1009 time=320 joy=0 status=0 play=0 stop=0 fills=4 bytes=88192 underruns=0 recoveries=0 errors=0 sched_gaps=0 initial_complete=0 provisional_cycles=0 adopted=0 phase=0 phase_frames=9601228 generation=0
00471945 tid=4294825837 BACKEND cursor play=34336 write=36052 delta=2132 phase=0 phase_frames=9621512 track=13 offset_frames=4024634 generation=0 cycles=0
00472057 tid=4294809657 SUMMARY window_ms=1016 time=312 joy=0 status=0 play=0 stop=0 fills=4 bytes=88192 underruns=0 recoveries=0 errors=0 sched_gaps=0 initial_complete=0 provisional_cycles=0 adopted=0 phase=0 phase_frames=9623708 generation=0
00472961 tid=4294825837 BACKEND cursor play=35756 write=37472 delta=3220 phase=0 phase_frames=9643915 track=13 offset_frames=4047037 generation=0 cycles=0
00473083 tid=4294809657 SUMMARY window_ms=1026 time=312 joy=0 status=0 play=0 stop=0 fills=5 bytes=110240 underruns=0 recoveries=0 errors=0 sched_gaps=0 initial_complete=0 provisional_cycles=0 adopted=0 phase=0 phase_frames=9646188 generation=0
00473964 tid=4294825837 BACKEND cursor play=35980 write=37696 delta=2428 phase=0 phase_frames=9666019 track=13 offset_frames=4069141 generation=0 cycles=0
00474092 tid=4294809657 SUMMARY window_ms=1009 time=320 joy=0 status=0 play=0 stop=0 fills=4 bytes=88192 underruns=0 recoveries=0 errors=0 sched_gaps=0 initial_complete=0 provisional_cycles=0 adopted=0 phase=0 phase_frames=9668289 generation=0
00474966 tid=4294825837 BACKEND cursor play=36212 write=37928 delta=1808 phase=0 phase_frames=9688125 track=13 offset_frames=4091247 generation=0 cycles=0
00475095 tid=4294809657 SUMMARY window_ms=1003 time=320 joy=0 status=0 play=0 stop=0 fills=4 bytes=88192 underruns=0 recoveries=0 errors=0 sched_gaps=0 initial_complete=0 provisional_cycles=0 adopted=0 phase=0 phase_frames=9690318 generation=0
00475966 tid=4294825837 BACKEND cursor play=36128 write=37844 delta=1868 phase=0 phase_frames=9710152 track=13 offset_frames=4113274 generation=0 cycles=0
00476110 tid=4294809657 SUMMARY window_ms=1015 time=296 joy=0 status=0 play=0 stop=0 fills=4 bytes=88192 underruns=0 recoveries=0 errors=0 sched_gaps=0 initial_complete=0 provisional_cycles=0 adopted=0 phase=0 phase_frames=9713253 generation=0
00476985 tid=4294825837 BACKEND cursor play=37872 write=39588 delta=1828 phase=0 phase_frames=9732636 track=13 offset_frames=4135758 generation=0 cycles=0
00477120 tid=4294809657 SUMMARY window_ms=1010 time=248 joy=0 status=0 play=0 stop=0 fills=4 bytes=88192 underruns=0 recoveries=0 errors=0 sched_gaps=0 initial_complete=0 provisional_cycles=0 adopted=0 phase=0 phase_frames=9735282 generation=0
00478005 tid=4294825837 BACKEND cursor play=39596 write=41312 delta=2108 phase=0 phase_frames=9755115 track=13 offset_frames=4158237 generation=0 cycles=0
00478139 tid=4294809657 SUMMARY window_ms=1019 time=264 joy=0 status=0 play=0 stop=0 fills=4 bytes=88192 underruns=0 recoveries=0 errors=0 sched_gaps=0 initial_complete=0 provisional_cycles=0 adopted=0 phase=0 phase_frames=9757763 generation=0
00479025 tid=4294825837 BACKEND cursor play=41328 write=43044 delta=1812 phase=0 phase_frames=9777596 track=13 offset_frames=4180718 generation=0 cycles=0
00479139 tid=4294809657 SUMMARY window_ms=1000 time=296 joy=0 status=0 play=0 stop=0 fills=4 bytes=88192 underruns=0 recoveries=0 errors=0 sched_gaps=0 initial_complete=0 provisional_cycles=0 adopted=0 phase=0 phase_frames=9779791 generation=0
00480044 tid=4294825837 BACKEND cursor play=43064 write=684 delta=3332 phase=0 phase_frames=9800078 track=13 offset_frames=4203200 generation=0 cycles=0
00480181 tid=4294809657 SUMMARY window_ms=1042 time=232 joy=0 status=0 play=0 stop=0 fills=4 bytes=88192 underruns=0 recoveries=0 errors=0 sched_gaps=0 initial_complete=0 provisional_cycles=0 adopted=0 phase=0 phase_frames=9802656 generation=0
00480811 tid=4294825837 BACKEND PRIMARY_COMPLETE generation=1 initial_frames=9816366
00480811 tid=4294825837 BACKEND PROVISIONAL_LOOP_START track=12 offset_frames=0 repeat_frames=9816366
00481064 tid=4294825837 BACKEND cursor play=712 write=2428 delta=1840 phase=1 phase_frames=6196 track=12 offset_frames=6196 generation=1 cycles=0
00481190 tid=4294809657 SUMMARY window_ms=1009 time=241 joy=0 status=0 play=0 stop=0 fills=4 bytes=88192 underruns=0 recoveries=0 errors=0 sched_gaps=0 initial_complete=1 provisional_cycles=0 adopted=0 phase=1 phase_frames=8476 generation=1
00482067 tid=4294825837 BACKEND cursor play=920 write=2636 delta=1812 phase=1 phase_frames=28296 track=12 offset_frames=28296 generation=1 cycles=0
00482216 tid=4294809657 SUMMARY window_ms=1026 time=232 joy=0 status=0 play=0 stop=0 fills=4 bytes=88192 underruns=0 recoveries=0 errors=0 sched_gaps=0 initial_complete=0 provisional_cycles=0 adopted=0 phase=1 phase_frames=31245 generation=1
00483086 tid=4294825837 BACKEND cursor play=2648 write=4364 delta=2124 phase=1 phase_frames=50776 track=12 offset_frames=50776 generation=1 cycles=0
00483242 tid=4294809657 SUMMARY window_ms=1026 time=216 joy=0 status=0 play=0 stop=0 fills=4 bytes=88192 underruns=0 recoveries=0 errors=0 sched_gaps=0 initial_complete=0 provisional_cycles=0 adopted=0 phase=1 phase_frames=53892 generation=1
00484106 tid=4294825837 BACKEND cursor play=4384 write=6100 delta=1816 phase=1 phase_frames=73258 track=12 offset_frames=73258 generation=1 cycles=0
00484284 tid=4294809657 SUMMARY window_ms=1042 time=160 joy=0 status=0 play=0 stop=0 fills=4 bytes=88192 underruns=0 recoveries=0 errors=0 sched_gaps=0 initial_complete=0 provisional_cycles=0 adopted=0 phase=1 phase_frames=77116 generation=1
00485126 tid=4294825837 BACKEND cursor play=6116 write=7832 delta=2408 phase=1 phase_frames=95739 track=12 offset_frames=95739 generation=1 cycles=0
00485310 tid=4294809657 SUMMARY window_ms=1026 time=168 joy=0 status=0 play=0 stop=0 fills=4 bytes=88192 underruns=0 recoveries=0 errors=0 sched_gaps=0 initial_complete=0 provisional_cycles=0 adopted=0 phase=1 phase_frames=99299 generation=1
00486137 tid=4294825837 BACKEND cursor play=7140 write=8856 delta=2580 phase=1 phase_frames=118043 track=12 offset_frames=118043 generation=1 cycles=0
00486336 tid=4294809657 SUMMARY window_ms=1026 time=249 joy=0 status=0 play=0 stop=0 fills=5 bytes=110240 underruns=0 recoveries=0 errors=0 sched_gaps=0 initial_complete=0 provisional_cycles=0 adopted=0 phase=1 phase_frames=122158 generation=1
00487145 tid=4294825837 BACKEND cursor play=7772 write=9488 delta=1824 phase=1 phase_frames=140249 track=12 offset_frames=140249 generation=1 cycles=0
00487346 tid=4294809657 SUMMARY window_ms=1009 time=240 joy=0 status=0 play=0 stop=0 fills=4 bytes=88192 underruns=0 recoveries=0 errors=0 sched_gaps=0 initial_complete=0 provisional_cycles=0 adopted=0 phase=1 phase_frames=144263 generation=1
00488147 tid=4294825837 BACKEND cursor play=7996 write=9712 delta=2056 phase=1 phase_frames=162353 track=12 offset_frames=162353 generation=1 cycles=0
00488355 tid=4294809657 SUMMARY window_ms=1010 time=248 joy=0 status=0 play=0 stop=0 fills=4 bytes=88192 underruns=0 recoveries=0 errors=0 sched_gaps=0 initial_complete=0 provisional_cycles=0 adopted=0 phase=1 phase_frames=166289 generation=1
00489200 tid=4294825837 BACKEND cursor play=12620 write=14336 delta=6004 phase=1 phase_frames=185557 track=12 offset_frames=185557 generation=1 cycles=0
00489364 tid=4294809657 SUMMARY window_ms=1009 time=240 joy=0 status=0 play=0 stop=0 fills=4 bytes=88192 underruns=0 recoveries=0 errors=0 sched_gaps=0 initial_complete=0 provisional_cycles=0 adopted=0 phase=1 phase_frames=189069 generation=1
00490221 tid=4294825837 BACKEND cursor play=14476 write=16192 delta=3020 phase=1 phase_frames=208069 track=12 offset_frames=208069 generation=1 cycles=0
00490373 tid=4294809657 SUMMARY window_ms=1009 time=240 joy=0 status=0 play=0 stop=0 fills=4 bytes=88192 underruns=0 recoveries=0 errors=0 sched_gaps=0 initial_complete=0 provisional_cycles=0 adopted=0 phase=1 phase_frames=211250 generation=1
00491227 tid=4294825837 BACKEND cursor play=15000 write=16716 delta=1824 phase=1 phase_frames=230248 track=12 offset_frames=230248 generation=1 cycles=0
00491399 tid=4294809657 SUMMARY window_ms=1026 time=248 joy=0 status=0 play=0 stop=0 fills=4 bytes=88192 underruns=0 recoveries=0 errors=0 sched_gaps=0 initial_complete=0 provisional_cycles=0 adopted=0 phase=1 phase_frames=233653 generation=1
00492260 tid=4294825837 BACKEND cursor play=17944 write=19660 delta=3100 phase=1 phase_frames=253032 track=12 offset_frames=253032 generation=1 cycles=0
00492408 tid=4294809657 SUMMARY window_ms=1009 time=241 joy=0 status=0 play=0 stop=0 fills=4 bytes=88192 underruns=0 recoveries=0 errors=0 sched_gaps=0 initial_complete=0 provisional_cycles=0 adopted=0 phase=1 phase_frames=256214 generation=1
00493266 tid=4294825837 BACKEND cursor play=18484 write=20200 delta=1788 phase=1 phase_frames=275215 track=12 offset_frames=275215 generation=1 cycles=0
00493418 tid=4294809657 SUMMARY window_ms=1010 time=152 joy=0 status=0 play=0 stop=0 fills=4 bytes=88192 underruns=0 recoveries=0 errors=0 sched_gaps=0 initial_complete=0 provisional_cycles=0 adopted=0 phase=1 phase_frames=278327 generation=1
00494286 tid=4294825837 BACKEND cursor play=20212 write=21928 delta=1820 phase=1 phase_frames=297695 track=12 offset_frames=297695 generation=1 cycles=0
00494460 tid=4294809657 SUMMARY window_ms=1042 time=144 joy=0 status=0 play=0 stop=0 fills=4 bytes=88192 underruns=0 recoveries=0 errors=0 sched_gaps=0 initial_complete=0 provisional_cycles=0 adopted=0 phase=1 phase_frames=301100 generation=1
00495320 tid=4294825837 BACKEND cursor play=23188 write=24904 delta=3064 phase=1 phase_frames=320487 track=12 offset_frames=320487 generation=1 cycles=0
00495502 tid=4294809657 SUMMARY window_ms=1042 time=160 joy=0 status=0 play=0 stop=0 fills=4 bytes=88192 underruns=0 recoveries=0 errors=0 sched_gaps=0 initial_complete=0 provisional_cycles=0 adopted=0 phase=1 phase_frames=324486 generation=1
00496325 tid=4294825837 BACKEND cursor play=23680 write=25396 delta=1820 phase=1 phase_frames=342658 track=12 offset_frames=342658 generation=1 cycles=0
00496512 tid=4294809657 SUMMARY window_ms=1010 time=185 joy=0 status=0 play=0 stop=0 fills=4 bytes=88192 underruns=0 recoveries=0 errors=0 sched_gaps=0 initial_complete=0 provisional_cycles=0 adopted=0 phase=1 phase_frames=346514 generation=1
00497345 tid=4294825837 BACKEND cursor play=25408 write=27124 delta=2128 phase=1 phase_frames=365138 track=12 offset_frames=365138 generation=1 cycles=0
00497514 tid=4294809657 SUMMARY window_ms=1002 time=304 joy=0 status=0 play=0 stop=0 fills=4 bytes=88192 underruns=0 recoveries=0 errors=0 sched_gaps=0 initial_complete=0 provisional_cycles=0 adopted=0 phase=1 phase_frames=368695 generation=1
00498361 tid=4294825837 BACKEND cursor play=26832 write=28548 delta=3012 phase=1 phase_frames=387542 track=12 offset_frames=387542 generation=1 cycles=0
00498514 tid=4294809657 SUMMARY window_ms=1000 time=272 joy=0 status=0 play=0 stop=0 fills=4 bytes=88192 underruns=0 recoveries=0 errors=0 sched_gaps=0 initial_complete=0 provisional_cycles=0 adopted=0 phase=1 phase_frames=390724 generation=1
00499381 tid=4294825837 BACKEND cursor play=28560 write=30276 delta=4820 phase=1 phase_frames=410022 track=12 offset_frames=410022 generation=1 cycles=0
00499516 tid=4294809657 SUMMARY window_ms=1002 time=296 joy=0 status=0 play=0 stop=0 fills=4 bytes=88192 underruns=0 recoveries=0 errors=0 sched_gaps=0 initial_complete=0 provisional_cycles=0 adopted=0 phase=1 phase_frames=412750 generation=1
00500404 tid=4294825837 BACKEND cursor play=30608 write=32324 delta=2132 phase=1 phase_frames=432582 track=12 offset_frames=432582 generation=1 cycles=0
00500532 tid=4294809657 SUMMARY window_ms=1016 time=320 joy=0 status=0 play=0 stop=0 fills=4 bytes=88192 underruns=0 recoveries=0 errors=0 sched_gaps=0 initial_complete=0 provisional_cycles=0 adopted=0 phase=1 phase_frames=435233 generation=1
00501406 tid=4294825837 BACKEND cursor play=30780 write=32496 delta=2356 phase=1 phase_frames=454673 track=12 offset_frames=454673 generation=1 cycles=0
00501534 tid=4294809657 SUMMARY window_ms=1002 time=326 joy=0 status=0 play=0 stop=0 fills=4 bytes=88192 underruns=0 recoveries=0 errors=0 sched_gaps=0 initial_complete=0 provisional_cycles=0 adopted=0 phase=1 phase_frames=457334 generation=1
00502406 tid=4294825837 BACKEND cursor play=30752 write=32468 delta=1804 phase=1 phase_frames=476714 track=12 offset_frames=476714 generation=1 cycles=0
00502551 tid=4294809657 SUMMARY window_ms=1017 time=318 joy=0 status=0 play=0 stop=0 fills=4 bytes=88192 underruns=0 recoveries=0 errors=0 sched_gaps=0 initial_complete=0 provisional_cycles=0 adopted=0 phase=1 phase_frames=479361 generation=1
00503442 tid=4294825837 BACKEND cursor play=33904 write=35620 delta=3192 phase=1 phase_frames=499550 track=12 offset_frames=499550 generation=1 cycles=0
00503560 tid=4294809657 SUMMARY window_ms=1009 time=312 joy=0 status=0 play=0 stop=0 fills=4 bytes=88192 underruns=0 recoveries=0 errors=0 sched_gaps=0 initial_complete=0 provisional_cycles=0 adopted=0 phase=1 phase_frames=501844 generation=1
00504445 tid=4294825837 BACKEND cursor play=34216 write=35932 delta=2168 phase=1 phase_frames=521676 track=12 offset_frames=521676 generation=1 cycles=0
00504570 tid=4294809657 SUMMARY window_ms=1010 time=320 joy=0 status=0 play=0 stop=0 fills=5 bytes=110240 underruns=0 recoveries=0 errors=0 sched_gaps=0 initial_complete=0 provisional_cycles=0 adopted=0 phase=1 phase_frames=524325 generation=1
00505465 tid=4294825837 BACKEND cursor play=35952 write=37668 delta=2128 phase=1 phase_frames=544158 track=12 offset_frames=544158 generation=1 cycles=0
00505579 tid=4294809657 SUMMARY window_ms=1009 time=304 joy=0 status=0 play=0 stop=0 fills=4 bytes=88192 underruns=0 recoveries=0 errors=0 sched_gaps=0 initial_complete=0 provisional_cycles=0 adopted=0 phase=1 phase_frames=546274 generation=1
00506481 tid=4294825837 BACKEND cursor play=37376 write=39092 delta=3024 phase=1 phase_frames=566562 track=12 offset_frames=566562 generation=1 cycles=0
00506597 tid=4294809657 SUMMARY window_ms=1018 time=320 joy=0 status=0 play=0 stop=0 fills=4 bytes=88192 underruns=0 recoveries=0 errors=0 sched_gaps=0 initial_complete=0 provisional_cycles=0 adopted=0 phase=1 phase_frames=568456 generation=1
00507501 tid=4294825837 BACKEND cursor play=39100 write=40816 delta=3012 phase=1 phase_frames=589041 track=12 offset_frames=589041 generation=1 cycles=0
00507607 tid=4294809657 SUMMARY window_ms=1010 time=320 joy=0 status=0 play=0 stop=0 fills=4 bytes=88192 underruns=0 recoveries=0 errors=0 sched_gaps=0 initial_complete=0 provisional_cycles=0 adopted=0 phase=1 phase_frames=590485 generation=1
00508506 tid=4294825837 BACKEND cursor play=39548 write=41264 delta=1732 phase=1 phase_frames=611201 track=12 offset_frames=611201 generation=1 cycles=0
00508616 tid=4294809657 SUMMARY window_ms=1009 time=320 joy=0 status=0 play=0 stop=0 fills=4 bytes=88192 underruns=0 recoveries=0 errors=0 sched_gaps=0 initial_complete=0 provisional_cycles=0 adopted=0 phase=1 phase_frames=612976 generation=1
00509520 tid=4294825837 BACKEND cursor play=40748 write=42464 delta=3008 phase=1 phase_frames=633549 track=12 offset_frames=633549 generation=1 cycles=0
00509623 tid=4294809657 SUMMARY window_ms=1005 time=317 joy=0 status=0 play=0 stop=0 fills=4 bytes=88192 underruns=0 recoveries=0 errors=0 sched_gaps=0 initial_complete=0 provisional_cycles=0 adopted=0 phase=1 phase_frames=635368 generation=1
00510543 tid=4294825837 BACKEND cursor play=42776 write=396 delta=3296 phase=1 phase_frames=656104 track=12 offset_frames=656104 generation=1 cycles=0
00510621 tid=4294809657 SUMMARY window_ms=1000 time=307 joy=0 status=0 play=0 stop=0 fills=4 bytes=88192 underruns=0 recoveries=0 errors=0 sched_gaps=0 initial_complete=0 provisional_cycles=0 adopted=0 phase=1 phase_frames=657398 generation=1
00511545 tid=4294825837 BACKEND cursor play=43028 write=648 delta=1816 phase=1 phase_frames=678215 track=12 offset_frames=678215 generation=1 cycles=0
00511630 tid=4294809657 SUMMARY window_ms=1009 time=320 joy=0 status=0 play=0 stop=0 fills=4 bytes=88192 underruns=0 recoveries=0 errors=0 sched_gaps=0 initial_complete=0 provisional_cycles=0 adopted=0 phase=1 phase_frames=679954 generation=1
00512565 tid=4294825837 BACKEND cursor play=664 write=2380 delta=2136 phase=1 phase_frames=700696 track=12 offset_frames=700696 generation=1 cycles=0
00512632 tid=4294809657 SUMMARY window_ms=1002 time=309 joy=0 status=0 play=0 stop=0 fills=4 bytes=88192 underruns=0 recoveries=0 errors=0 sched_gaps=0 initial_complete=0 provisional_cycles=0 adopted=0 phase=1 phase_frames=702058 generation=1
00513585 tid=4294825837 BACKEND cursor play=2400 write=4116 delta=2132 phase=1 phase_frames=723178 track=12 offset_frames=723178 generation=1 cycles=0
00513637 tid=4294809657 SUMMARY window_ms=1005 time=251 joy=0 status=0 play=0 stop=0 fills=4 bytes=88192 underruns=0 recoveries=0 errors=0 sched_gaps=0 initial_complete=0 provisional_cycles=0 adopted=0 phase=1 phase_frames=724006 generation=1
00514601 tid=4294825837 BACKEND cursor play=3812 write=5528 delta=3012 phase=1 phase_frames=745579 track=12 offset_frames=745579 generation=1 cycles=0
00514646 tid=4294809657 SUMMARY window_ms=1009 time=192 joy=0 status=0 play=0 stop=0 fills=4 bytes=88192 underruns=0 recoveries=0 errors=0 sched_gaps=0 initial_complete=0 provisional_cycles=0 adopted=0 phase=1 phase_frames=746568 generation=1
00515621 tid=4294825837 BACKEND cursor play=5548 write=7264 delta=3060 phase=1 phase_frames=768061 track=12 offset_frames=768061 generation=1 cycles=0
00515655 tid=4294809657 SUMMARY window_ms=1009 time=272 joy=0 status=0 play=0 stop=0 fills=4 bytes=88192 underruns=0 recoveries=0 errors=0 sched_gaps=0 initial_complete=0 provisional_cycles=0 adopted=0 phase=1 phase_frames=768604 generation=1
00516627 tid=4294825837 BACKEND cursor play=6116 write=7832 delta=1856 phase=1 phase_frames=790251 track=12 offset_frames=790251 generation=1 cycles=0
00516665 tid=4294809657 SUMMARY window_ms=1010 time=312 joy=0 status=0 play=0 stop=0 fills=4 bytes=88192 underruns=0 recoveries=0 errors=0 sched_gaps=0 initial_complete=0 provisional_cycles=0 adopted=0 phase=1 phase_frames=790996 generation=1
00517643 tid=4294825837 BACKEND cursor play=7508 write=9224 delta=3324 phase=1 phase_frames=812647 track=12 offset_frames=812647 generation=1 cycles=0
00517674 tid=4294809657 SUMMARY window_ms=1009 time=232 joy=0 status=0 play=0 stop=0 fills=4 bytes=88192 underruns=0 recoveries=0 errors=0 sched_gaps=0 initial_complete=0 provisional_cycles=0 adopted=0 phase=1 phase_frames=813105 generation=1
00518646 tid=4294825837 BACKEND cursor play=7736 write=9452 delta=1816 phase=1 phase_frames=834752 track=12 offset_frames=834752 generation=1 cycles=0
00518683 tid=4294809657 SUMMARY window_ms=1009 time=160 joy=0 status=0 play=0 stop=0 fills=4 bytes=88192 underruns=0 recoveries=0 errors=0 sched_gaps=0 initial_complete=0 provisional_cycles=0 adopted=0 phase=1 phase_frames=835206 generation=1
00519665 tid=4294825837 BACKEND cursor play=9468 write=11184 delta=1816 phase=1 phase_frames=857233 track=12 offset_frames=857233 generation=1 cycles=0
00519702 tid=4294809657 SUMMARY window_ms=1019 time=224 joy=0 status=0 play=0 stop=0 fills=4 bytes=88192 underruns=0 recoveries=0 errors=0 sched_gaps=0 initial_complete=0 provisional_cycles=0 adopted=0 phase=1 phase_frames=857687 generation=1
00520685 tid=4294825837 BACKEND cursor play=11200 write=12916 delta=2124 phase=1 phase_frames=879714 track=12 offset_frames=879714 generation=1 cycles=0
00520718 tid=4294809657 SUMMARY window_ms=1016 time=240 joy=0 status=0 play=0 stop=0 fills=4 bytes=88192 underruns=0 recoveries=0 errors=0 sched_gaps=0 initial_complete=0 provisional_cycles=0 adopted=0 phase=1 phase_frames=880169 generation=1
00521705 tid=4294825837 BACKEND cursor play=12936 write=14652 delta=2124 phase=1 phase_frames=902196 track=12 offset_frames=902196 generation=1 cycles=0
00521720 tid=4294809657 SUMMARY window_ms=1002 time=234 joy=0 status=0 play=0 stop=0 fills=4 bytes=88192 underruns=0 recoveries=0 errors=0 sched_gaps=0 initial_complete=0 provisional_cycles=0 adopted=0 phase=1 phase_frames=902196 generation=1
00522721 tid=4294825837 BACKEND cursor play=14332 write=16048 delta=2964 phase=1 phase_frames=924593 track=12 offset_frames=924593 generation=1 cycles=0
00522721 tid=4294809657 SUMMARY window_ms=1001 time=256 joy=0 status=0 play=0 stop=0 fills=4 bytes=88192 underruns=0 recoveries=0 errors=0 sched_gaps=0 initial_complete=0 provisional_cycles=0 adopted=0 phase=1 phase_frames=924593 generation=1
00523727 tid=4294825837 BACKEND cursor play=14892 write=16608 delta=1824 phase=1 phase_frames=946781 track=12 offset_frames=946781 generation=1 cycles=0
00523763 tid=4294809657 SUMMARY window_ms=1042 time=240 joy=0 status=0 play=0 stop=0 fills=4 bytes=88192 underruns=0 recoveries=0 errors=0 sched_gaps=0 initial_complete=0 provisional_cycles=0 adopted=0 phase=1 phase_frames=947534 generation=1
00524747 tid=4294825837 BACKEND cursor play=16628 write=18344 delta=1816 phase=1 phase_frames=969263 track=12 offset_frames=969263 generation=1 cycles=0
00524772 tid=4294809657 SUMMARY window_ms=1009 time=184 joy=0 status=0 play=0 stop=0 fills=4 bytes=88192 underruns=0 recoveries=0 errors=0 sched_gaps=0 initial_complete=0 provisional_cycles=0 adopted=0 phase=1 phase_frames=969716 generation=1
00525766 tid=4294825837 BACKEND cursor play=18356 write=20072 delta=1820 phase=1 phase_frames=991743 track=12 offset_frames=991743 generation=1 cycles=0
00525781 tid=4294809657 SUMMARY window_ms=1009 time=184 joy=0 status=0 play=0 stop=0 fills=4 bytes=88192 underruns=0 recoveries=0 errors=0 sched_gaps=0 initial_complete=0 provisional_cycles=0 adopted=0 phase=1 phase_frames=991743 generation=1
00526783 tid=4294825837 BACKEND cursor play=19784 write=21500 delta=3276 phase=1 phase_frames=1014148 track=12 offset_frames=1014148 generation=1 cycles=0
00526808 tid=4294809657 SUMMARY window_ms=1027 time=242 joy=0 status=0 play=0 stop=0 fills=4 bytes=88192 underruns=0 recoveries=0 errors=0 sched_gaps=0 initial_complete=0 provisional_cycles=0 adopted=0 phase=1 phase_frames=1014678 generation=1
00527786 tid=4294825837 BACKEND cursor play=20040 write=21756 delta=1844 phase=1 phase_frames=1036260 track=12 offset_frames=1036260 generation=1 cycles=0
00527833 tid=4294809657 SUMMARY window_ms=1025 time=304 joy=0 status=0 play=0 stop=0 fills=5 bytes=110240 underruns=0 recoveries=0 errors=0 sched_gaps=0 initial_complete=0 provisional_cycles=0 adopted=0 phase=1 phase_frames=1037090 generation=1
00528805 tid=4294825837 BACKEND cursor play=21748 write=23464 delta=1824 phase=1 phase_frames=1058735 track=12 offset_frames=1058735 generation=1 cycles=0
00528842 tid=4294809657 SUMMARY window_ms=1009 time=256 joy=0 status=0 play=0 stop=0 fills=4 bytes=88192 underruns=0 recoveries=0 errors=0 sched_gaps=0 initial_complete=0 provisional_cycles=0 adopted=0 phase=1 phase_frames=1059191 generation=1
00529825 tid=4294825837 BACKEND cursor play=23480 write=25196 delta=2624 phase=1 phase_frames=1081216 track=12 offset_frames=1081216 generation=1 cycles=0
00529845 tid=4294809657 SUMMARY window_ms=1003 time=320 joy=0 status=0 play=0 stop=0 fills=4 bytes=88192 underruns=0 recoveries=0 errors=0 sched_gaps=0 initial_complete=0 provisional_cycles=0 adopted=0 phase=1 phase_frames=1081216 generation=1
00530841 tid=4294825837 BACKEND cursor play=24904 write=26620 delta=3024 phase=1 phase_frames=1103620 track=12 offset_frames=1103620 generation=1 cycles=0
00530861 tid=4294809657 SUMMARY window_ms=1016 time=320 joy=0 status=0 play=0 stop=0 fills=4 bytes=88192 underruns=0 recoveries=0 errors=0 sched_gaps=0 initial_complete=0 provisional_cycles=0 adopted=0 phase=1 phase_frames=1103620 generation=1
00531847 tid=4294825837 BACKEND cursor play=25432 write=27148 delta=1820 phase=1 phase_frames=1125800 track=12 offset_frames=1125800 generation=1 cycles=0
00531881 tid=4294809657 SUMMARY window_ms=1019 time=328 joy=0 status=0 play=0 stop=0 fills=4 bytes=88192 underruns=0 recoveries=0 errors=0 sched_gaps=0 initial_complete=0 provisional_cycles=0 adopted=0 phase=1 phase_frames=1126540 generation=1
00532608 tid=4294809657 LOGICAL STOP endpoint_track=14 endpoint_frame=0 generation=1 provisional_active=1
00532609 tid=4294809657 REPEAT_PLAN retail initial=12-13 repeat=12-13 frames=9816366
00532609 tid=4294809657 MCI PLAY adopt_provisional from=0000000C to=0000000E phase=1 frame=1142529 generation_base=1
00532609 tid=4294809657 MCI PLAY from=0000000C to=0000000E flags=0000000C result=0 adopted=1
00532863 tid=4294825837 BACKEND cursor play=26856 write=28572 delta=3320 phase=1 phase_frames=1148204 track=12 offset_frames=1148204 generation=1 cycles=0
00532889 tid=4294809657 SUMMARY window_ms=1009 time=320 joy=0 status=1 play=1 stop=0 fills=4 bytes=88192 underruns=0 recoveries=0 errors=0 sched_gaps=0 initial_complete=0 provisional_cycles=0 adopted=1 phase=1 phase_frames=1148658 generation=1
00533866 tid=4294825837 BACKEND cursor play=27084 write=28800 delta=1816 phase=1 phase_frames=1170309 track=12 offset_frames=1170309 generation=1 cycles=0
00533889 tid=4294809657 SUMMARY window_ms=1000 time=312 joy=0 status=0 play=0 stop=0 fills=4 bytes=88192 underruns=0 recoveries=0 errors=0 sched_gaps=0 initial_complete=0 provisional_cycles=0 adopted=0 phase=1 phase_frames=1170763 generation=1
00534885 tid=4294825837 BACKEND cursor play=28772 write=30488 delta=2076 phase=1 phase_frames=1192779 track=12 offset_frames=1192779 generation=1 cycles=0
00534908 tid=4294809657 SUMMARY window_ms=1019 time=320 joy=0 status=0 play=0 stop=0 fills=4 bytes=88192 underruns=0 recoveries=0 errors=0 sched_gaps=0 initial_complete=0 provisional_cycles=0 adopted=0 phase=1 phase_frames=1193246 generation=1
00535904 tid=4294825837 BACKEND cursor play=30488 write=32204 delta=2072 phase=1 phase_frames=1215256 track=12 offset_frames=1215256 generation=1 cycles=0
00535924 tid=4294809657 SUMMARY window_ms=1016 time=328 joy=0 status=0 play=0 stop=0 fills=4 bytes=88192 underruns=0 recoveries=0 errors=0 sched_gaps=0 initial_complete=0 provisional_cycles=0 adopted=0 phase=1 phase_frames=1215256 generation=1
00536925 tid=4294825837 BACKEND cursor play=32288 write=34004 delta=2444 phase=1 phase_frames=1237754 track=12 offset_frames=1237754 generation=1 cycles=0
00536934 tid=4294809657 SUMMARY window_ms=1009 time=312 joy=0 status=0 play=0 stop=0 fills=4 bytes=88192 underruns=0 recoveries=0 errors=0 sched_gaps=0 initial_complete=0 provisional_cycles=0 adopted=0 phase=1 phase_frames=1237754 generation=1
00537941 tid=4294825837 BACKEND cursor play=33696 write=35412 delta=3012 phase=1 phase_frames=1260154 track=12 offset_frames=1260154 generation=1 cycles=0
00537943 tid=4294809657 SUMMARY window_ms=1010 time=320 joy=0 status=1 play=0 stop=0 fills=4 bytes=88192 underruns=0 recoveries=0 errors=0 sched_gaps=0 initial_complete=0 provisional_cycles=0 adopted=0 phase=1 phase_frames=1260154 generation=1
00538952 tid=4294809657 SUMMARY window_ms=1009 time=320 joy=0 status=0 play=0 stop=0 fills=4 bytes=88192 underruns=0 recoveries=0 errors=0 sched_gaps=0 initial_complete=0 provisional_cycles=0 adopted=0 phase=1 phase_frames=1281883 generation=1
00538961 tid=4294825837 BACKEND cursor play=35460 write=37176 delta=3040 phase=1 phase_frames=1282643 track=12 offset_frames=1282643 generation=1 cycles=0
00539967 tid=4294825837 BACKEND cursor play=35968 write=37684 delta=2128 phase=1 phase_frames=1304818 track=12 offset_frames=1304818 generation=1 cycles=0
00539971 tid=4294809657 SUMMARY window_ms=1019 time=328 joy=0 status=0 play=0 stop=0 fills=4 bytes=88192 underruns=0 recoveries=0 errors=0 sched_gaps=0 initial_complete=0 provisional_cycles=0 adopted=0 phase=1 phase_frames=1304818 generation=1
00540980 tid=4294809657 SUMMARY window_ms=1009 time=312 joy=0 status=0 play=0 stop=0 fills=4 bytes=88192 underruns=0 recoveries=0 errors=0 sched_gaps=0 initial_complete=0 provisional_cycles=0 adopted=0 phase=1 phase_frames=1326846 generation=1
00541000 tid=4294825837 BACKEND cursor play=38900 write=40616 delta=3012 phase=1 phase_frames=1327599 track=12 offset_frames=1327599 generation=1 cycles=0
00541990 tid=4294809657 SUMMARY window_ms=1010 time=320 joy=0 status=0 play=0 stop=0 fills=4 bytes=88192 underruns=0 recoveries=0 errors=0 sched_gaps=0 initial_complete=0 provisional_cycles=0 adopted=0 phase=1 phase_frames=1349326 generation=1
00542006 tid=4294825837 BACKEND cursor play=39436 write=41152 delta=1820 phase=1 phase_frames=1349781 track=12 offset_frames=1349781 generation=1 cycles=0
00542999 tid=4294809657 SUMMARY window_ms=1009 time=312 joy=0 status=1 play=0 stop=0 fills=4 bytes=88192 underruns=0 recoveries=0 errors=0 sched_gaps=0 initial_complete=0 provisional_cycles=0 adopted=0 phase=1 phase_frames=1371280 generation=1
00543026 tid=4294825837 BACKEND cursor play=41172 write=42888 delta=1816 phase=1 phase_frames=1372263 track=12 offset_frames=1372263 generation=1 cycles=0
00543999 tid=4294809657 SUMMARY window_ms=1000 time=322 joy=0 status=0 play=0 stop=0 fills=4 bytes=88192 underruns=0 recoveries=0 errors=0 sched_gaps=0 initial_complete=0 provisional_cycles=0 adopted=0 phase=1 phase_frames=1393004 generation=1
00544046 tid=4294825837 BACKEND cursor play=42900 write=520 delta=1804 phase=1 phase_frames=1394743 track=12 offset_frames=1394743 generation=1 cycles=0
00545025 tid=4294809657 SUMMARY window_ms=1026 time=318 joy=0 status=0 play=0 stop=0 fills=4 bytes=88192 underruns=0 recoveries=0 errors=0 sched_gaps=0 initial_complete=0 provisional_cycles=0 adopted=0 phase=1 phase_frames=1415938 generation=1
00545062 tid=4294825837 BACKEND cursor play=236 write=1952 delta=2952 phase=1 phase_frames=1417149 track=12 offset_frames=1417149 generation=1 cycles=0
00546043 tid=4294809657 SUMMARY window_ms=1018 time=328 joy=0 status=0 play=0 stop=0 fills=4 bytes=88192 underruns=0 recoveries=0 errors=0 sched_gaps=0 initial_complete=0 provisional_cycles=0 adopted=0 phase=1 phase_frames=1438422 generation=1
00546102 tid=4294825837 BACKEND cursor play=3788 write=5504 delta=4540 phase=1 phase_frames=1440085 track=12 offset_frames=1440085 generation=1 cycles=0
00547043 tid=4294809657 SUMMARY window_ms=1000 time=320 joy=0 status=0 play=0 stop=0 fills=4 bytes=88192 underruns=0 recoveries=0 errors=0 sched_gaps=0 initial_complete=0 provisional_cycles=0 adopted=0 phase=1 phase_frames=1460448 generation=1
00547105 tid=4294825837 BACKEND cursor play=4008 write=5724 delta=1816 phase=1 phase_frames=1462188 track=12 offset_frames=1462188 generation=1 cycles=0
00548046 tid=4294809657 SUMMARY window_ms=1003 time=320 joy=0 status=1 play=0 stop=0 fills=4 bytes=88192 underruns=0 recoveries=0 errors=0 sched_gaps=0 initial_complete=0 provisional_cycles=0 adopted=0 phase=1 phase_frames=1482936 generation=1
00548121 tid=4294825837 BACKEND cursor play=5440 write=7156 delta=4844 phase=1 phase_frames=1484594 track=12 offset_frames=1484594 generation=1 cycles=0
00549062 tid=4294809657 SUMMARY window_ms=1015 time=328 joy=0 status=0 play=0 stop=0 fills=4 bytes=88192 underruns=0 recoveries=0 errors=0 sched_gaps=0 initial_complete=0 provisional_cycles=0 adopted=0 phase=1 phase_frames=1504877 generation=1
00549127 tid=4294825837 BACKEND cursor play=5960 write=7676 delta=1812 phase=1 phase_frames=1506772 track=12 offset_frames=1506772 generation=1 cycles=0
00550064 tid=4294809657 SUMMARY window_ms=1003 time=320 joy=0 status=0 play=0 stop=0 fills=4 bytes=88192 underruns=0 recoveries=0 errors=0 sched_gaps=0 initial_complete=0 provisional_cycles=0 adopted=0 phase=1 phase_frames=1527137 generation=1
00550147 tid=4294825837 BACKEND cursor play=7704 write=9420 delta=2128 phase=1 phase_frames=1529256 track=12 offset_frames=1529256 generation=1 cycles=0
00551064 tid=4294809657 SUMMARY window_ms=1000 time=318 joy=0 status=0 play=0 stop=0 fills=4 bytes=88192 underruns=0 recoveries=0 errors=0 sched_gaps=0 initial_complete=0 provisional_cycles=0 adopted=0 phase=1 phase_frames=1549089 generation=1
00551167 tid=4294825837 BACKEND cursor play=9448 write=11164 delta=1832 phase=1 phase_frames=1551740 track=12 offset_frames=1551740 generation=1 cycles=0
00552083 tid=4294809657 SUMMARY window_ms=1019 time=328 joy=0 status=0 play=0 stop=0 fills=5 bytes=110240 underruns=0 recoveries=0 errors=0 sched_gaps=0 initial_complete=0 provisional_cycles=0 adopted=0 phase=1 phase_frames=1571707 generation=1
00552203 tid=4294825837 BACKEND cursor play=12668 write=14384 delta=3316 phase=1 phase_frames=1574593 track=12 offset_frames=1574593 generation=1 cycles=0
00553086 tid=4294809657 SUMMARY window_ms=1003 time=317 joy=0 status=1 play=0 stop=0 fills=4 bytes=88192 underruns=0 recoveries=0 errors=0 sched_gaps=0 initial_complete=0 provisional_cycles=0 adopted=0 phase=1 phase_frames=1593597 generation=1
00553206 tid=4294825837 BACKEND cursor play=12932 write=14648 delta=1852 phase=1 phase_frames=1596707 track=12 offset_frames=1596707 generation=1 cycles=0
00554089 tid=4294809657 SUMMARY window_ms=1003 time=320 joy=0 status=0 play=0 stop=0 fills=4 bytes=88192 underruns=0 recoveries=0 errors=0 sched_gaps=0 initial_complete=0 provisional_cycles=0 adopted=0 phase=1 phase_frames=1616078 generation=1
00554226 tid=4294825837 BACKEND cursor play=14632 write=16348 delta=1812 phase=1 phase_frames=1619180 track=12 offset_frames=1619180 generation=1 cycles=0
00555089 tid=4294809657 SUMMARY window_ms=1000 time=313 joy=0 status=0 play=0 stop=0 fills=4 bytes=88192 underruns=0 recoveries=0 errors=0 sched_gaps=0 initial_complete=0 provisional_cycles=0 adopted=0 phase=1 phase_frames=1638205 generation=1
00555245 tid=4294825837 BACKEND cursor play=16368 write=18084 delta=1820 phase=1 phase_frames=1641662 track=12 offset_frames=1641662 generation=1 cycles=0
00556091 tid=4294809657 SUMMARY window_ms=1002 time=319 joy=0 status=0 play=0 stop=0 fills=4 bytes=88192 underruns=0 recoveries=0 errors=0 sched_gaps=0 initial_complete=0 provisional_cycles=0 adopted=0 phase=1 phase_frames=1660129 generation=1
00556265 tid=4294825837 BACKEND cursor play=18104 write=19820 delta=2132 phase=1 phase_frames=1664144 track=12 offset_frames=1664144 generation=1 cycles=0
00557103 tid=4294809657 SUMMARY window_ms=1012 time=315 joy=0 status=0 play=0 stop=0 fills=4 bytes=88192 underruns=0 recoveries=0 errors=0 sched_gaps=0 initial_complete=0 provisional_cycles=0 adopted=0 phase=1 phase_frames=1682389 generation=1
00557281 tid=4294825837 BACKEND cursor play=19520 write=21236 delta=3008 phase=1 phase_frames=1686546 track=12 offset_frames=1686546 generation=1 cycles=0
00558122 tid=4294809657 SUMMARY window_ms=1019 time=328 joy=0 status=1 play=0 stop=0 fills=4 bytes=88192 underruns=0 recoveries=0 errors=0 sched_gaps=0 initial_complete=0 provisional_cycles=0 adopted=0 phase=1 phase_frames=1704721 generation=1
00558301 tid=4294825837 BACKEND cursor play=21260 write=22976 delta=2988 phase=1 phase_frames=1709029 track=12 offset_frames=1709029 generation=1 cycles=0
00559122 tid=4294809657 SUMMARY window_ms=1000 time=320 joy=0 status=0 play=0 stop=0 fills=4 bytes=88192 underruns=0 recoveries=0 errors=0 sched_gaps=0 initial_complete=0 provisional_cycles=0 adopted=0 phase=1 phase_frames=1726666 generation=1
00559324 tid=4294825837 BACKEND cursor play=23300 write=25016 delta=2132 phase=1 phase_frames=1731587 track=12 offset_frames=1731587 generation=1 cycles=0
00560124 tid=4294809657 SUMMARY window_ms=1002 time=320 joy=0 status=0 play=0 stop=0 fills=4 bytes=88192 underruns=0 recoveries=0 errors=0 sched_gaps=0 initial_complete=0 provisional_cycles=0 adopted=0 phase=1 phase_frames=1749224 generation=1
00560327 tid=4294825837 BACKEND cursor play=23532 write=25248 delta=1816 phase=1 phase_frames=1753693 track=12 offset_frames=1753693 generation=1 cycles=0
00561140 tid=4294809657 SUMMARY window_ms=1016 time=272 joy=0 status=0 play=0 stop=0 fills=4 bytes=88192 underruns=0 recoveries=0 errors=0 sched_gaps=0 initial_complete=0 provisional_cycles=0 adopted=0 phase=1 phase_frames=1771329 generation=1
00561347 tid=4294825837 BACKEND cursor play=25296 write=27012 delta=1848 phase=1 phase_frames=1776182 track=12 offset_frames=1776182 generation=1 cycles=0
00562166 tid=4294809657 SUMMARY window_ms=1026 time=248 joy=0 status=0 play=0 stop=0 fills=4 bytes=88192 underruns=0 recoveries=0 errors=0 sched_gaps=0 initial_complete=0 provisional_cycles=0 adopted=0 phase=1 phase_frames=1794185 generation=1
00562362 tid=4294825837 BACKEND cursor play=26676 write=28392 delta=3316 phase=1 phase_frames=1798575 track=12 offset_frames=1798575 generation=1 cycles=0
00563175 tid=4294809657 SUMMARY window_ms=1009 time=240 joy=0 status=1 play=0 stop=0 fills=4 bytes=88192 underruns=0 recoveries=0 errors=0 sched_gaps=0 initial_complete=0 provisional_cycles=0 adopted=0 phase=1 phase_frames=1816292 generation=1
00563365 tid=4294825837 BACKEND cursor play=26920 write=28636 delta=2144 phase=1 phase_frames=1820684 track=12 offset_frames=1820684 generation=1 cycles=0
00564185 tid=4294809657 SUMMARY window_ms=1010 time=240 joy=0 status=0 play=0 stop=0 fills=4 bytes=88192 underruns=0 recoveries=0 errors=0 sched_gaps=0 initial_complete=0 provisional_cycles=0 adopted=0 phase=1 phase_frames=1838750 generation=1
00564385 tid=4294825837 BACKEND cursor play=28648 write=30364 delta=2132 phase=1 phase_frames=1843164 track=12 offset_frames=1843164 generation=1 cycles=0
00565194 tid=4294809657 SUMMARY window_ms=1009 time=240 joy=0 status=0 play=0 stop=0 fills=4 bytes=88192 underruns=0 recoveries=0 errors=0 sched_gaps=0 initial_complete=0 provisional_cycles=0 adopted=0 phase=1 phase_frames=1860646 generation=1
00565405 tid=4294825837 BACKEND cursor play=30380 write=32096 delta=1812 phase=1 phase_frames=1865645 track=12 offset_frames=1865645 generation=1 cycles=0
00566203 tid=4294809657 SUMMARY window_ms=1009 time=240 joy=0 status=0 play=0 stop=0 fills=4 bytes=88192 underruns=0 recoveries=0 errors=0 sched_gaps=0 initial_complete=0 provisional_cycles=0 adopted=0 phase=1 phase_frames=1882975 generation=1
00566421 tid=4294825837 BACKEND cursor play=31796 write=33512 delta=3012 phase=1 phase_frames=1888047 track=12 offset_frames=1888047 generation=1 cycles=0
00567229 tid=4294809657 SUMMARY window_ms=1026 time=248 joy=0 status=0 play=0 stop=0 fills=4 bytes=88192 underruns=0 recoveries=0 errors=0 sched_gaps=0 initial_complete=0 provisional_cycles=0 adopted=0 phase=1 phase_frames=1905388 generation=1
00567427 tid=4294825837 BACKEND cursor play=32340 write=34056 delta=1812 phase=1 phase_frames=1910231 track=12 offset_frames=1910231 generation=1 cycles=0
00568238 tid=4294809657 SUMMARY window_ms=1009 time=240 joy=0 status=1 play=0 stop=0 fills=4 bytes=88192 underruns=0 recoveries=0 errors=0 sched_gaps=0 initial_complete=0 provisional_cycles=0 adopted=0 phase=1 phase_frames=1927787 generation=1
00568447 tid=4294825837 BACKEND cursor play=34064 write=35780 delta=1816 phase=1 phase_frames=1932710 track=12 offset_frames=1932710 generation=1 cycles=0
00569264 tid=4294809657 SUMMARY window_ms=1026 time=240 joy=0 status=0 play=0 stop=0 fills=4 bytes=88192 underruns=0 recoveries=0 errors=0 sched_gaps=0 initial_complete=0 provisional_cycles=0 adopted=0 phase=1 phase_frames=1950347 generation=1
00569466 tid=4294825837 BACKEND cursor play=35800 write=37516 delta=1816 phase=1 phase_frames=1955192 track=12 offset_frames=1955192 generation=1 cycles=0
00570290 tid=4294809657 SUMMARY window_ms=1026 time=248 joy=0 status=0 play=0 stop=0 fills=4 bytes=88192 underruns=0 recoveries=0 errors=0 sched_gaps=0 initial_complete=0 provisional_cycles=0 adopted=0 phase=1 phase_frames=1973283 generation=1
00570486 tid=4294825837 BACKEND cursor play=37540 write=39256 delta=1828 phase=1 phase_frames=1977675 track=12 offset_frames=1977675 generation=1 cycles=0
00571316 tid=4294809657 SUMMARY window_ms=1026 time=240 joy=0 status=0 play=0 stop=0 fills=4 bytes=88192 underruns=0 recoveries=0 errors=0 sched_gaps=0 initial_complete=0 provisional_cycles=0 adopted=0 phase=1 phase_frames=1995766 generation=1
00571506 tid=4294825837 BACKEND cursor play=39268 write=40984 delta=1816 phase=1 phase_frames=2000155 track=12 offset_frames=2000155 generation=1 cycles=0
00572342 tid=4294809657 SUMMARY window_ms=1026 time=248 joy=0 status=0 play=0 stop=0 fills=5 bytes=110240 underruns=0 recoveries=0 errors=0 sched_gaps=0 initial_complete=0 provisional_cycles=0 adopted=0 phase=1 phase_frames=2018247 generation=1
00572525 tid=4294825837 BACKEND cursor play=41004 write=42720 delta=1824 phase=1 phase_frames=2022637 track=12 offset_frames=2022637 generation=1 cycles=0
00573351 tid=4294809657 SUMMARY window_ms=1009 time=248 joy=0 status=1 play=0 stop=0 fills=4 bytes=88192 underruns=0 recoveries=0 errors=0 sched_gaps=0 initial_complete=0 provisional_cycles=0 adopted=0 phase=1 phase_frames=2040275 generation=1
00573525 tid=4294825837 BACKEND cursor play=40928 write=42644 delta=2136 phase=1 phase_frames=2044666 track=12 offset_frames=2044666 generation=1 cycles=0
00574360 tid=4294809657 SUMMARY window_ms=1009 time=288 joy=0 status=0 play=0 stop=0 fills=4 bytes=88192 underruns=0 recoveries=0 errors=0 sched_gaps=0 initial_complete=0 provisional_cycles=0 adopted=0 phase=1 phase_frames=2062302 generation=1
00574527 tid=4294825837 BACKEND cursor play=41136 write=42852 delta=1820 phase=1 phase_frames=2066766 track=12 offset_frames=2066766 generation=1 cycles=0
00575380 tid=4294809657 SUMMARY window_ms=1020 time=328 joy=0 status=0 play=0 stop=0 fills=4 bytes=88192 underruns=0 recoveries=0 errors=0 sched_gaps=0 initial_complete=0 provisional_cycles=0 adopted=0 phase=1 phase_frames=2085158 generation=1
00575547 tid=4294825837 BACKEND cursor play=42868 write=488 delta=1816 phase=1 phase_frames=2089247 track=12 offset_frames=2089247 generation=1 cycles=0
00576395 tid=4294809657 SUMMARY window_ms=1015 time=328 joy=0 status=0 play=0 stop=0 fills=4 bytes=88192 underruns=0 recoveries=0 errors=0 sched_gaps=0 initial_complete=0 provisional_cycles=0 adopted=0 phase=1 phase_frames=2107650 generation=1
00576563 tid=4294825837 BACKEND cursor play=196 write=1912 delta=3360 phase=1 phase_frames=2111651 track=12 offset_frames=2111651 generation=1 cycles=0
00577405 tid=4294809657 SUMMARY window_ms=1010 time=320 joy=0 status=0 play=0 stop=0 fills=4 bytes=88192 underruns=0 recoveries=0 errors=0 sched_gaps=0 initial_complete=0 provisional_cycles=0 adopted=0 phase=1 phase_frames=2129374 generation=1
00577566 tid=4294825837 BACKEND cursor play=460 write=2176 delta=1852 phase=1 phase_frames=2133765 track=12 offset_frames=2133765 generation=1 cycles=0
00578424 tid=4294809657 SUMMARY window_ms=1019 time=326 joy=0 status=1 play=0 stop=0 fills=4 bytes=88192 underruns=0 recoveries=0 errors=0 sched_gaps=0 initial_complete=0 provisional_cycles=0 adopted=0 phase=1 phase_frames=2152303 generation=1
00578602 tid=4294825837 BACKEND cursor play=3664 write=5380 delta=3324 phase=1 phase_frames=2156614 track=12 offset_frames=2156614 generation=1 cycles=0
00579424 tid=4294809657 SUMMARY window_ms=1000 time=315 joy=0 status=0 play=0 stop=0 fills=4 bytes=88192 underruns=0 recoveries=0 errors=0 sched_gaps=0 initial_complete=0 provisional_cycles=0 adopted=0 phase=1 phase_frames=2174329 generation=1
00579605 tid=4294825837 BACKEND cursor play=3896 write=5612 delta=2124 phase=1 phase_frames=2178720 track=12 offset_frames=2178720 generation=1 cycles=0
00580443 tid=4294809657 SUMMARY window_ms=1019 time=325 joy=0 status=0 play=0 stop=0 fills=4 bytes=88192 underruns=0 recoveries=0 errors=0 sched_gaps=0 initial_complete=0 provisional_cycles=0 adopted=0 phase=1 phase_frames=2196813 generation=1
00580621 tid=4294825837 BACKEND cursor play=5316 write=7032 delta=3332 phase=1 phase_frames=2201123 track=12 offset_frames=2201123 generation=1 cycles=0
00581446 tid=4294809657 SUMMARY window_ms=1003 time=325 joy=0 status=0 play=0 stop=0 fills=4 bytes=88192 underruns=0 recoveries=0 errors=0 sched_gaps=0 initial_complete=0 provisional_cycles=0 adopted=0 phase=1 phase_frames=2219292 generation=1
00581624 tid=4294825837 BACKEND cursor play=5544 write=7260 delta=1828 phase=1 phase_frames=2223228 track=12 offset_frames=2223228 generation=1 cycles=0
00582451 tid=4294809657 SUMMARY window_ms=1005 time=315 joy=0 status=0 play=0 stop=0 fills=4 bytes=88192 underruns=0 recoveries=0 errors=0 sched_gaps=0 initial_complete=0 provisional_cycles=0 adopted=0 phase=1 phase_frames=2241242 generation=1
00582626 tid=4294825837 BACKEND cursor play=5768 write=7484 delta=2136 phase=1 phase_frames=2245332 track=12 offset_frames=2245332 generation=1 cycles=0
00583461 tid=4294809657 SUMMARY window_ms=1010 time=320 joy=0 status=1 play=0 stop=0 fills=4 bytes=88192 underruns=0 recoveries=0 errors=0 sched_gaps=0 initial_complete=0 provisional_cycles=0 adopted=0 phase=1 phase_frames=2263424 generation=1
00583646 tid=4294825837 BACKEND cursor play=7504 write=9220 delta=1816 phase=1 phase_frames=2267814 track=12 offset_frames=2267814 generation=1 cycles=0
00584480 tid=4294809657 SUMMARY window_ms=1019 time=320 joy=0 status=0 play=0 stop=0 fills=4 bytes=88192 underruns=0 recoveries=0 errors=0 sched_gaps=0 initial_complete=0 provisional_cycles=0 adopted=0 phase=1 phase_frames=2285904 generation=1
00584666 tid=4294825837 BACKEND cursor play=9244 write=10960 delta=1824 phase=1 phase_frames=2290297 track=12 offset_frames=2290297 generation=1 cycles=0
00585489 tid=4294809657 SUMMARY window_ms=1009 time=320 joy=0 status=0 play=0 stop=0 fills=4 bytes=88192 underruns=0 recoveries=0 errors=0 sched_gaps=0 initial_complete=0 provisional_cycles=0 adopted=0 phase=1 phase_frames=2308306 generation=1
00585685 tid=4294825837 BACKEND cursor play=10976 write=12692 delta=2136 phase=1 phase_frames=2312778 track=12 offset_frames=2312778 generation=1 cycles=0
00586489 tid=4294809657 SUMMARY window_ms=1000 time=321 joy=0 status=0 play=0 stop=0 fills=4 bytes=88192 underruns=0 recoveries=0 errors=0 sched_gaps=0 initial_complete=0 provisional_cycles=0 adopted=0 phase=1 phase_frames=2330413 generation=1
00586704 tid=4294825837 BACKEND cursor play=12612 write=14328 delta=2100 phase=1 phase_frames=2335235 track=12 offset_frames=2335235 generation=1 cycles=0
00587508 tid=4294809657 SUMMARY window_ms=1019 time=311 joy=0 status=0 play=0 stop=0 fills=4 bytes=88192 underruns=0 recoveries=0 errors=0 sched_gaps=0 initial_complete=0 provisional_cycles=0 adopted=0 phase=1 phase_frames=2352893 generation=1
00587704 tid=4294825837 BACKEND cursor play=12624 write=14340 delta=2140 phase=1 phase_frames=2357286 track=12 offset_frames=2357286 generation=1 cycles=0
00588511 tid=4294809657 SUMMARY window_ms=1003 time=325 joy=0 status=1 play=0 stop=0 fills=4 bytes=88192 underruns=0 recoveries=0 errors=0 sched_gaps=0 initial_complete=0 provisional_cycles=0 adopted=0 phase=1 phase_frames=2374842 generation=1
00588706 tid=4294825837 BACKEND cursor play=12744 write=14460 delta=1720 phase=1 phase_frames=2379364 track=12 offset_frames=2379364 generation=1 cycles=0
00589516 tid=4294809657 SUMMARY window_ms=1005 time=315 joy=0 status=0 play=0 stop=0 fills=4 bytes=88192 underruns=0 recoveries=0 errors=0 sched_gaps=0 initial_complete=0 provisional_cycles=0 adopted=0 phase=1 phase_frames=2397026 generation=1
00589706 tid=4294825837 BACKEND cursor play=12756 write=14472 delta=1804 phase=1 phase_frames=2401415 track=12 offset_frames=2401415 generation=1 cycles=0
00590535 tid=4294809657 SUMMARY window_ms=1019 time=320 joy=0 status=0 play=0 stop=0 fills=4 bytes=88192 underruns=0 recoveries=0 errors=0 sched_gaps=0 initial_complete=0 provisional_cycles=0 adopted=0 phase=1 phase_frames=2419507 generation=1
00590726 tid=4294825837 BACKEND cursor play=14492 write=16208 delta=1824 phase=1 phase_frames=2423897 track=12 offset_frames=2423897 generation=1 cycles=0
00591551 tid=4294809657 SUMMARY window_ms=1016 time=328 joy=0 status=0 play=0 stop=0 fills=4 bytes=88192 underruns=0 recoveries=0 errors=0 sched_gaps=0 initial_complete=0 provisional_cycles=0 adopted=0 phase=1 phase_frames=2441988 generation=1
00591745 tid=4294825837 BACKEND cursor play=16224 write=17940 delta=1816 phase=1 phase_frames=2446378 track=12 offset_frames=2446378 generation=1 cycles=0
00592561 tid=4294809657 SUMMARY window_ms=1010 time=320 joy=0 status=0 play=0 stop=0 fills=4 bytes=88192 underruns=0 recoveries=0 errors=0 sched_gaps=0 initial_complete=0 provisional_cycles=0 adopted=0 phase=1 phase_frames=2464017 generation=1
00592765 tid=4294825837 BACKEND cursor play=17960 write=19676 delta=2236 phase=1 phase_frames=2468860 track=12 offset_frames=2468860 generation=1 cycles=0
00593563 tid=4294809657 SUMMARY window_ms=1002 time=320 joy=0 status=1 play=0 stop=0 fills=4 bytes=88192 underruns=0 recoveries=0 errors=0 sched_gaps=0 initial_complete=0 provisional_cycles=0 adopted=0 phase=1 phase_frames=2485961 generation=1
00593781 tid=4294825837 BACKEND cursor play=19392 write=21108 delta=3032 phase=1 phase_frames=2491266 track=12 offset_frames=2491266 generation=1 cycles=0
00594573 tid=4294809657 SUMMARY window_ms=1010 time=320 joy=0 status=0 play=0 stop=0 fills=5 bytes=110240 underruns=0 recoveries=0 errors=0 sched_gaps=0 initial_complete=0 provisional_cycles=0 adopted=0 phase=1 phase_frames=2508526 generation=1
00594784 tid=4294825837 BACKEND cursor play=19620 write=21336 delta=1844 phase=1 phase_frames=2513371 track=12 offset_frames=2513371 generation=1 cycles=0
00595589 tid=4294809657 SUMMARY window_ms=1016 time=320 joy=0 status=0 play=0 stop=0 fills=3 bytes=66144 underruns=0 recoveries=0 errors=0 sched_gaps=0 initial_complete=0 provisional_cycles=0 adopted=0 phase=1 phase_frames=2530173 generation=1
00595803 tid=4294825837 BACKEND cursor play=21328 write=23044 delta=3316 phase=1 phase_frames=2535846 track=12 offset_frames=2535846 generation=1 cycles=0
00596598 tid=4294809657 SUMMARY window_ms=1009 time=320 joy=0 status=0 play=0 stop=0 fills=5 bytes=110240 underruns=0 recoveries=0 errors=0 sched_gaps=0 initial_complete=0 provisional_cycles=0 adopted=0 phase=1 phase_frames=2552654 generation=1
00596806 tid=4294825837 BACKEND cursor play=21568 write=23284 delta=1820 phase=1 phase_frames=2557954 track=12 offset_frames=2557954 generation=1 cycles=0
00597617 tid=4294809657 SUMMARY window_ms=1019 time=320 joy=0 status=0 play=0 stop=0 fills=4 bytes=88192 underruns=0 recoveries=0 errors=0 sched_gaps=0 initial_complete=0 provisional_cycles=0 adopted=0 phase=1 phase_frames=2575437 generation=1
00597826 tid=4294825837 BACKEND cursor play=23296 write=25012 delta=1808 phase=1 phase_frames=2580434 track=12 offset_frames=2580434 generation=1 cycles=0
00598617 tid=4294809657 SUMMARY window_ms=1000 time=320 joy=0 status=1 play=0 stop=0 fills=4 bytes=88192 underruns=0 recoveries=0 errors=0 sched_gaps=0 initial_complete=0 provisional_cycles=0 adopted=0 phase=1 phase_frames=2597163 generation=1
00598859 tid=4294825837 BACKEND cursor play=26248 write=27964 delta=3032 phase=1 phase_frames=2603220 track=12 offset_frames=2603220 generation=1 cycles=0
00599619 tid=4294809657 SUMMARY window_ms=1002 time=320 joy=0 status=0 play=0 stop=0 fills=4 bytes=88192 underruns=0 recoveries=0 errors=0 sched_gaps=0 initial_complete=0 provisional_cycles=0 adopted=0 phase=1 phase_frames=2619376 generation=1
00599865 tid=4294825837 BACKEND cursor play=26764 write=28480 delta=2120 phase=1 phase_frames=2625397 track=12 offset_frames=2625397 generation=1 cycles=0
00600619 tid=4294809657 SUMMARY window_ms=1000 time=320 joy=0 status=0 play=0 stop=0 fills=4 bytes=88192 underruns=0 recoveries=0 errors=0 sched_gaps=0 initial_complete=0 provisional_cycles=0 adopted=0 phase=1 phase_frames=2641669 generation=1
00600885 tid=4294825837 BACKEND cursor play=28496 write=30212 delta=2132 phase=1 phase_frames=2647878 track=12 offset_frames=2647878 generation=1 cycles=0
00601621 tid=4294809657 SUMMARY window_ms=1002 time=320 joy=0 status=0 play=0 stop=0 fills=4 bytes=88192 underruns=0 recoveries=0 errors=0 sched_gaps=0 initial_complete=0 provisional_cycles=0 adopted=0 phase=1 phase_frames=2663696 generation=1
00601905 tid=4294825837 BACKEND cursor play=30232 write=31948 delta=1816 phase=1 phase_frames=2670360 track=12 offset_frames=2670360 generation=1 cycles=0
00602621 tid=4294809657 SUMMARY window_ms=1000 time=312 joy=0 status=0 play=0 stop=0 fills=4 bytes=88192 underruns=0 recoveries=0 errors=0 sched_gaps=0 initial_complete=0 provisional_cycles=0 adopted=0 phase=1 phase_frames=2685802 generation=1
00602907 tid=4294825837 BACKEND cursor play=30456 write=32172 delta=1816 phase=1 phase_frames=2692464 track=12 offset_frames=2692464 generation=1 cycles=0
00603623 tid=4294809657 SUMMARY window_ms=1002 time=320 joy=0 status=1 play=0 stop=0 fills=4 bytes=88192 underruns=0 recoveries=0 errors=0 sched_gaps=0 initial_complete=0 provisional_cycles=0 adopted=0 phase=1 phase_frames=2708204 generation=1
00603927 tid=4294825837 BACKEND cursor play=32192 write=33908 delta=1820 phase=1 phase_frames=2714946 track=12 offset_frames=2714946 generation=1 cycles=0
00604639 tid=4294809657 SUMMARY window_ms=1016 time=296 joy=0 status=0 play=0 stop=0 fills=4 bytes=88192 underruns=0 recoveries=0 errors=0 sched_gaps=0 initial_complete=0 provisional_cycles=0 adopted=0 phase=1 phase_frames=2730311 generation=1
00604947 tid=4294825837 BACKEND cursor play=33936 write=35652 delta=1832 phase=1 phase_frames=2737430 track=12 offset_frames=2737430 generation=1 cycles=0
00605665 tid=4294809657 SUMMARY window_ms=1026 time=248 joy=0 status=0 play=0 stop=0 fills=4 bytes=88192 underruns=0 recoveries=0 errors=0 sched_gaps=0 initial_complete=0 provisional_cycles=0 adopted=0 phase=1 phase_frames=2753245 generation=1
00605966 tid=4294825837 BACKEND cursor play=35660 write=37376 delta=1820 phase=1 phase_frames=2759909 track=12 offset_frames=2759909 generation=1 cycles=0
00606691 tid=4294809657 SUMMARY window_ms=1026 time=240 joy=0 status=0 play=0 stop=0 fills=4 bytes=88192 underruns=0 recoveries=0 errors=0 sched_gaps=0 initial_complete=0 provisional_cycles=0 adopted=0 phase=1 phase_frames=2775351 generation=1
00606986 tid=4294825837 BACKEND cursor play=37388 write=39104 delta=1808 phase=1 phase_frames=2782389 track=12 offset_frames=2782389 generation=1 cycles=0
00607717 tid=4294809657 SUMMARY window_ms=1026 time=248 joy=0 status=0 play=0 stop=0 fills=4 bytes=88192 underruns=0 recoveries=0 errors=0 sched_gaps=0 initial_complete=0 provisional_cycles=0 adopted=0 phase=1 phase_frames=2798131 generation=1
00608006 tid=4294825837 BACKEND cursor play=39136 write=40852 delta=1824 phase=1 phase_frames=2804874 track=12 offset_frames=2804874 generation=1 cycles=0
00608729 tid=4294809657 SUMMARY window_ms=1009 time=240 joy=0 status=1 play=0 stop=0 fills=4 bytes=88192 underruns=0 recoveries=0 errors=0 sched_gaps=0 initial_complete=0 provisional_cycles=0 adopted=0 phase=1 phase_frames=2820811 generation=1
00609039 tid=4294825837 BACKEND cursor play=42064 write=43780 delta=3016 phase=1 phase_frames=2827654 track=12 offset_frames=2827654 generation=1 cycles=0
00609752 tid=4294809657 SUMMARY window_ms=1026 time=248 joy=0 status=0 play=0 stop=0 fills=4 bytes=88192 underruns=0 recoveries=0 errors=0 sched_gaps=0 initial_complete=0 provisional_cycles=0 adopted=0 phase=1 phase_frames=2843249 generation=1
00610045 tid=4294825837 BACKEND cursor play=42592 write=212 delta=1812 phase=1 phase_frames=2849834 track=12 offset_frames=2849834 generation=1 cycles=0
00610761 tid=4294809657 SUMMARY window_ms=1009 time=240 joy=0 status=0 play=0 stop=0 fills=4 bytes=88192 underruns=0 recoveries=0 errors=0 sched_gaps=0 initial_complete=0 provisional_cycles=0 adopted=0 phase=1 phase_frames=2865279 generation=1
00611061 tid=4294825837 BACKEND cursor play=44008 write=1628 delta=4828 phase=1 phase_frames=2872236 track=12 offset_frames=2872236 generation=1 cycles=0
00611787 tid=4294809657 SUMMARY window_ms=1026 time=248 joy=0 status=0 play=0 stop=0 fills=4 bytes=88192 underruns=0 recoveries=0 errors=0 sched_gaps=0 initial_complete=0 provisional_cycles=0 adopted=0 phase=1 phase_frames=2888210 generation=1
00612081 tid=4294825837 BACKEND cursor play=1656 write=3372 delta=3024 phase=1 phase_frames=2894720 track=12 offset_frames=2894720 generation=1 cycles=0
00612813 tid=4294809657 SUMMARY window_ms=1026 time=240 joy=0 status=0 play=0 stop=0 fills=4 bytes=88192 underruns=0 recoveries=0 errors=0 sched_gaps=0 initial_complete=0 provisional_cycles=0 adopted=0 phase=1 phase_frames=2910693 generation=1
00613101 tid=4294825837 BACKEND cursor play=3392 write=5108 delta=3024 phase=1 phase_frames=2917202 track=12 offset_frames=2917202 generation=1 cycles=0
00613822 tid=4294809657 SUMMARY window_ms=1009 time=240 joy=0 status=1 play=0 stop=0 fills=4 bytes=88192 underruns=0 recoveries=0 errors=0 sched_gaps=0 initial_complete=0 provisional_cycles=0 adopted=0 phase=1 phase_frames=2932641 generation=1
00614103 tid=4294825837 BACKEND cursor play=3604 write=5320 delta=3308 phase=1 phase_frames=2939303 track=12 offset_frames=2939303 generation=1 cycles=0
00614832 tid=4294809657 SUMMARY window_ms=1010 time=240 joy=0 status=0 play=0 stop=0 fills=5 bytes=110240 underruns=0 recoveries=0 errors=0 sched_gaps=0 initial_complete=0 provisional_cycles=0 adopted=0 phase=1 phase_frames=2955122 generation=1
00615123 tid=4294825837 BACKEND cursor play=5336 write=7052 delta=3288 phase=1 phase_frames=2961784 track=12 offset_frames=2961784 generation=1 cycles=0
00615857 tid=4294809657 SUMMARY window_ms=1025 time=248 joy=0 status=0 play=0 stop=0 fills=3 bytes=66144 underruns=0 recoveries=0 errors=0 sched_gaps=0 initial_complete=0 provisional_cycles=0 adopted=0 phase=1 phase_frames=2976850 generation=1
00616126 tid=4294825837 BACKEND cursor play=5568 write=7284 delta=1816 phase=1 phase_frames=2983890 track=12 offset_frames=2983890 generation=1 cycles=0
00616883 tid=4294809657 SUMMARY window_ms=1026 time=248 joy=0 status=0 play=0 stop=0 fills=5 bytes=110240 underruns=0 recoveries=0 errors=0 sched_gaps=0 initial_complete=0 provisional_cycles=0 adopted=0 phase=1 phase_frames=3000539 generation=1
00617145 tid=4294825837 BACKEND cursor play=7296 write=9012 delta=2120 phase=1 phase_frames=3006370 track=12 offset_frames=3006370 generation=1 cycles=0
00617909 tid=4294809657 SUMMARY window_ms=1026 time=248 joy=0 status=0 play=0 stop=0 fills=4 bytes=88192 underruns=0 recoveries=0 errors=0 sched_gaps=0 initial_complete=0 provisional_cycles=0 adopted=0 phase=1 phase_frames=3022730 generation=1
00618165 tid=4294825837 BACKEND cursor play=9032 write=10748 delta=1812 phase=1 phase_frames=3028852 track=12 offset_frames=3028852 generation=1 cycles=0
00618918 tid=4294809657 SUMMARY window_ms=1009 time=264 joy=0 status=1 play=0 stop=0 fills=4 bytes=88192 underruns=0 recoveries=0 errors=0 sched_gaps=0 initial_complete=0 provisional_cycles=0 adopted=0 phase=1 phase_frames=3045203 generation=1
00619185 tid=4294825837 BACKEND cursor play=10768 write=12484 delta=2116 phase=1 phase_frames=3051334 track=12 offset_frames=3051334 generation=1 cycles=0
00619921 tid=4294809657 SUMMARY window_ms=1003 time=320 joy=0 status=0 play=0 stop=0 fills=4 bytes=88192 underruns=0 recoveries=0 errors=0 sched_gaps=0 initial_complete=0 provisional_cycles=0 adopted=0 phase=1 phase_frames=3067230 generation=1
00620201 tid=4294825837 BACKEND cursor play=12232 write=13948 delta=3064 phase=1 phase_frames=3073748 track=12 offset_frames=3073748 generation=1 cycles=0
00620921 tid=4294809657 SUMMARY window_ms=1000 time=313 joy=0 status=0 play=0 stop=0 fills=4 bytes=88192 underruns=0 recoveries=0 errors=0 sched_gaps=0 initial_complete=0 provisional_cycles=0 adopted=0 phase=1 phase_frames=3089177 generation=1
00621207 tid=4294825837 BACKEND cursor play=12732 write=14448 delta=1828 phase=1 phase_frames=3095921 track=12 offset_frames=3095921 generation=1 cycles=0
00621923 tid=4294809657 SUMMARY window_ms=1002 time=319 joy=0 status=0 play=0 stop=0 fills=4 bytes=88192 underruns=0 recoveries=0 errors=0 sched_gaps=0 initial_complete=0 provisional_cycles=0 adopted=0 phase=1 phase_frames=3111200 generation=1
00622227 tid=4294825837 BACKEND cursor play=14456 write=16172 delta=1816 phase=1 phase_frames=3118400 track=12 offset_frames=3118400 generation=1 cycles=0
00622939 tid=4294809657 SUMMARY window_ms=1016 time=320 joy=0 status=0 play=0 stop=0 fills=4 bytes=88192 underruns=0 recoveries=0 errors=0 sched_gaps=0 initial_complete=0 provisional_cycles=0 adopted=0 phase=1 phase_frames=3133842 generation=1
00623246 tid=4294825837 BACKEND cursor play=16192 write=17908 delta=1816 phase=1 phase_frames=3140882 track=12 offset_frames=3140882 generation=1 cycles=0
00623942 tid=4294809657 SUMMARY window_ms=1003 time=320 joy=0 status=1 play=0 stop=0 fills=4 bytes=88192 underruns=0 recoveries=0 errors=0 sched_gaps=0 initial_complete=0 provisional_cycles=0 adopted=0 phase=1 phase_frames=3155869 generation=1
00624246 tid=4294825837 BACKEND cursor play=16108 write=17824 delta=2128 phase=1 phase_frames=3162909 track=12 offset_frames=3162909 generation=1 cycles=0
00624958 tid=4294809657 SUMMARY window_ms=1016 time=328 joy=0 status=0 play=0 stop=0 fills=4 bytes=88192 underruns=0 recoveries=0 errors=0 sched_gaps=0 initial_complete=0 provisional_cycles=0 adopted=0 phase=1 phase_frames=3178351 generation=1
00625265 tid=4294825837 BACKEND cursor play=17848 write=19564 delta=2136 phase=1 phase_frames=3185392 track=12 offset_frames=3185392 generation=1 cycles=0
00625967 tid=4294809657 SUMMARY window_ms=1009 time=320 joy=0 status=0 play=0 stop=0 fills=4 bytes=88192 underruns=0 recoveries=0 errors=0 sched_gaps=0 initial_complete=0 provisional_cycles=0 adopted=0 phase=1 phase_frames=3200832 generation=1
00626285 tid=4294825837 BACKEND cursor play=19556 write=21272 delta=2104 phase=1 phase_frames=3207867 track=12 offset_frames=3207867 generation=1 cycles=0
00626986 tid=4294809657 SUMMARY window_ms=1019 time=318 joy=0 status=0 play=0 stop=0 fills=4 bytes=88192 underruns=0 recoveries=0 errors=0 sched_gaps=0 initial_complete=0 provisional_cycles=0 adopted=0 phase=1 phase_frames=3223313 generation=1
00627301 tid=4294825837 BACKEND cursor play=20992 write=22708 delta=3000 phase=1 phase_frames=3230274 track=12 offset_frames=3230274 generation=1 cycles=0
00627996 tid=4294809657 SUMMARY window_ms=1010 time=320 joy=0 status=1 play=0 stop=0 fills=4 bytes=88192 underruns=0 recoveries=0 errors=0 sched_gaps=0 initial_complete=0 provisional_cycles=0 adopted=0 phase=1 phase_frames=3245264 generation=1
00628324 tid=4294825837 BACKEND cursor play=23044 write=24760 delta=2132 phase=1 phase_frames=3252835 track=12 offset_frames=3252835 generation=1 cycles=0
00629005 tid=4294809657 SUMMARY window_ms=1009 time=320 joy=0 status=0 play=0 stop=0 fills=4 bytes=88192 underruns=0 recoveries=0 errors=0 sched_gaps=0 initial_complete=0 provisional_cycles=0 adopted=0 phase=1 phase_frames=3267446 generation=1
00629326 tid=4294825837 BACKEND cursor play=23188 write=24904 delta=1736 phase=1 phase_frames=3274919 track=12 offset_frames=3274919 generation=1 cycles=0
00630005 tid=4294809657 SUMMARY window_ms=1000 time=313 joy=0 status=0 play=0 stop=0 fills=4 bytes=88192 underruns=0 recoveries=0 errors=0 sched_gaps=0 initial_complete=0 provisional_cycles=0 adopted=0 phase=1 phase_frames=3289472 generation=1
00630327 tid=4294825837 BACKEND cursor play=23228 write=24944 delta=1860 phase=1 phase_frames=3296977 track=12 offset_frames=3296977 generation=1 cycles=0
00631007 tid=4294809657 SUMMARY window_ms=1002 time=319 joy=0 status=0 play=0 stop=0 fills=4 bytes=88192 underruns=0 recoveries=0 errors=0 sched_gaps=0 initial_complete=0 provisional_cycles=0 adopted=0 phase=1 phase_frames=3311874 generation=1
00631346 tid=4294825837 BACKEND cursor play=24920 write=26636 delta=1812 phase=1 phase_frames=3319448 track=12 offset_frames=3319448 generation=1 cycles=0
00632016 tid=4294809657 SUMMARY window_ms=1009 time=320 joy=0 status=0 play=0 stop=0 fills=4 bytes=88192 underruns=0 recoveries=0 errors=0 sched_gaps=0 initial_complete=0 provisional_cycles=0 adopted=0 phase=1 phase_frames=3333982 generation=1
00632365 tid=4294825837 BACKEND cursor play=26652 write=28368 delta=1820 phase=1 phase_frames=3341929 track=12 offset_frames=3341929 generation=1 cycles=0
00633032 tid=4294809657 SUMMARY window_ms=1016 time=320 joy=0 status=1 play=0 stop=0 fills=4 bytes=88192 underruns=0 recoveries=0 errors=0 sched_gaps=0 initial_complete=0 provisional_cycles=0 adopted=0 phase=1 phase_frames=3356463 generation=1
00633385 tid=4294825837 BACKEND cursor play=28392 write=30108 delta=2140 phase=1 phase_frames=3364412 track=12 offset_frames=3364412 generation=1 cycles=0
00634051 tid=4294809657 SUMMARY window_ms=1019 time=328 joy=0 status=0 play=0 stop=0 fills=4 bytes=88192 underruns=0 recoveries=0 errors=0 sched_gaps=0 initial_complete=0 provisional_cycles=0 adopted=0 phase=1 phase_frames=3378865 generation=1
00634405 tid=4294825837 BACKEND cursor play=30152 write=31868 delta=2168 phase=1 phase_frames=3386900 track=12 offset_frames=3386900 generation=1 cycles=0
00635067 tid=4294809657 SUMMARY window_ms=1016 time=328 joy=0 status=0 play=0 stop=0 fills=4 bytes=88192 underruns=0 recoveries=0 errors=0 sched_gaps=0 initial_complete=0 provisional_cycles=0 adopted=0 phase=1 phase_frames=3401207 generation=1
00635421 tid=4294825837 BACKEND cursor play=31536 write=33252 delta=3020 phase=1 phase_frames=3409294 track=12 offset_frames=3409294 generation=1 cycles=0
00636086 tid=4294809657 SUMMARY window_ms=1019 time=320 joy=0 status=0 play=0 stop=0 fills=5 bytes=110240 underruns=0 recoveries=0 errors=0 sched_gaps=0 initial_complete=0 provisional_cycles=0 adopted=0 phase=1 phase_frames=3423907 generation=1
00636441 tid=4294825837 BACKEND cursor play=33268 write=34984 delta=3016 phase=1 phase_frames=3431775 track=12 offset_frames=3431775 generation=1 cycles=0
00637102 tid=4294809657 SUMMARY window_ms=1016 time=320 joy=0 status=0 play=0 stop=0 fills=4 bytes=88192 underruns=0 recoveries=0 errors=0 sched_gaps=0 initial_complete=0 provisional_cycles=0 adopted=0 phase=1 phase_frames=3446234 generation=1
00637447 tid=4294825837 BACKEND cursor play=33800 write=35516 delta=2124 phase=1 phase_frames=3453956 track=12 offset_frames=3453956 generation=1 cycles=0
00638112 tid=4294809657 SUMMARY window_ms=1010 time=320 joy=0 status=1 play=0 stop=0 fills=4 bytes=88192 underruns=0 recoveries=0 errors=0 sched_gaps=0 initial_complete=0 provisional_cycles=0 adopted=0 phase=1 phase_frames=3468037 generation=1
00638466 tid=4294825837 BACKEND cursor play=35532 write=37248 delta=2124 phase=1 phase_frames=3476437 track=12 offset_frames=3476437 generation=1 cycles=0
00639131 tid=4294809657 SUMMARY window_ms=1019 time=320 joy=0 status=0 play=0 stop=0 fills=4 bytes=88192 underruns=0 recoveries=0 errors=0 sched_gaps=0 initial_complete=0 provisional_cycles=0 adopted=0 phase=1 phase_frames=3490895 generation=1
00639466 tid=4294825837 BACKEND cursor play=35456 write=37172 delta=1808 phase=1 phase_frames=3498466 track=12 offset_frames=3498466 generation=1 cycles=0
00640147 tid=4294809657 SUMMARY window_ms=1016 time=328 joy=0 status=0 play=0 stop=0 fills=4 bytes=88192 underruns=0 recoveries=0 errors=0 sched_gaps=0 initial_complete=0 provisional_cycles=0 adopted=0 phase=1 phase_frames=3513376 generation=1
00640485 tid=4294825837 BACKEND cursor play=37200 write=38916 delta=2124 phase=1 phase_frames=3520950 track=12 offset_frames=3520950 generation=1 cycles=0
00641166 tid=4294809657 SUMMARY window_ms=1019 time=328 joy=0 status=0 play=0 stop=0 fills=4 bytes=88192 underruns=0 recoveries=0 errors=0 sched_gaps=0 initial_complete=0 provisional_cycles=0 adopted=0 phase=1 phase_frames=3535934 generation=1
00641505 tid=4294825837 BACKEND cursor play=38924 write=40640 delta=1816 phase=1 phase_frames=3543429 track=12 offset_frames=3543429 generation=1 cycles=0
00642166 tid=4294809657 SUMMARY window_ms=1000 time=322 joy=0 status=0 play=0 stop=0 fills=4 bytes=88192 underruns=0 recoveries=0 errors=0 sched_gaps=0 initial_complete=0 provisional_cycles=0 adopted=0 phase=1 phase_frames=3557130 generation=1
00642525 tid=4294825837 BACKEND cursor play=40660 write=42376 delta=1816 phase=1 phase_frames=3565911 track=12 offset_frames=3565911 generation=1 cycles=0
00643168 tid=4294809657 SUMMARY window_ms=1002 time=310 joy=0 status=1 play=0 stop=0 fills=4 bytes=88192 underruns=0 recoveries=0 errors=0 sched_gaps=0 initial_complete=0 provisional_cycles=0 adopted=0 phase=1 phase_frames=3579986 generation=1
00643541 tid=4294825837 BACKEND cursor play=42080 write=43796 delta=3020 phase=1 phase_frames=3588314 track=12 offset_frames=3588314 generation=1 cycles=0
00644177 tid=4294809657 SUMMARY window_ms=1009 time=320 joy=0 status=0 play=0 stop=0 fills=4 bytes=88192 underruns=0 recoveries=0 errors=0 sched_gaps=0 initial_complete=0 provisional_cycles=0 adopted=0 phase=1 phase_frames=3602014 generation=1
00644547 tid=4294825837 BACKEND cursor play=42612 write=232 delta=1784 phase=1 phase_frames=3610495 track=12 offset_frames=3610495 generation=1 cycles=0
00645187 tid=4294809657 SUMMARY window_ms=1010 time=320 joy=0 status=0 play=0 stop=0 fills=4 bytes=88192 underruns=0 recoveries=0 errors=0 sched_gaps=0 initial_complete=0 provisional_cycles=0 adopted=0 phase=1 phase_frames=3624573 generation=1
00645567 tid=4294825837 BACKEND cursor play=252 write=1968 delta=1820 phase=1 phase_frames=3632977 track=12 offset_frames=3632977 generation=1 cycles=0
00646203 tid=4294809657 SUMMARY window_ms=1016 time=320 joy=0 status=0 play=0 stop=0 fills=4 bytes=88192 underruns=0 recoveries=0 errors=0 sched_gaps=0 initial_complete=0 provisional_cycles=0 adopted=0 phase=1 phase_frames=3646602 generation=1
00646600 tid=4294825837 BACKEND cursor play=3188 write=4904 delta=3020 phase=1 phase_frames=3655759 track=12 offset_frames=3655759 generation=1 cycles=0
00647205 tid=4294809657 SUMMARY window_ms=1002 time=320 joy=0 status=0 play=0 stop=0 fills=4 bytes=88192 underruns=0 recoveries=0 errors=0 sched_gaps=0 initial_complete=0 provisional_cycles=0 adopted=0 phase=1 phase_frames=3669003 generation=1
00647623 tid=4294825837 BACKEND cursor play=5216 write=6932 delta=3316 phase=1 phase_frames=3678314 track=12 offset_frames=3678314 generation=1 cycles=0
00648221 tid=4294809657 SUMMARY window_ms=1016 time=328 joy=0 status=1 play=0 stop=0 fills=4 bytes=88192 underruns=0 recoveries=0 errors=0 sched_gaps=0 initial_complete=0 provisional_cycles=0 adopted=0 phase=1 phase_frames=3691107 generation=1
00648626 tid=4294825837 BACKEND cursor play=5448 write=7164 delta=1812 phase=1 phase_frames=3700420 track=12 offset_frames=3700420 generation=1 cycles=0
00649224 tid=4294809657 SUMMARY window_ms=1003 time=312 joy=0 status=0 play=0 stop=0 fills=4 bytes=88192 underruns=0 recoveries=0 errors=0 sched_gaps=0 initial_complete=0 provisional_cycles=0 adopted=0 phase=1 phase_frames=3713215 generation=1
00649644 tid=4294825837 BACKEND cursor play=7084 write=8800 delta=2024 phase=1 phase_frames=3722877 track=12 offset_frames=3722877 generation=1 cycles=0
00650224 tid=4294809657 SUMMARY window_ms=1000 time=252 joy=0 status=0 play=0 stop=0 fills=4 bytes=88192 underruns=0 recoveries=0 errors=0 sched_gaps=0 initial_complete=0 provisional_cycles=0 adopted=0 phase=1 phase_frames=3735243 generation=1
00650645 tid=4294825837 BACKEND cursor play=7104 write=8820 delta=1816 phase=1 phase_frames=3744930 track=12 offset_frames=3744930 generation=1 cycles=0
00651233 tid=4294809657 SUMMARY window_ms=1009 time=228 joy=0 status=0 play=0 stop=0 fills=4 bytes=88192 underruns=0 recoveries=0 errors=0 sched_gaps=0 initial_complete=0 provisional_cycles=0 adopted=0 phase=1 phase_frames=3757724 generation=1
00651661 tid=4294825837 BACKEND cursor play=8536 write=10252 delta=3020 phase=1 phase_frames=3767336 track=12 offset_frames=3767336 generation=1 cycles=0
00652259 tid=4294809657 SUMMARY window_ms=1026 time=240 joy=0 status=0 play=0 stop=0 fills=4 bytes=88192 underruns=0 recoveries=0 errors=0 sched_gaps=0 initial_complete=0 provisional_cycles=0 adopted=0 phase=1 phase_frames=3780124 generation=1
00652667 tid=4294825837 BACKEND cursor play=9064 write=10780 delta=1820 phase=1 phase_frames=3789516 track=12 offset_frames=3789516 generation=1 cycles=0
00653268 tid=4294809657 SUMMARY window_ms=1009 time=240 joy=0 status=1 play=0 stop=0 fills=4 bytes=88192 underruns=0 recoveries=0 errors=0 sched_gaps=0 initial_complete=0 provisional_cycles=0 adopted=0 phase=1 phase_frames=3802607 generation=1
00653683 tid=4294825837 BACKEND cursor play=10476 write=12192 delta=3308 phase=1 phase_frames=3811917 track=12 offset_frames=3811917 generation=1 cycles=0
00654294 tid=4294809657 SUMMARY window_ms=1026 time=248 joy=0 status=0 play=0 stop=0 fills=4 bytes=88192 underruns=0 recoveries=0 errors=0 sched_gaps=0 initial_complete=0 provisional_cycles=0 adopted=0 phase=1 phase_frames=3824334 generation=1
00654686 tid=4294825837 BACKEND cursor play=10752 write=12468 delta=2168 phase=1 phase_frames=3834034 track=12 offset_frames=3834034 generation=1 cycles=0
00655319 tid=4294809657 SUMMARY window_ms=1025 time=240 joy=0 status=0 play=0 stop=0 fills=4 bytes=88192 underruns=0 recoveries=0 errors=0 sched_gaps=0 initial_complete=0 provisional_cycles=0 adopted=0 phase=1 phase_frames=3847269 generation=1
00655706 tid=4294825837 BACKEND cursor play=12456 write=14172 delta=2148 phase=1 phase_frames=3856508 track=12 offset_frames=3856508 generation=1 cycles=0
00656345 tid=4294809657 SUMMARY window_ms=1026 time=248 joy=0 status=0 play=0 stop=0 fills=5 bytes=110240 underruns=0 recoveries=0 errors=0 sched_gaps=0 initial_complete=0 provisional_cycles=0 adopted=0 phase=1 phase_frames=3870205 generation=1
00656725 tid=4294825837 BACKEND cursor play=14184 write=15900 delta=2144 phase=1 phase_frames=3878988 track=12 offset_frames=3878988 generation=1 cycles=0
00657355 tid=4294809657 SUMMARY window_ms=1010 time=240 joy=0 status=0 play=0 stop=0 fills=4 bytes=88192 underruns=0 recoveries=0 errors=0 sched_gaps=0 initial_complete=0 provisional_cycles=0 adopted=0 phase=1 phase_frames=3892221 generation=1
00657731 tid=4294825837 BACKEND cursor play=14696 write=16412 delta=3932 phase=1 phase_frames=3901164 track=12 offset_frames=3901164 generation=1 cycles=0
00658364 tid=4294809657 SUMMARY window_ms=1009 time=240 joy=0 status=1 play=0 stop=0 fills=4 bytes=88192 underruns=0 recoveries=0 errors=0 sched_gaps=0 initial_complete=0 provisional_cycles=0 adopted=0 phase=1 phase_frames=3915090 generation=1
00658754 tid=4294825837 BACKEND cursor play=16724 write=18440 delta=2408 phase=1 phase_frames=3923719 track=12 offset_frames=3923719 generation=1 cycles=0
00659373 tid=4294809657 SUMMARY window_ms=1009 time=240 joy=0 status=0 play=0 stop=0 fills=4 bytes=88192 underruns=0 recoveries=0 errors=0 sched_gaps=0 initial_complete=0 provisional_cycles=0 adopted=0 phase=1 phase_frames=3937197 generation=1
00659767 tid=4294825837 BACKEND cursor play=17860 write=19576 delta=1816 phase=1 phase_frames=3946051 track=12 offset_frames=3946051 generation=1 cycles=0
00660399 tid=4294809657 SUMMARY window_ms=1026 time=248 joy=0 status=0 play=0 stop=0 fills=4 bytes=88192 underruns=0 recoveries=0 errors=0 sched_gaps=0 initial_complete=0 provisional_cycles=0 adopted=0 phase=1 phase_frames=3959678 generation=1
00660787 tid=4294825837 BACKEND cursor play=19596 write=21312 delta=1816 phase=1 phase_frames=3968533 track=12 offset_frames=3968533 generation=1 cycles=0
00661408 tid=4294809657 SUMMARY window_ms=1009 time=240 joy=0 status=0 play=0 stop=0 fills=4 bytes=88192 underruns=0 recoveries=0 errors=0 sched_gaps=0 initial_complete=0 provisional_cycles=0 adopted=0 phase=1 phase_frames=3982158 generation=1
00661820 tid=4294825837 BACKEND cursor play=22528 write=24244 delta=3008 phase=1 phase_frames=3991314 track=12 offset_frames=3991314 generation=1 cycles=0
00662418 tid=4294809657 SUMMARY window_ms=1010 time=240 joy=0 status=0 play=0 stop=0 fills=4 bytes=88192 underruns=0 recoveries=0 errors=0 sched_gaps=0 initial_complete=0 provisional_cycles=0 adopted=0 phase=1 phase_frames=4003355 generation=1
00662826 tid=4294825837 BACKEND cursor play=23068 write=24784 delta=1820 phase=1 phase_frames=4013497 track=12 offset_frames=4013497 generation=1 cycles=0
00663443 tid=4294809657 SUMMARY window_ms=1025 time=240 joy=0 status=1 play=0 stop=0 fills=4 bytes=88192 underruns=0 recoveries=0 errors=0 sched_gaps=0 initial_complete=0 provisional_cycles=0 adopted=0 phase=1 phase_frames=4027043 generation=1
00663846 tid=4294825837 BACKEND cursor play=24796 write=26512 delta=1908 phase=1 phase_frames=4035977 track=12 offset_frames=4035977 generation=1 cycles=0
00664463 tid=4294809657 SUMMARY window_ms=1020 time=304 joy=0 status=0 play=0 stop=0 fills=4 bytes=88192 underruns=0 recoveries=0 errors=0 sched_gaps=0 initial_complete=0 provisional_cycles=0 adopted=0 phase=1 phase_frames=4049225 generation=1
00664866 tid=4294825837 BACKEND cursor play=26540 write=28256 delta=1824 phase=1 phase_frames=4058461 track=12 offset_frames=4058461 generation=1 cycles=0
00665479 tid=4294809657 SUMMARY window_ms=1016 time=320 joy=0 status=0 play=0 stop=0 fills=4 bytes=88192 underruns=0 recoveries=0 errors=0 sched_gaps=0 initial_complete=0 provisional_cycles=0 adopted=0 phase=1 phase_frames=4071706 generation=1
00665885 tid=4294825837 BACKEND cursor play=28260 write=29976 delta=2116 phase=1 phase_frames=4080939 track=12 offset_frames=4080939 generation=1 cycles=0
00666488 tid=4294809657 SUMMARY window_ms=1009 time=320 joy=0 status=0 play=0 stop=0 fills=4 bytes=88192 underruns=0 recoveries=0 errors=0 sched_gaps=0 initial_complete=0 provisional_cycles=0 adopted=0 phase=1 phase_frames=4094187 generation=1
00666905 tid=4294825837 BACKEND cursor play=30000 write=31716 delta=2128 phase=1 phase_frames=4103422 track=12 offset_frames=4103422 generation=1 cycles=0
00667507 tid=4294809657 SUMMARY window_ms=1019 time=328 joy=0 status=0 play=0 stop=0 fills=4 bytes=88192 underruns=0 recoveries=0 errors=0 sched_gaps=0 initial_complete=0 provisional_cycles=0 adopted=0 phase=1 phase_frames=4116672 generation=1
00667921 tid=4294825837 BACKEND cursor play=31424 write=33140 delta=2984 phase=1 phase_frames=4125826 track=12 offset_frames=4125826 generation=1 cycles=0
00668517 tid=4294809657 SUMMARY window_ms=1010 time=320 joy=0 status=1 play=0 stop=0 fills=4 bytes=88192 underruns=0 recoveries=0 errors=0 sched_gaps=0 initial_complete=0 provisional_cycles=0 adopted=0 phase=1 phase_frames=4138698 generation=1
00668941 tid=4294825837 BACKEND cursor play=33156 write=34872 delta=3012 phase=1 phase_frames=4148307 track=12 offset_frames=4148307 generation=1 cycles=0
00669526 tid=4294809657 SUMMARY window_ms=1009 time=320 joy=0 status=0 play=0 stop=0 fills=4 bytes=88192 underruns=0 recoveries=0 errors=0 sched_gaps=0 initial_complete=0 provisional_cycles=0 adopted=0 phase=1 phase_frames=4161098 generation=1
00669981 tid=4294825837 BACKEND cursor play=36712 write=38428 delta=4840 phase=1 phase_frames=4171244 track=12 offset_frames=4171244 generation=1 cycles=0
00670558 tid=4294809657 SUMMARY window_ms=1032 time=328 joy=0 status=0 play=0 stop=0 fills=4 bytes=88192 underruns=0 recoveries=0 errors=0 sched_gaps=0 initial_complete=0 provisional_cycles=0 adopted=0 phase=1 phase_frames=4183579 generation=1
00671001 tid=4294825837 BACKEND cursor play=38444 write=40160 delta=2988 phase=1 phase_frames=4193725 track=12 offset_frames=4193725 generation=1 cycles=0
00671578 tid=4294809657 SUMMARY window_ms=1020 time=320 joy=0 status=0 play=0 stop=0 fills=4 bytes=88192 underruns=0 recoveries=0 errors=0 sched_gaps=0 initial_complete=0 provisional_cycles=0 adopted=0 phase=1 phase_frames=4205763 generation=1
00672007 tid=4294825837 BACKEND cursor play=38980 write=40696 delta=1820 phase=1 phase_frames=4215907 track=12 offset_frames=4215907 generation=1 cycles=0
00672580 tid=4294809657 SUMMARY window_ms=1002 time=325 joy=0 status=0 play=0 stop=0 fills=5 bytes=110240 underruns=0 recoveries=0 errors=0 sched_gaps=0 initial_complete=0 provisional_cycles=0 adopted=0 phase=1 phase_frames=4228245 generation=1
00673040 tid=4294825837 BACKEND cursor play=41912 write=43628 delta=3016 phase=1 phase_frames=4238688 track=12 offset_frames=4238688 generation=1 cycles=0
00673580 tid=4294809657 SUMMARY window_ms=1000 time=307 joy=0 status=1 play=0 stop=0 fills=4 bytes=88192 underruns=0 recoveries=0 errors=0 sched_gaps=0 initial_complete=0 provisional_cycles=0 adopted=0 phase=1 phase_frames=4250273 generation=1
00674047 tid=4294825837 BACKEND cursor play=42480 write=100 delta=1852 phase=1 phase_frames=4260878 track=12 offset_frames=4260878 generation=1 cycles=0
00674589 tid=4294809657 SUMMARY window_ms=1009 time=320 joy=0 status=0 play=0 stop=0 fills=4 bytes=88192 underruns=0 recoveries=0 errors=0 sched_gaps=0 initial_complete=0 provisional_cycles=0 adopted=0 phase=1 phase_frames=4272752 generation=1
00675066 tid=4294825837 BACKEND cursor play=72 write=1788 delta=1808 phase=1 phase_frames=4283348 track=12 offset_frames=4283348 generation=1 cycles=0
00675598 tid=4294809657 SUMMARY window_ms=1009 time=312 joy=0 status=0 play=0 stop=0 fills=4 bytes=88192 underruns=0 recoveries=0 errors=0 sched_gaps=0 initial_complete=0 provisional_cycles=0 adopted=0 phase=1 phase_frames=4294705 generation=1
00676086 tid=4294825837 BACKEND cursor play=1824 write=3540 delta=1828 phase=1 phase_frames=4305834 track=12 offset_frames=4305834 generation=1 cycles=0
00676598 tid=4294809657 SUMMARY window_ms=1000 time=304 joy=0 status=0 play=0 stop=0 fills=4 bytes=88192 underruns=0 recoveries=0 errors=0 sched_gaps=0 initial_complete=0 provisional_cycles=0 adopted=0 phase=1 phase_frames=4316882 generation=1
00677123 tid=4294825837 BACKEND cursor play=5048 write=6764 delta=3320 phase=1 phase_frames=4328688 track=12 offset_frames=4328688 generation=1 cycles=0
00677617 tid=4294809657 SUMMARY window_ms=1019 time=320 joy=0 status=0 play=0 stop=0 fills=4 bytes=88192 underruns=0 recoveries=0 errors=0 sched_gaps=0 initial_complete=0 provisional_cycles=0 adopted=0 phase=1 phase_frames=4339287 generation=1
00678125 tid=4294825837 BACKEND cursor play=5280 write=6996 delta=2208 phase=1 phase_frames=4350794 track=12 offset_frames=4350794 generation=1 cycles=0
00678620 tid=4294809657 SUMMARY window_ms=1003 time=325 joy=0 status=1 play=0 stop=0 fills=4 bytes=88192 underruns=0 recoveries=0 errors=0 sched_gaps=0 initial_complete=0 provisional_cycles=0 adopted=0 phase=1 phase_frames=4361392 generation=1
00679145 tid=4294825837 BACKEND cursor play=7016 write=8732 delta=2136 phase=1 phase_frames=4373276 track=12 offset_frames=4373276 generation=1 cycles=0
00679635 tid=4294809657 SUMMARY window_ms=1015 time=315 joy=0 status=0 play=0 stop=0 fills=4 bytes=88192 underruns=0 recoveries=0 errors=0 sched_gaps=0 initial_complete=0 provisional_cycles=0 adopted=0 phase=1 phase_frames=4383874 generation=1
00680165 tid=4294825837 BACKEND cursor play=8748 write=10464 delta=1816 phase=1 phase_frames=4395757 track=12 offset_frames=4395757 generation=1 cycles=0
00680645 tid=4294809657 SUMMARY window_ms=1010 time=320 joy=0 status=0 play=0 stop=0 fills=4 bytes=88192 underruns=0 recoveries=0 errors=0 sched_gaps=0 initial_complete=0 provisional_cycles=0 adopted=0 phase=1 phase_frames=4406352 generation=1
00681181 tid=4294825837 BACKEND cursor play=10168 write=11884 delta=3008 phase=1 phase_frames=4418160 track=12 offset_frames=4418160 generation=1 cycles=0
00681661 tid=4294809657 SUMMARY window_ms=1016 time=320 joy=0 status=0 play=0 stop=0 fills=4 bytes=88192 underruns=0 recoveries=0 errors=0 sched_gaps=0 initial_complete=0 provisional_cycles=0 adopted=0 phase=1 phase_frames=4428304 generation=1
00682200 tid=4294825837 BACKEND cursor play=11856 write=13572 delta=3284 phase=1 phase_frames=4440630 track=12 offset_frames=4440630 generation=1 cycles=0
00682670 tid=4294809657 SUMMARY window_ms=1009 time=320 joy=0 status=0 play=0 stop=0 fills=4 bytes=88192 underruns=0 recoveries=0 errors=0 sched_gaps=0 initial_complete=0 provisional_cycles=0 adopted=0 phase=1 phase_frames=4450484 generation=1
00683207 tid=4294825837 BACKEND cursor play=12440 write=14156 delta=1816 phase=1 phase_frames=4462824 track=12 offset_frames=4462824 generation=1 cycles=0
00683679 tid=4294809657 SUMMARY window_ms=1009 time=320 joy=0 status=1 play=0 stop=0 fills=4 bytes=88192 underruns=0 recoveries=0 errors=0 sched_gaps=0 initial_complete=0 provisional_cycles=0 adopted=0 phase=1 phase_frames=4472972 generation=1
00684233 tid=4294825837 BACKEND cursor play=14764 write=16480 delta=2412 phase=1 phase_frames=4485453 track=12 offset_frames=4485453 generation=1 cycles=0
00684698 tid=4294809657 SUMMARY window_ms=1019 time=328 joy=0 status=0 play=0 stop=0 fills=4 bytes=88192 underruns=0 recoveries=0 errors=0 sched_gaps=0 initial_complete=0 provisional_cycles=0 adopted=0 phase=1 phase_frames=4495449 generation=1
00685260 tid=4294825837 BACKEND cursor play=17124 write=18840 delta=3028 phase=1 phase_frames=4508091 track=12 offset_frames=4508091 generation=1 cycles=0
00685714 tid=4294809657 SUMMARY window_ms=1016 time=328 joy=0 status=0 play=0 stop=0 fills=4 bytes=88192 underruns=0 recoveries=0 errors=0 sched_gaps=0 initial_complete=0 provisional_cycles=0 adopted=0 phase=1 phase_frames=4517929 generation=1
00686283 tid=4294825837 BACKEND cursor play=19140 write=20856 delta=3012 phase=1 phase_frames=4530643 track=12 offset_frames=4530643 generation=1 cycles=0
00686724 tid=4294809657 SUMMARY window_ms=1010 time=320 joy=0 status=0 play=0 stop=0 fills=4 bytes=88192 underruns=0 recoveries=0 errors=0 sched_gaps=0 initial_complete=0 provisional_cycles=0 adopted=0 phase=1 phase_frames=4540331 generation=1
00687286 tid=4294825837 BACKEND cursor play=19380 write=21096 delta=2860 phase=1 phase_frames=4552751 track=12 offset_frames=4552751 generation=1 cycles=0
00687726 tid=4294809657 SUMMARY window_ms=1002 time=320 joy=0 status=0 play=0 stop=0 fills=4 bytes=88192 underruns=0 recoveries=0 errors=0 sched_gaps=0 initial_complete=0 provisional_cycles=0 adopted=0 phase=1 phase_frames=4562437 generation=1
00688305 tid=4294825837 BACKEND cursor play=21112 write=22828 delta=1820 phase=1 phase_frames=4575232 track=12 offset_frames=4575232 generation=1 cycles=0
00688736 tid=4294809657 SUMMARY window_ms=1010 time=320 joy=0 status=1 play=0 stop=0 fills=4 bytes=88192 underruns=0 recoveries=0 errors=0 sched_gaps=0 initial_complete=0 provisional_cycles=0 adopted=0 phase=1 phase_frames=4584088 generation=1
00689321 tid=4294825837 BACKEND cursor play=22524 write=24240 delta=4828 phase=1 phase_frames=4597633 track=12 offset_frames=4597633 generation=1 cycles=0
00689751 tid=4294809657 SUMMARY window_ms=1015 time=328 joy=0 status=0 play=0 stop=0 fills=4 bytes=88192 underruns=0 recoveries=0 errors=0 sched_gaps=0 initial_complete=0 provisional_cycles=0 adopted=0 phase=1 phase_frames=4606568 generation=1
00690331 tid=4294825837 BACKEND cursor play=23360 write=25076 delta=2116 phase=1 phase_frames=4619890 track=12 offset_frames=4619890 generation=1 cycles=0
00690771 tid=4294809657 SUMMARY window_ms=1020 time=328 joy=0 status=0 play=0 stop=0 fills=4 bytes=88192 underruns=0 recoveries=0 errors=0 sched_gaps=0 initial_complete=0 provisional_cycles=0 adopted=0 phase=1 phase_frames=4629505 generation=1
00691357 tid=4294825837 BACKEND cursor play=25708 write=27424 delta=2728 phase=1 phase_frames=4642525 track=12 offset_frames=4642525 generation=1 cycles=0
00691787 tid=4294809657 SUMMARY window_ms=1016 time=326 joy=0 status=0 play=0 stop=0 fills=4 bytes=88192 underruns=0 recoveries=0 errors=0 sched_gaps=0 initial_complete=0 provisional_cycles=0 adopted=0 phase=1 phase_frames=4651832 generation=1
00692363 tid=4294825837 BACKEND cursor play=26160 write=27876 delta=3264 phase=1 phase_frames=4664686 track=12 offset_frames=4664686 generation=1 cycles=0
00692806 tid=4294809657 SUMMARY window_ms=1019 time=328 joy=0 status=0 play=0 stop=0 fills=4 bytes=88192 underruns=0 recoveries=0 errors=0 sched_gaps=0 initial_complete=0 provisional_cycles=0 adopted=0 phase=1 phase_frames=4674462 generation=1
00693366 tid=4294825837 BACKEND cursor play=26440 write=28156 delta=1812 phase=1 phase_frames=4686804 track=12 offset_frames=4686804 generation=1 cycles=0
00693822 tid=4294809657 SUMMARY window_ms=1016 time=320 joy=0 status=1 play=0 stop=0 fills=4 bytes=88192 underruns=0 recoveries=0 errors=0 sched_gaps=0 initial_complete=0 provisional_cycles=0 adopted=0 phase=1 phase_frames=4696497 generation=1
00694385 tid=4294825837 BACKEND cursor play=28092 write=29808 delta=2040 phase=1 phase_frames=4709265 track=12 offset_frames=4709265 generation=1 cycles=0
00694848 tid=4294809657 SUMMARY window_ms=1026 time=286 joy=0 status=0 play=0 stop=0 fills=5 bytes=110240 underruns=0 recoveries=0 errors=0 sched_gaps=0 initial_complete=0 provisional_cycles=0 adopted=0 phase=1 phase_frames=4719430 generation=1
00695385 tid=4294825837 BACKEND cursor play=28096 write=29812 delta=2124 phase=1 phase_frames=4731314 track=12 offset_frames=4731314 generation=1 cycles=0
00695874 tid=4294809657 SUMMARY window_ms=1026 time=240 joy=0 status=0 play=0 stop=0 fills=4 bytes=88192 underruns=0 recoveries=0 errors=0 sched_gaps=0 initial_complete=0 provisional_cycles=0 adopted=0 phase=1 phase_frames=4741838 generation=1
00696401 tid=4294825837 BACKEND cursor play=29516 write=31232 delta=3916 phase=1 phase_frames=4753717 track=12 offset_frames=4753717 generation=1 cycles=0
00696899 tid=4294809657 SUMMARY window_ms=1025 time=248 joy=0 status=0 play=0 stop=0 fills=4 bytes=88192 underruns=0 recoveries=0 errors=0 sched_gaps=0 initial_complete=0 provisional_cycles=0 adopted=0 phase=1 phase_frames=4764011 generation=1
00697407 tid=4294825837 BACKEND cursor play=30048 write=31764 delta=1812 phase=1 phase_frames=4775898 track=12 offset_frames=4775898 generation=1 cycles=0
00697926 tid=4294809657 SUMMARY window_ms=1026 time=248 joy=0 status=0 play=0 stop=0 fills=4 bytes=88192 underruns=0 recoveries=0 errors=0 sched_gaps=0 initial_complete=0 provisional_cycles=0 adopted=0 phase=1 phase_frames=4787329 generation=1
00698423 tid=4294825837 BACKEND cursor play=31468 write=33184 delta=3284 phase=1 phase_frames=4798301 track=12 offset_frames=4798301 generation=1 cycles=0
00698935 tid=4294809657 SUMMARY window_ms=1010 time=240 joy=0 status=1 play=0 stop=0 fills=4 bytes=88192 underruns=0 recoveries=0 errors=0 sched_gaps=0 initial_complete=0 provisional_cycles=0 adopted=0 phase=1 phase_frames=4809277 generation=1
00699426 tid=4294825837 BACKEND cursor play=31696 write=33412 delta=1808 phase=1 phase_frames=4820406 track=12 offset_frames=4820406 generation=1 cycles=0
00699961 tid=4294809657 SUMMARY window_ms=1025 time=240 joy=0 status=0 play=0 stop=0 fills=4 bytes=88192 underruns=0 recoveries=0 errors=0 sched_gaps=0 initial_complete=0 provisional_cycles=0 adopted=0 phase=1 phase_frames=4832194 generation=1
00700446 tid=4294825837 BACKEND cursor play=33436 write=35152 delta=1912 phase=1 phase_frames=4842889 track=12 offset_frames=4842889 generation=1 cycles=0
00700970 tid=4294809657 SUMMARY window_ms=1010 time=232 joy=0 status=0 play=0 stop=0 fills=4 bytes=88192 underruns=0 recoveries=0 errors=0 sched_gaps=0 initial_complete=0 provisional_cycles=0 adopted=0 phase=1 phase_frames=4853942 generation=1
00701462 tid=4294825837 BACKEND cursor play=34864 write=36580 delta=4840 phase=1 phase_frames=4865294 track=12 offset_frames=4865294 generation=1 cycles=0
00701979 tid=4294809657 SUMMARY window_ms=1009 time=240 joy=0 status=0 play=0 stop=0 fills=4 bytes=88192 underruns=0 recoveries=0 errors=0 sched_gaps=0 initial_complete=0 provisional_cycles=0 adopted=0 phase=1 phase_frames=4876430 generation=1
00702485 tid=4294825837 BACKEND cursor play=36908 write=38624 delta=2720 phase=1 phase_frames=4887853 track=12 offset_frames=4887853 generation=1 cycles=0
00702989 tid=4294809657 SUMMARY window_ms=1010 time=240 joy=0 status=0 play=0 stop=0 fills=4 bytes=88192 underruns=0 recoveries=0 errors=0 sched_gaps=0 initial_complete=0 provisional_cycles=0 adopted=0 phase=1 phase_frames=4898931 generation=1
00703498 tid=4294825837 BACKEND cursor play=38036 write=39752 delta=2732 phase=1 phase_frames=4910183 track=12 offset_frames=4910183 generation=1 cycles=0
00703998 tid=4294809657 SUMMARY window_ms=1009 time=240 joy=0 status=1 play=0 stop=0 fills=4 bytes=88192 underruns=0 recoveries=0 errors=0 sched_gaps=0 initial_complete=0 provisional_cycles=0 adopted=0 phase=1 phase_frames=4920932 generation=1
00704504 tid=4294825837 BACKEND cursor play=38556 write=40272 delta=1828 phase=1 phase_frames=4932361 track=12 offset_frames=4932361 generation=1 cycles=0
00705023 tid=4294809657 SUMMARY window_ms=1025 time=248 joy=0 status=0 play=0 stop=0 fills=4 bytes=88192 underruns=0 recoveries=0 errors=0 sched_gaps=0 initial_complete=0 provisional_cycles=0 adopted=0 phase=1 phase_frames=4943417 generation=1
00705520 tid=4294825837 BACKEND cursor play=39980 write=41696 delta=3012 phase=1 phase_frames=4954765 track=12 offset_frames=4954765 generation=1 cycles=0
00706033 tid=4294809657 SUMMARY window_ms=1010 time=240 joy=0 status=0 play=0 stop=0 fills=4 bytes=88192 underruns=0 recoveries=0 errors=0 sched_gaps=0 initial_complete=0 provisional_cycles=0 adopted=0 phase=1 phase_frames=4965062 generation=1
00706526 tid=4294825837 BACKEND cursor play=40540 write=42256 delta=1836 phase=1 phase_frames=4976953 track=12 offset_frames=4976953 generation=1 cycles=0
00707042 tid=4294809657 SUMMARY window_ms=1009 time=240 joy=0 status=0 play=0 stop=0 fills=4 bytes=88192 underruns=0 recoveries=0 errors=0 sched_gaps=0 initial_complete=0 provisional_cycles=0 adopted=0 phase=1 phase_frames=4988296 generation=1
00707546 tid=4294825837 BACKEND cursor play=42248 write=43964 delta=1820 phase=1 phase_frames=4999428 track=12 offset_frames=4999428 generation=1 cycles=0
00708068 tid=4294809657 SUMMARY window_ms=1026 time=240 joy=0 status=0 play=0 stop=0 fills=4 bytes=88192 underruns=0 recoveries=0 errors=0 sched_gaps=0 initial_complete=0 provisional_cycles=0 adopted=0 phase=1 phase_frames=5010479 generation=1
00708564 tid=4294825837 BACKEND cursor play=43884 write=1504 delta=2040 phase=1 phase_frames=5021885 track=12 offset_frames=5021885 generation=1 cycles=0
00709077 tid=4294809657 SUMMARY window_ms=1009 time=280 joy=0 status=1 play=0 stop=0 fills=4 bytes=88192 underruns=0 recoveries=0 errors=0 sched_gaps=0 initial_complete=0 provisional_cycles=0 adopted=0 phase=1 phase_frames=5032960 generation=1
00709585 tid=4294825837 BACKEND cursor play=1612 write=3328 delta=2132 phase=1 phase_frames=5044389 track=12 offset_frames=5044389 generation=1 cycles=0
00710096 tid=4294809657 SUMMARY window_ms=1019 time=320 joy=0 status=0 play=0 stop=0 fills=5 bytes=110240 underruns=0 recoveries=0 errors=0 sched_gaps=0 initial_complete=0 provisional_cycles=0 adopted=0 phase=1 phase_frames=5055441 generation=1
00710602 tid=4294825837 BACKEND cursor play=3064 write=4780 delta=4852 phase=1 phase_frames=5066800 track=12 offset_frames=5066800 generation=1 cycles=0
00711112 tid=4294809657 SUMMARY window_ms=1016 time=328 joy=0 status=0 play=0 stop=0 fills=4 bytes=88192 underruns=0 recoveries=0 errors=0 sched_gaps=0 initial_complete=0 provisional_cycles=0 adopted=0 phase=1 phase_frames=5077467 generation=1
00711621 tid=4294825837 BACKEND cursor play=4776 write=6492 delta=3020 phase=1 phase_frames=5089276 track=12 offset_frames=5089276 generation=1 cycles=0
00712132 tid=4294809657 SUMMARY window_ms=1020 time=320 joy=0 status=0 play=0 stop=0 fills=4 bytes=88192 underruns=0 recoveries=0 errors=0 sched_gaps=0 initial_complete=0 provisional_cycles=0 adopted=0 phase=1 phase_frames=5100403 generation=1
00712627 tid=4294825837 BACKEND cursor play=5312 write=7028 delta=1824 phase=1 phase_frames=5111458 track=12 offset_frames=5111458 generation=1 cycles=0
00713135 tid=4294809657 SUMMARY window_ms=1002 time=325 joy=0 status=0 play=0 stop=0 fills=4 bytes=88192 underruns=0 recoveries=0 errors=0 sched_gaps=0 initial_complete=0 provisional_cycles=0 adopted=0 phase=1 phase_frames=5122432 generation=1
00713647 tid=4294825837 BACKEND cursor play=7048 write=8764 delta=2140 phase=1 phase_frames=5133940 track=12 offset_frames=5133940 generation=1 cycles=0
00714140 tid=4294809657 SUMMARY window_ms=1006 time=307 joy=0 status=1 play=0 stop=0 fills=4 bytes=88192 underruns=0 recoveries=0 errors=0 sched_gaps=0 initial_complete=0 provisional_cycles=0 adopted=0 phase=1 phase_frames=5144764 generation=1
00714680 tid=4294825837 BACKEND cursor play=9972 write=11688 delta=3008 phase=1 phase_frames=5156719 track=12 offset_frames=5156719 generation=1 cycles=0
00715159 tid=4294809657 SUMMARY window_ms=1019 time=328 joy=0 status=0 play=0 stop=0 fills=4 bytes=88192 underruns=0 recoveries=0 errors=0 sched_gaps=0 initial_complete=0 provisional_cycles=0 adopted=0 phase=1 phase_frames=5167240 generation=1
00715686 tid=4294825837 BACKEND cursor play=10504 write=12220 delta=1812 phase=1 phase_frames=5178900 track=12 offset_frames=5178900 generation=1 cycles=0
00716169 tid=4294809657 SUMMARY window_ms=1010 time=312 joy=0 status=0 play=0 stop=0 fills=4 bytes=88192 underruns=0 recoveries=0 errors=0 sched_gaps=0 initial_complete=0 provisional_cycles=0 adopted=0 phase=1 phase_frames=5189043 generation=1
00716706 tid=4294825837 BACKEND cursor play=12240 write=13956 delta=1816 phase=1 phase_frames=5201382 track=12 offset_frames=5201382 generation=1 cycles=0
00717185 tid=4294809657 SUMMARY window_ms=1016 time=328 joy=0 status=0 play=0 stop=0 fills=4 bytes=88192 underruns=0 recoveries=0 errors=0 sched_gaps=0 initial_complete=0 provisional_cycles=0 adopted=0 phase=1 phase_frames=5211519 generation=1
00717726 tid=4294825837 BACKEND cursor play=13984 write=15700 delta=1828 phase=1 phase_frames=5223866 track=12 offset_frames=5223866 generation=1 cycles=0
00718187 tid=4294809657 SUMMARY window_ms=1002 time=320 joy=0 status=0 play=0 stop=0 fills=4 bytes=88192 underruns=0 recoveries=0 errors=0 sched_gaps=0 initial_complete=0 provisional_cycles=0 adopted=0 phase=1 phase_frames=5234005 generation=1
00718745 tid=4294825837 BACKEND cursor play=15716 write=17432 delta=2212 phase=1 phase_frames=5246347 track=12 offset_frames=5246347 generation=1 cycles=0
00719187 tid=4294809657 SUMMARY window_ms=1000 time=320 joy=0 status=1 play=0 stop=0 fills=4 bytes=88192 underruns=0 recoveries=0 errors=0 sched_gaps=0 initial_complete=0 provisional_cycles=0 adopted=0 phase=1 phase_frames=5255203 generation=1
00719765 tid=4294825837 BACKEND cursor play=17444 write=19160 delta=2132 phase=1 phase_frames=5268827 track=12 offset_frames=5268827 generation=1 cycles=0
00720206 tid=4294809657 SUMMARY window_ms=1019 time=320 joy=0 status=0 play=0 stop=0 fills=4 bytes=88192 underruns=0 recoveries=0 errors=0 sched_gaps=0 initial_complete=0 provisional_cycles=0 adopted=0 phase=1 phase_frames=5278436 generation=1
00720785 tid=4294825837 BACKEND cursor play=19184 write=20900 delta=1820 phase=1 phase_frames=5291310 track=12 offset_frames=5291310 generation=1 cycles=0
00721222 tid=4294809657 SUMMARY window_ms=1016 time=328 joy=0 status=0 play=0 stop=0 fills=4 bytes=88192 underruns=0 recoveries=0 errors=0 sched_gaps=0 initial_complete=0 provisional_cycles=0 adopted=0 phase=1 phase_frames=5300620 generation=1
00721801 tid=4294825837 BACKEND cursor play=20592 write=22308 delta=3012 phase=1 phase_frames=5313710 track=12 offset_frames=5313710 generation=1 cycles=0
00722231 tid=4294809657 SUMMARY window_ms=1009 time=320 joy=0 status=0 play=0 stop=0 fills=4 bytes=88192 underruns=0 recoveries=0 errors=0 sched_gaps=0 initial_complete=0 provisional_cycles=0 adopted=0 phase=1 phase_frames=5323101 generation=1
00722821 tid=4294825837 BACKEND cursor play=22356 write=24072 delta=3044 phase=1 phase_frames=5336199 track=12 offset_frames=5336199 generation=1 cycles=0
00723250 tid=4294809657 SUMMARY window_ms=1019 time=328 joy=0 status=0 play=0 stop=0 fills=4 bytes=88192 underruns=0 recoveries=0 errors=0 sched_gaps=0 initial_complete=0 provisional_cycles=0 adopted=0 phase=1 phase_frames=5345502 generation=1
00723827 tid=4294825837 BACKEND cursor play=22856 write=24572 delta=1808 phase=1 phase_frames=5358372 track=12 offset_frames=5358372 generation=1 cycles=0
00724260 tid=4294809657 SUMMARY window_ms=1010 time=320 joy=0 status=1 play=0 stop=0 fills=4 bytes=88192 underruns=0 recoveries=0 errors=0 sched_gaps=0 initial_complete=0 provisional_cycles=0 adopted=0 phase=1 phase_frames=5367610 generation=1
00724859 tid=4294825837 BACKEND cursor play=25732 write=27448 delta=2956 phase=1 phase_frames=5381139 track=12 offset_frames=5381139 generation=1 cycles=0
00725276 tid=4294809657 SUMMARY window_ms=1016 time=328 joy=0 status=0 play=0 stop=0 fills=4 bytes=88192 underruns=0 recoveries=0 errors=0 sched_gaps=0 initial_complete=0 provisional_cycles=0 adopted=0 phase=1 phase_frames=5390092 generation=1
00725859 tid=4294825837 BACKEND cursor play=25720 write=27436 delta=3024 phase=1 phase_frames=5403184 track=12 offset_frames=5403184 generation=1 cycles=0
00726279 tid=4294809657 SUMMARY window_ms=1003 time=312 joy=0 status=0 play=0 stop=0 fills=4 bytes=88192 underruns=0 recoveries=0 errors=0 sched_gaps=0 initial_complete=0 provisional_cycles=0 adopted=0 phase=1 phase_frames=5412040 generation=1
00726865 tid=4294825837 BACKEND cursor play=26244 write=27960 delta=2124 phase=1 phase_frames=5425363 track=12 offset_frames=5425363 generation=1 cycles=0
00727294 tid=4294809657 SUMMARY window_ms=1015 time=328 joy=0 status=0 play=0 stop=0 fills=4 bytes=88192 underruns=0 recoveries=0 errors=0 sched_gaps=0 initial_complete=0 provisional_cycles=0 adopted=0 phase=1 phase_frames=5434220 generation=1
00727884 tid=4294825837 BACKEND cursor play=27884 write=29600 delta=2108 phase=1 phase_frames=5447821 track=12 offset_frames=5447821 generation=1 cycles=0
00728297 tid=4294809657 SUMMARY window_ms=1003 time=312 joy=0 status=0 play=0 stop=0 fills=4 bytes=88192 underruns=0 recoveries=0 errors=0 sched_gaps=0 initial_complete=0 provisional_cycles=0 adopted=0 phase=1 phase_frames=5456702 generation=1
00728884 tid=4294825837 BACKEND cursor play=27900 write=29616 delta=1832 phase=1 phase_frames=5469873 track=12 offset_frames=5469873 generation=1 cycles=0
00729313 tid=4294809657 SUMMARY window_ms=1016 time=328 joy=0 status=1 play=0 stop=0 fills=4 bytes=88192 underruns=0 recoveries=0 errors=0 sched_gaps=0 initial_complete=0 provisional_cycles=0 adopted=0 phase=1 phase_frames=5479183 generation=1
00729887 tid=4294825837 BACKEND cursor play=28120 write=29836 delta=1808 phase=1 phase_frames=5491976 track=12 offset_frames=5491976 generation=1 cycles=0
00730322 tid=4294809657 SUMMARY window_ms=1009 time=320 joy=0 status=0 play=0 stop=0 fills=4 bytes=88192 underruns=0 recoveries=0 errors=0 sched_gaps=0 initial_complete=0 provisional_cycles=0 adopted=0 phase=1 phase_frames=5501213 generation=1
00730906 tid=4294825837 BACKEND cursor play=29848 write=31564 delta=1888 phase=1 phase_frames=5514456 track=12 offset_frames=5514456 generation=1 cycles=0
00731331 tid=4294809657 SUMMARY window_ms=1009 time=320 joy=0 status=0 play=0 stop=0 fills=5 bytes=110240 underruns=0 recoveries=0 errors=0 sched_gaps=0 initial_complete=0 provisional_cycles=0 adopted=0 phase=1 phase_frames=5523692 generation=1
00731940 tid=4294825837 BACKEND cursor play=32788 write=34504 delta=3016 phase=1 phase_frames=5537239 track=12 offset_frames=5537239 generation=1 cycles=0
00732342 tid=4294809657 SUMMARY window_ms=1010 time=320 joy=0 status=0 play=0 stop=0 fills=4 bytes=88192 underruns=0 recoveries=0 errors=0 sched_gaps=0 initial_complete=0 provisional_cycles=0 adopted=0 phase=1 phase_frames=5546084 generation=1
00732946 tid=4294825837 BACKEND cursor play=33324 write=35040 delta=1820 phase=1 phase_frames=5559421 track=12 offset_frames=5559421 generation=1 cycles=0
00733360 tid=4294809657 SUMMARY window_ms=1019 time=328 joy=0 status=1 play=0 stop=0 fills=4 bytes=88192 underruns=0 recoveries=0 errors=0 sched_gaps=0 initial_complete=0 provisional_cycles=0 adopted=0 phase=1 phase_frames=5568552 generation=1
00733965 tid=4294825837 BACKEND cursor play=35052 write=36768 delta=2132 phase=1 phase_frames=5581901 track=12 offset_frames=5581901 generation=1 cycles=0
00734360 tid=4294809657 SUMMARY window_ms=1000 time=324 joy=0 status=0 play=0 stop=0 fills=4 bytes=88192 underruns=0 recoveries=0 errors=0 sched_gaps=0 initial_complete=0 provisional_cycles=0 adopted=0 phase=1 phase_frames=5589850 generation=1
00734965 tid=4294825837 BACKEND cursor play=34972 write=36688 delta=1816 phase=1 phase_frames=5603929 track=13 offset_frames=7051 generation=1 cycles=0
00735378 tid=4294809657 SUMMARY window_ms=1018 time=324 joy=0 status=0 play=0 stop=0 fills=4 bytes=88192 underruns=0 recoveries=0 errors=0 sched_gaps=0 initial_complete=0 provisional_cycles=0 adopted=0 phase=1 phase_frames=5612707 generation=1
00735967 tid=4294825837 BACKEND cursor play=35192 write=36908 delta=2136 phase=1 phase_frames=5626032 track=13 offset_frames=29154 generation=1 cycles=0
00736394 tid=4294809657 SUMMARY window_ms=1016 time=328 joy=0 status=0 play=0 stop=0 fills=4 bytes=88192 underruns=0 recoveries=0 errors=0 sched_gaps=0 initial_complete=0 provisional_cycles=0 adopted=0 phase=1 phase_frames=5635275 generation=1
00736987 tid=4294825837 BACKEND cursor play=36928 write=38644 delta=2128 phase=1 phase_frames=5648514 track=13 offset_frames=51636 generation=1 cycles=0
00737414 tid=4294809657 SUMMARY window_ms=1020 time=328 joy=0 status=0 play=0 stop=0 fills=4 bytes=88192 underruns=0 recoveries=0 errors=0 sched_gaps=0 initial_complete=0 provisional_cycles=0 adopted=0 phase=1 phase_frames=5657748 generation=1
00738007 tid=4294825837 BACKEND cursor play=38668 write=40384 delta=1820 phase=1 phase_frames=5670997 track=13 offset_frames=74119 generation=1 cycles=0
00738417 tid=4294809657 SUMMARY window_ms=1003 time=317 joy=0 status=1 play=0 stop=0 fills=4 bytes=88192 underruns=0 recoveries=0 errors=0 sched_gaps=0 initial_complete=0 provisional_cycles=0 adopted=0 phase=1 phase_frames=5679776 generation=1
00739026 tid=4294825837 BACKEND cursor play=40400 write=42116 delta=1812 phase=1 phase_frames=5693478 track=13 offset_frames=96600 generation=1 cycles=0
00739422 tid=4294809657 SUMMARY window_ms=1005 time=299 joy=0 status=0 play=0 stop=0 fills=4 bytes=88192 underruns=0 recoveries=0 errors=0 sched_gaps=0 initial_complete=0 provisional_cycles=0 adopted=0 phase=1 phase_frames=5702177 generation=1
00740046 tid=4294825837 BACKEND cursor play=42136 write=43852 delta=1824 phase=1 phase_frames=5715960 track=13 offset_frames=119082 generation=1 cycles=0
00740448 tid=4294809657 SUMMARY window_ms=1026 time=240 joy=0 status=0 play=0 stop=0 fills=4 bytes=88192 underruns=0 recoveries=0 errors=0 sched_gaps=0 initial_complete=0 provisional_cycles=0 adopted=0 phase=1 phase_frames=5724362 generation=1
00741066 tid=4294825837 BACKEND cursor play=43876 write=1496 delta=1916 phase=1 phase_frames=5738443 track=13 offset_frames=141565 generation=1 cycles=0
00741474 tid=4294809657 SUMMARY window_ms=1026 time=248 joy=0 status=0 play=0 stop=0 fills=4 bytes=88192 underruns=0 recoveries=0 errors=0 sched_gaps=0 initial_complete=0 provisional_cycles=0 adopted=0 phase=1 phase_frames=5746391 generation=1
00742085 tid=4294825837 BACKEND cursor play=1512 write=3228 delta=1824 phase=1 phase_frames=5760924 track=13 offset_frames=164046 generation=1 cycles=0
00742483 tid=4294809657 SUMMARY window_ms=1009 time=240 joy=0 status=0 play=0 stop=0 fills=4 bytes=88192 underruns=0 recoveries=0 errors=0 sched_gaps=0 initial_complete=0 provisional_cycles=0 adopted=0 phase=1 phase_frames=5769325 generation=1
00743105 tid=4294825837 BACKEND cursor play=3244 write=4960 delta=2144 phase=1 phase_frames=5783405 track=13 offset_frames=186527 generation=1 cycles=0
00743509 tid=4294809657 SUMMARY window_ms=1026 time=240 joy=0 status=1 play=0 stop=0 fills=4 bytes=88192 underruns=0 recoveries=0 errors=0 sched_gaps=0 initial_complete=0 provisional_cycles=0 adopted=0 phase=1 phase_frames=5792258 generation=1
00744121 tid=4294825837 BACKEND cursor play=4648 write=6364 delta=3016 phase=1 phase_frames=5805804 track=13 offset_frames=208926 generation=1 cycles=0
00744535 tid=4294809657 SUMMARY window_ms=1026 time=232 joy=0 status=0 play=0 stop=0 fills=4 bytes=88192 underruns=0 recoveries=0 errors=0 sched_gaps=0 initial_complete=0 provisional_cycles=0 adopted=0 phase=1 phase_frames=5814742 generation=1
00745141 tid=4294825837 BACKEND cursor play=6384 write=8100 delta=3320 phase=1 phase_frames=5828286 track=13 offset_frames=231408 generation=1 cycles=0
00745545 tid=4294809657 SUMMARY window_ms=1009 time=240 joy=0 status=0 play=0 stop=0 fills=4 bytes=88192 underruns=0 recoveries=0 errors=0 sched_gaps=0 initial_complete=0 provisional_cycles=0 adopted=0 phase=1 phase_frames=5836769 generation=1
00746161 tid=4294825837 BACKEND cursor play=8120 write=9836 delta=3004 phase=1 phase_frames=5850768 track=13 offset_frames=253890 generation=1 cycles=0
00746554 tid=4294809657 SUMMARY window_ms=1010 time=240 joy=0 status=0 play=0 stop=0 fills=4 bytes=88192 underruns=0 recoveries=0 errors=0 sched_gaps=0 initial_complete=0 provisional_cycles=0 adopted=0 phase=1 phase_frames=5859250 generation=1
00747167 tid=4294825837 BACKEND cursor play=8656 write=10372 delta=1816 phase=1 phase_frames=5872950 track=13 offset_frames=276072 generation=1 cycles=0
00747580 tid=4294809657 SUMMARY window_ms=1026 time=248 joy=0 status=0 play=0 stop=0 fills=4 bytes=88192 underruns=0 recoveries=0 errors=0 sched_gaps=0 initial_complete=0 provisional_cycles=0 adopted=0 phase=1 phase_frames=5881733 generation=1
00748186 tid=4294825837 BACKEND cursor play=10392 write=12108 delta=1820 phase=1 phase_frames=5895432 track=13 offset_frames=298554 generation=1 cycles=0
00748589 tid=4294809657 SUMMARY window_ms=1009 time=240 joy=0 status=1 play=0 stop=0 fills=5 bytes=110240 underruns=0 recoveries=0 errors=0 sched_gaps=0 initial_complete=0 provisional_cycles=0 adopted=0 phase=1 phase_frames=5904137 generation=1
00749203 tid=4294825837 BACKEND cursor play=11824 write=13540 delta=3332 phase=1 phase_frames=5917838 track=13 offset_frames=320960 generation=1 cycles=0
00749615 tid=4294809657 SUMMARY window_ms=1026 time=248 joy=0 status=0 play=0 stop=0 fills=4 bytes=88192 underruns=0 recoveries=0 errors=0 sched_gaps=0 initial_complete=0 provisional_cycles=0 adopted=0 phase=1 phase_frames=5926614 generation=1
00750205 tid=4294825837 BACKEND cursor play=12036 write=13752 delta=1808 phase=1 phase_frames=5939939 track=13 offset_frames=343061 generation=1 cycles=0
00750641 tid=4294809657 SUMMARY window_ms=1026 time=248 joy=0 status=0 play=0 stop=0 fills=4 bytes=88192 underruns=0 recoveries=0 errors=0 sched_gaps=0 initial_complete=0 provisional_cycles=0 adopted=0 phase=1 phase_frames=5949538 generation=1
00751225 tid=4294825837 BACKEND cursor play=13776 write=15492 delta=2132 phase=1 phase_frames=5962422 track=13 offset_frames=365544 generation=1 cycles=0
00751666 tid=4294809657 SUMMARY window_ms=1025 time=248 joy=0 status=0 play=0 stop=0 fills=4 bytes=88192 underruns=0 recoveries=0 errors=0 sched_gaps=0 initial_complete=0 provisional_cycles=0 adopted=0 phase=1 phase_frames=5972111 generation=1
00752241 tid=4294825837 BACKEND cursor play=15200 write=16916 delta=3020 phase=1 phase_frames=5984826 track=13 offset_frames=387948 generation=1 cycles=0
00752676 tid=4294809657 SUMMARY window_ms=1010 time=240 joy=0 status=0 play=0 stop=0 fills=4 bytes=88192 underruns=0 recoveries=0 errors=0 sched_gaps=0 initial_complete=0 provisional_cycles=0 adopted=0 phase=1 phase_frames=5994213 generation=1
00753244 tid=4294825837 BACKEND cursor play=15428 write=17144 delta=1828 phase=1 phase_frames=6006931 track=13 offset_frames=410053 generation=1 cycles=0
00753685 tid=4294809657 SUMMARY window_ms=1009 time=256 joy=0 status=1 play=0 stop=0 fills=4 bytes=88192 underruns=0 recoveries=0 errors=0 sched_gaps=0 initial_complete=0 provisional_cycles=0 adopted=0 phase=1 phase_frames=6016242 generation=1
00754263 tid=4294825837 BACKEND cursor play=17144 write=18860 delta=3312 phase=1 phase_frames=6029408 track=13 offset_frames=432530 generation=1 cycles=0
00754688 tid=4294809657 SUMMARY window_ms=1003 time=312 joy=0 status=0 play=0 stop=0 fills=4 bytes=88192 underruns=0 recoveries=0 errors=0 sched_gaps=0 initial_complete=0 provisional_cycles=0 adopted=0 phase=1 phase_frames=6038721 generation=1
00755266 tid=4294825837 BACKEND cursor play=17380 write=19096 delta=1776 phase=1 phase_frames=6051515 track=13 offset_frames=454637 generation=1 cycles=0
00755697 tid=4294809657 SUMMARY window_ms=1009 time=320 joy=0 status=0 play=0 stop=0 fills=4 bytes=88192 underruns=0 recoveries=0 errors=0 sched_gaps=0 initial_complete=0 provisional_cycles=0 adopted=0 phase=1 phase_frames=6060752 generation=1
00756286 tid=4294825837 BACKEND cursor play=19112 write=20828 delta=1820 phase=1 phase_frames=6073996 track=13 offset_frames=477118 generation=1 cycles=0
00756713 tid=4294809657 SUMMARY window_ms=1016 time=320 joy=0 status=0 play=0 stop=0 fills=4 bytes=88192 underruns=0 recoveries=0 errors=0 sched_gaps=0 initial_complete=0 provisional_cycles=0 adopted=0 phase=1 phase_frames=6083231 generation=1
00757305 tid=4294825837 BACKEND cursor play=20848 write=22564 delta=2120 phase=1 phase_frames=6096478 track=13 offset_frames=499600 generation=1 cycles=0
00757715 tid=4294809657 SUMMARY window_ms=1002 time=320 joy=0 status=0 play=0 stop=0 fills=4 bytes=88192 underruns=0 recoveries=0 errors=0 sched_gaps=0 initial_complete=0 provisional_cycles=0 adopted=0 phase=1 phase_frames=6104879 generation=1
00758305 tid=4294825837 BACKEND cursor play=20764 write=22480 delta=1816 phase=1 phase_frames=6118505 track=13 offset_frames=521627 generation=1 cycles=0
00758731 tid=4294809657 SUMMARY window_ms=1016 time=320 joy=0 status=1 play=0 stop=0 fills=4 bytes=88192 underruns=0 recoveries=0 errors=0 sched_gaps=0 initial_complete=0 provisional_cycles=0 adopted=0 phase=1 phase_frames=6127816 generation=1
00759321 tid=4294825837 BACKEND cursor play=22184 write=23900 delta=3008 phase=1 phase_frames=6140908 track=13 offset_frames=544030 generation=1 cycles=0
00759751 tid=4294809657 SUMMARY window_ms=1020 time=328 joy=0 status=0 play=0 stop=0 fills=4 bytes=88192 underruns=0 recoveries=0 errors=0 sched_gaps=0 initial_complete=0 provisional_cycles=0 adopted=0 phase=1 phase_frames=6150146 generation=1
00760327 tid=4294825837 BACKEND cursor play=22728 write=24444 delta=1816 phase=1 phase_frames=6163092 track=13 offset_frames=566214 generation=1 cycles=0
00760754 tid=4294809657 SUMMARY window_ms=1003 time=317 joy=0 status=0 play=0 stop=0 fills=4 bytes=88192 underruns=0 recoveries=0 errors=0 sched_gaps=0 initial_complete=0 provisional_cycles=0 adopted=0 phase=1 phase_frames=6172324 generation=1
00761363 tid=4294825837 BACKEND cursor play=25956 write=27672 delta=3316 phase=1 phase_frames=6185947 track=13 offset_frames=589069 generation=1 cycles=0
00761756 tid=4294809657 SUMMARY window_ms=1002 time=320 joy=0 status=0 play=0 stop=0 fills=4 bytes=88192 underruns=0 recoveries=0 errors=0 sched_gaps=0 initial_complete=0 provisional_cycles=0 adopted=0 phase=1 phase_frames=6194273 generation=1
00762366 tid=4294825837 BACKEND cursor play=26192 write=27908 delta=1812 phase=1 phase_frames=6208054 track=13 offset_frames=611176 generation=1 cycles=0
00762756 tid=4294809657 SUMMARY window_ms=1000 time=312 joy=0 status=0 play=0 stop=0 fills=4 bytes=88192 underruns=0 recoveries=0 errors=0 sched_gaps=0 initial_complete=0 provisional_cycles=0 adopted=0 phase=1 phase_frames=6216001 generation=1
00763386 tid=4294825837 BACKEND cursor play=27956 write=29672 delta=1848 phase=1 phase_frames=6230543 track=13 offset_frames=633665 generation=1 cycles=0
00763761 tid=4294809657 SUMMARY window_ms=1005 time=315 joy=0 status=1 play=0 stop=0 fills=4 bytes=88192 underruns=0 recoveries=0 errors=0 sched_gaps=0 initial_complete=0 provisional_cycles=0 adopted=0 phase=1 phase_frames=6238484 generation=1
00764406 tid=4294825837 BACKEND cursor play=29660 write=31376 delta=1904 phase=1 phase_frames=6253017 track=13 offset_frames=656139 generation=1 cycles=0
00764771 tid=4294809657 SUMMARY window_ms=1010 time=312 joy=0 status=0 play=0 stop=0 fills=4 bytes=88192 underruns=0 recoveries=0 errors=0 sched_gaps=0 initial_complete=0 provisional_cycles=0 adopted=0 phase=1 phase_frames=6260966 generation=1
00765425 tid=4294825837 BACKEND cursor play=31388 write=33104 delta=1892 phase=1 phase_frames=6275497 track=13 offset_frames=678619 generation=1 cycles=0
00765773 tid=4294809657 SUMMARY window_ms=1002 time=320 joy=0 status=0 play=0 stop=0 fills=4 bytes=88192 underruns=0 recoveries=0 errors=0 sched_gaps=0 initial_complete=0 provisional_cycles=0 adopted=0 phase=1 phase_frames=6282992 generation=1
00766441 tid=4294825837 BACKEND cursor play=32804 write=34520 delta=2936 phase=1 phase_frames=6297899 track=13 offset_frames=701021 generation=1 cycles=0
00766789 tid=4294809657 SUMMARY window_ms=1016 time=328 joy=0 status=0 play=0 stop=0 fills=4 bytes=88192 underruns=0 recoveries=0 errors=0 sched_gaps=0 initial_complete=0 provisional_cycles=0 adopted=0 phase=1 phase_frames=6305396 generation=1
00767461 tid=4294825837 BACKEND cursor play=34544 write=36260 delta=3012 phase=1 phase_frames=6320382 track=13 offset_frames=723504 generation=1 cycles=0
00767792 tid=4294809657 SUMMARY window_ms=1003 time=320 joy=0 status=0 play=0 stop=0 fills=4 bytes=88192 underruns=0 recoveries=0 errors=0 sched_gaps=0 initial_complete=0 provisional_cycles=0 adopted=0 phase=1 phase_frames=6327501 generation=1
00768464 tid=4294825837 BACKEND cursor play=34776 write=36492 delta=2132 phase=1 phase_frames=6342488 track=13 offset_frames=745610 generation=1 cycles=0
00768792 tid=4294809657 SUMMARY window_ms=1000 time=322 joy=0 status=1 play=0 stop=0 fills=4 bytes=88192 underruns=0 recoveries=0 errors=0 sched_gaps=0 initial_complete=0 provisional_cycles=0 adopted=0 phase=1 phase_frames=6349602 generation=1
00769480 tid=4294825837 BACKEND cursor play=36192 write=37908 delta=3012 phase=1 phase_frames=6364890 track=13 offset_frames=768012 generation=1 cycles=0
00769810 tid=4294809657 SUMMARY window_ms=1018 time=326 joy=0 status=0 play=0 stop=0 fills=4 bytes=88192 underruns=0 recoveries=0 errors=0 sched_gaps=0 initial_complete=0 provisional_cycles=0 adopted=0 phase=1 phase_frames=6372083 generation=1
00770486 tid=4294825837 BACKEND cursor play=36728 write=38444 delta=1812 phase=1 phase_frames=6387072 track=13 offset_frames=790194 generation=1 cycles=0
00770820 tid=4294809657 SUMMARY window_ms=1010 time=304 joy=0 status=0 play=0 stop=0 fills=4 bytes=88192 underruns=0 recoveries=0 errors=0 sched_gaps=0 initial_complete=0 provisional_cycles=0 adopted=0 phase=1 phase_frames=6394112 generation=1
00771506 tid=4294825837 BACKEND cursor play=38484 write=40200 delta=1836 phase=1 phase_frames=6409559 track=13 offset_frames=812681 generation=1 cycles=0
00771829 tid=4294809657 SUMMARY window_ms=1009 time=320 joy=0 status=0 play=0 stop=0 fills=5 bytes=110240 underruns=0 recoveries=0 errors=0 sched_gaps=0 initial_complete=0 provisional_cycles=0 adopted=0 phase=1 phase_frames=6416592 generation=1
00772526 tid=4294825837 BACKEND cursor play=40200 write=41916 delta=1820 phase=1 phase_frames=6432036 track=13 offset_frames=835158 generation=1 cycles=0
00772838 tid=4294809657 SUMMARY window_ms=1009 time=320 joy=0 status=0 play=0 stop=0 fills=3 bytes=66144 underruns=0 recoveries=0 errors=0 sched_gaps=0 initial_complete=0 provisional_cycles=0 adopted=0 phase=1 phase_frames=6438242 generation=1
00773545 tid=4294825837 BACKEND cursor play=41932 write=43648 delta=2128 phase=1 phase_frames=6454517 track=13 offset_frames=857639 generation=1 cycles=0
00773848 tid=4294809657 SUMMARY window_ms=1010 time=320 joy=0 status=1 play=0 stop=0 fills=4 bytes=88192 underruns=0 recoveries=0 errors=0 sched_gaps=0 initial_complete=0 provisional_cycles=0 adopted=0 phase=1 phase_frames=6460270 generation=1
00774565 tid=4294825837 BACKEND cursor play=43664 write=1284 delta=2104 phase=1 phase_frames=6476998 track=13 offset_frames=880120 generation=1 cycles=0
00774864 tid=4294809657 SUMMARY window_ms=1016 time=320 joy=0 status=0 play=0 stop=0 fills=5 bytes=110240 underruns=0 recoveries=0 errors=0 sched_gaps=0 initial_complete=0 provisional_cycles=0 adopted=0 phase=1 phase_frames=6483505 generation=1
00775581 tid=4294825837 BACKEND cursor play=988 write=2704 delta=3016 phase=1 phase_frames=6499401 track=13 offset_frames=902523 generation=1 cycles=0
00775883 tid=4294809657 SUMMARY window_ms=1019 time=328 joy=0 status=0 play=0 stop=0 fills=4 bytes=88192 underruns=0 recoveries=0 errors=0 sched_gaps=0 initial_complete=0 provisional_cycles=0 adopted=0 phase=1 phase_frames=6505534 generation=1
00776601 tid=4294825837 BACKEND cursor play=2728 write=4444 delta=3020 phase=1 phase_frames=6521884 track=13 offset_frames=925006 generation=1 cycles=0
00776883 tid=4294809657 SUMMARY window_ms=1000 time=323 joy=0 status=0 play=0 stop=0 fills=4 bytes=88192 underruns=0 recoveries=0 errors=0 sched_gaps=0 initial_complete=0 provisional_cycles=0 adopted=0 phase=1 phase_frames=6527715 generation=1
00777621 tid=4294825837 BACKEND cursor play=4492 write=6208 delta=3048 phase=1 phase_frames=6544373 track=13 offset_frames=947495 generation=1 cycles=0
00777901 tid=4294809657 SUMMARY window_ms=1018 time=325 joy=0 status=0 play=0 stop=0 fills=4 bytes=88192 underruns=0 recoveries=0 errors=0 sched_gaps=0 initial_complete=0 provisional_cycles=0 adopted=0 phase=1 phase_frames=6550196 generation=1
00778644 tid=4294825837 BACKEND cursor play=6504 write=8220 delta=2128 phase=1 phase_frames=6566924 track=13 offset_frames=970046 generation=1 cycles=0
00778901 tid=4294809657 SUMMARY window_ms=1000 time=312 joy=0 status=1 play=0 stop=0 fills=4 bytes=88192 underruns=0 recoveries=0 errors=0 sched_gaps=0 initial_complete=0 provisional_cycles=0 adopted=0 phase=1 phase_frames=6572223 generation=1
00779646 tid=4294825837 BACKEND cursor play=6728 write=8444 delta=1824 phase=1 phase_frames=6589028 track=13 offset_frames=992150 generation=1 cycles=0
00779904 tid=4294809657 SUMMARY window_ms=1002 time=320 joy=0 status=0 play=0 stop=0 fills=4 bytes=88192 underruns=0 recoveries=0 errors=0 sched_gaps=0 initial_complete=0 provisional_cycles=0 adopted=0 phase=1 phase_frames=6594328 generation=1
00780666 tid=4294825837 BACKEND cursor play=8464 write=10180 delta=1824 phase=1 phase_frames=6611510 track=13 offset_frames=1014632 generation=1 cycles=0
00780903 tid=4294809657 SUMMARY window_ms=1000 time=320 joy=0 status=0 play=0 stop=0 fills=4 bytes=88192 underruns=0 recoveries=0 errors=0 sched_gaps=0 initial_complete=0 provisional_cycles=0 adopted=0 phase=1 phase_frames=6616312 generation=1
00781686 tid=4294825837 BACKEND cursor play=10196 write=11912 delta=1820 phase=1 phase_frames=6633991 track=13 offset_frames=1037113 generation=1 cycles=0
00781922 tid=4294809657 SUMMARY window_ms=1019 time=328 joy=0 status=0 play=0 stop=0 fills=4 bytes=88192 underruns=0 recoveries=0 errors=0 sched_gaps=0 initial_complete=0 provisional_cycles=0 adopted=0 phase=1 phase_frames=6638838 generation=1
00782705 tid=4294825837 BACKEND cursor play=11924 write=13640 delta=2132 phase=1 phase_frames=6656471 track=13 offset_frames=1059593 generation=1 cycles=0
00782922 tid=4294809657 SUMMARY window_ms=1000 time=312 joy=0 status=0 play=0 stop=0 fills=4 bytes=88192 underruns=0 recoveries=0 errors=0 sched_gaps=0 initial_complete=0 provisional_cycles=0 adopted=0 phase=1 phase_frames=6661237 generation=1
00783725 tid=4294825837 BACKEND cursor play=13664 write=15380 delta=2124 phase=1 phase_frames=6678954 track=13 offset_frames=1082076 generation=1 cycles=0
00783925 tid=4294809657 SUMMARY window_ms=1003 time=320 joy=0 status=1 play=0 stop=0 fills=4 bytes=88192 underruns=0 recoveries=0 errors=0 sched_gaps=0 initial_complete=0 provisional_cycles=0 adopted=0 phase=1 phase_frames=6683266 generation=1
00784741 tid=4294825837 BACKEND cursor play=15076 write=16792 delta=3016 phase=1 phase_frames=6701355 track=13 offset_frames=1104477 generation=1 cycles=0
00784925 tid=4294809657 SUMMARY window_ms=1000 time=276 joy=0 status=0 play=0 stop=0 fills=4 bytes=88192 underruns=0 recoveries=0 errors=0 sched_gaps=0 initial_complete=0 provisional_cycles=0 adopted=0 phase=1 phase_frames=6704992 generation=1
00785761 tid=4294825837 BACKEND cursor play=16812 write=18528 delta=3008 phase=1 phase_frames=6723837 track=13 offset_frames=1126959 generation=1 cycles=0
00785950 tid=4294809657 SUMMARY window_ms=1025 time=244 joy=0 status=0 play=0 stop=0 fills=4 bytes=88192 underruns=0 recoveries=0 errors=0 sched_gaps=0 initial_complete=0 provisional_cycles=0 adopted=0 phase=1 phase_frames=6727927 generation=1
00786784 tid=4294825837 BACKEND cursor play=18864 write=20580 delta=2100 phase=1 phase_frames=6746398 track=13 offset_frames=1149520 generation=1 cycles=0
00786975 tid=4294809657 SUMMARY window_ms=1025 time=248 joy=0 status=0 play=0 stop=0 fills=4 bytes=88192 underruns=0 recoveries=0 errors=0 sched_gaps=0 initial_complete=0 provisional_cycles=0 adopted=0 phase=1 phase_frames=6750409 generation=1
00787787 tid=4294825837 BACKEND cursor play=19096 write=20812 delta=1820 phase=1 phase_frames=6768504 track=13 offset_frames=1171626 generation=1 cycles=0
00788001 tid=4294809657 SUMMARY window_ms=1026 time=240 joy=0 status=0 play=0 stop=0 fills=4 bytes=88192 underruns=0 recoveries=0 errors=0 sched_gaps=0 initial_complete=0 provisional_cycles=0 adopted=0 phase=1 phase_frames=6772893 generation=1
00788807 tid=4294825837 BACKEND cursor play=20820 write=22536 delta=1820 phase=1 phase_frames=6790983 track=13 offset_frames=1194105 generation=1 cycles=0
00789044 tid=4294809657 SUMMARY window_ms=1043 time=240 joy=0 status=1 play=0 stop=0 fills=4 bytes=88192 underruns=0 recoveries=0 errors=0 sched_gaps=0 initial_complete=0 provisional_cycles=0 adopted=0 phase=1 phase_frames=6795825 generation=1
00789826 tid=4294825837 BACKEND cursor play=22556 write=24272 delta=1880 phase=1 phase_frames=6813465 track=13 offset_frames=1216587 generation=1 cycles=0
00790053 tid=4294809657 SUMMARY window_ms=1009 time=240 joy=0 status=0 play=0 stop=0 fills=4 bytes=88192 underruns=0 recoveries=0 errors=0 sched_gaps=0 initial_complete=0 provisional_cycles=0 adopted=0 phase=1 phase_frames=6818313 generation=1
00790863 tid=4294825837 BACKEND cursor play=25784 write=27500 delta=3312 phase=1 phase_frames=6836320 track=13 offset_frames=1239442 generation=1 cycles=0
00791063 tid=4294809657 SUMMARY window_ms=1010 time=240 joy=0 status=0 play=0 stop=0 fills=4 bytes=88192 underruns=0 recoveries=0 errors=0 sched_gaps=0 initial_complete=0 provisional_cycles=0 adopted=0 phase=1 phase_frames=6840336 generation=1
00791866 tid=4294825837 BACKEND cursor play=26036 write=27752 delta=1828 phase=1 phase_frames=6858431 track=13 offset_frames=1261553 generation=1 cycles=0
00792088 tid=4294809657 SUMMARY window_ms=1025 time=248 joy=0 status=0 play=0 stop=0 fills=5 bytes=110240 underruns=0 recoveries=0 errors=0 sched_gaps=0 initial_complete=0 provisional_cycles=0 adopted=0 phase=1 phase_frames=6863270 generation=1
00792885 tid=4294825837 BACKEND cursor play=27756 write=29472 delta=2132 phase=1 phase_frames=6880909 track=13 offset_frames=1284031 generation=1 cycles=0
00793097 tid=4294809657 SUMMARY window_ms=1009 time=240 joy=0 status=0 play=0 stop=0 fills=4 bytes=88192 underruns=0 recoveries=0 errors=0 sched_gaps=0 initial_complete=0 provisional_cycles=0 adopted=0 phase=1 phase_frames=6885221 generation=1
00793905 tid=4294825837 BACKEND cursor play=29492 write=31208 delta=1824 phase=1 phase_frames=6903391 track=13 offset_frames=1306513 generation=1 cycles=0
00794123 tid=4294809657 SUMMARY window_ms=1026 time=248 joy=0 status=1 play=0 stop=0 fills=4 bytes=88192 underruns=0 recoveries=0 errors=0 sched_gaps=0 initial_complete=0 provisional_cycles=0 adopted=0 phase=1 phase_frames=6908155 generation=1
00794921 tid=4294825837 BACKEND cursor play=30912 write=32628 delta=3020 phase=1 phase_frames=6925794 track=13 offset_frames=1328916 generation=1 cycles=0
00795149 tid=4294809657 SUMMARY window_ms=1026 time=240 joy=0 status=0 play=0 stop=0 fills=4 bytes=88192 underruns=0 recoveries=0 errors=0 sched_gaps=0 initial_complete=0 provisional_cycles=0 adopted=0 phase=1 phase_frames=6930637 generation=1
00795941 tid=4294825837 BACKEND cursor play=32644 write=34360 delta=3024 phase=1 phase_frames=6948275 track=13 offset_frames=1351397 generation=1 cycles=0
00796175 tid=4294809657 SUMMARY window_ms=1026 time=248 joy=0 status=0 play=0 stop=0 fills=4 bytes=88192 underruns=0 recoveries=0 errors=0 sched_gaps=0 initial_complete=0 provisional_cycles=0 adopted=0 phase=1 phase_frames=6952785 generation=1
00796947 tid=4294825837 BACKEND cursor play=33176 write=34892 delta=1820 phase=1 phase_frames=6970456 track=13 offset_frames=1373578 generation=1 cycles=0
00797184 tid=4294809657 SUMMARY window_ms=1009 time=240 joy=0 status=0 play=0 stop=0 fills=4 bytes=88192 underruns=0 recoveries=0 errors=0 sched_gaps=0 initial_complete=0 provisional_cycles=0 adopted=0 phase=1 phase_frames=6975299 generation=1
00797960 tid=4294825837 BACKEND cursor play=34292 write=36008 delta=3016 phase=1 phase_frames=6992783 track=13 offset_frames=1395905 generation=1 cycles=0
00798210 tid=4294809657 SUMMARY window_ms=1026 time=248 joy=0 status=0 play=0 stop=0 fills=4 bytes=88192 underruns=0 recoveries=0 errors=0 sched_gaps=0 initial_complete=0 provisional_cycles=0 adopted=0 phase=1 phase_frames=6998234 generation=1
00798966 tid=4294825837 BACKEND cursor play=34832 write=36548 delta=1824 phase=1 phase_frames=7014966 track=13 offset_frames=1418088 generation=1 cycles=0
00799229 tid=4294809657 SUMMARY window_ms=1019 time=288 joy=0 status=1 play=0 stop=0 fills=4 bytes=88192 underruns=0 recoveries=0 errors=0 sched_gaps=0 initial_complete=0 provisional_cycles=0 adopted=0 phase=1 phase_frames=7020717 generation=1
00799986 tid=4294825837 BACKEND cursor play=36560 write=38276 delta=1820 phase=1 phase_frames=7037446 track=13 offset_frames=1440568 generation=1 cycles=0
00800245 tid=4294809657 SUMMARY window_ms=1016 time=328 joy=0 status=0 play=0 stop=0 fills=4 bytes=88192 underruns=0 recoveries=0 errors=0 sched_gaps=0 initial_complete=0 provisional_cycles=0 adopted=0 phase=1 phase_frames=7042745 generation=1
00801005 tid=4294825837 BACKEND cursor play=38296 write=40012 delta=2136 phase=1 phase_frames=7059928 track=13 offset_frames=1463050 generation=1 cycles=0
00801248 tid=4294809657 SUMMARY window_ms=1003 time=312 joy=0 status=0 play=0 stop=0 fills=4 bytes=88192 underruns=0 recoveries=0 errors=0 sched_gaps=0 initial_complete=0 provisional_cycles=0 adopted=0 phase=1 phase_frames=7065225 generation=1
00802025 tid=4294825837 BACKEND cursor play=40024 write=41740 delta=2124 phase=1 phase_frames=7082408 track=13 offset_frames=1485530 generation=1 cycles=0
00802251 tid=4294809657 SUMMARY window_ms=1003 time=325 joy=0 status=0 play=0 stop=0 fills=4 bytes=88192 underruns=0 recoveries=0 errors=0 sched_gaps=0 initial_complete=0 provisional_cycles=0 adopted=0 phase=1 phase_frames=7087174 generation=1
00803045 tid=4294825837 BACKEND cursor play=41760 write=43476 delta=2120 phase=1 phase_frames=7104890 track=13 offset_frames=1508012 generation=1 cycles=0
00803254 tid=4294809657 SUMMARY window_ms=1003 time=320 joy=0 status=0 play=0 stop=0 fills=4 bytes=88192 underruns=0 recoveries=0 errors=0 sched_gaps=0 initial_complete=0 provisional_cycles=0 adopted=0 phase=1 phase_frames=7109203 generation=1
00804061 tid=4294825837 BACKEND cursor play=43184 write=804 delta=3008 phase=1 phase_frames=7127294 track=13 offset_frames=1530416 generation=1 cycles=0
00804266 tid=4294809657 SUMMARY window_ms=1012 time=323 joy=0 status=1 play=0 stop=0 fills=4 bytes=88192 underruns=0 recoveries=0 errors=0 sched_gaps=0 initial_complete=0 provisional_cycles=0 adopted=0 phase=1 phase_frames=7131387 generation=1
00805067 tid=4294825837 BACKEND cursor play=43712 write=1332 delta=2128 phase=1 phase_frames=7149474 track=13 offset_frames=1552596 generation=1 cycles=0
00805269 tid=4294809657 SUMMARY window_ms=1003 time=320 joy=0 status=0 play=0 stop=0 fills=4 bytes=88192 underruns=0 recoveries=0 errors=0 sched_gaps=0 initial_complete=0 provisional_cycles=0 adopted=0 phase=1 phase_frames=7153866 generation=1
00806087 tid=4294825837 BACKEND cursor play=1352 write=3068 delta=1812 phase=1 phase_frames=7171956 track=13 offset_frames=1575078 generation=1 cycles=0
00806271 tid=4294809657 SUMMARY window_ms=1002 time=325 joy=0 status=0 play=0 stop=0 fills=4 bytes=88192 underruns=0 recoveries=0 errors=0 sched_gaps=0 initial_complete=0 provisional_cycles=0 adopted=0 phase=1 phase_frames=7175893 generation=1
00807123 tid=4294825837 BACKEND cursor play=4588 write=6304 delta=3320 phase=1 phase_frames=7194813 track=13 offset_frames=1597935 generation=1 cycles=0
00807287 tid=4294809657 SUMMARY window_ms=1016 time=315 joy=0 status=0 play=0 stop=0 fills=4 bytes=88192 underruns=0 recoveries=0 errors=0 sched_gaps=0 initial_complete=0 provisional_cycles=0 adopted=0 phase=1 phase_frames=7198374 generation=1
00808126 tid=4294825837 BACKEND cursor play=4820 write=6536 delta=1816 phase=1 phase_frames=7216919 track=13 offset_frames=1620041 generation=1 cycles=0
00808287 tid=4294809657 SUMMARY window_ms=1000 time=321 joy=0 status=0 play=0 stop=0 fills=4 bytes=88192 underruns=0 recoveries=0 errors=0 sched_gaps=0 initial_complete=0 provisional_cycles=0 adopted=0 phase=1 phase_frames=7220322 generation=1
00809146 tid=4294825837 BACKEND cursor play=6596 write=8312 delta=1964 phase=1 phase_frames=7239411 track=13 offset_frames=1642533 generation=1 cycles=0
00809289 tid=4294809657 SUMMARY window_ms=1002 time=311 joy=0 status=1 play=0 stop=0 fills=4 bytes=88192 underruns=0 recoveries=0 errors=0 sched_gaps=0 initial_complete=0 provisional_cycles=0 adopted=0 phase=1 phase_frames=7242506 generation=1
00810165 tid=4294825837 BACKEND cursor play=8292 write=10008 delta=1820 phase=1 phase_frames=7261883 track=13 offset_frames=1665005 generation=1 cycles=0
00810305 tid=4294809657 SUMMARY window_ms=1016 time=328 joy=0 status=0 play=0 stop=0 fills=4 bytes=88192 underruns=0 recoveries=0 errors=0 sched_gaps=0 initial_complete=0 provisional_cycles=0 adopted=0 phase=1 phase_frames=7264965 generation=1
00811165 tid=4294825837 BACKEND cursor play=8212 write=9928 delta=1824 phase=1 phase_frames=7283911 track=13 offset_frames=1687033 generation=1 cycles=0
00811308 tid=4294809657 SUMMARY window_ms=1003 time=320 joy=0 status=0 play=0 stop=0 fills=4 bytes=88192 underruns=0 recoveries=0 errors=0 sched_gaps=0 initial_complete=0 provisional_cycles=0 adopted=0 phase=1 phase_frames=7287012 generation=1
00812167 tid=4294825837 BACKEND cursor play=8436 write=10152 delta=1824 phase=1 phase_frames=7306015 track=13 offset_frames=1709137 generation=1 cycles=0
00812325 tid=4294809657 SUMMARY window_ms=1016 time=328 joy=0 status=0 play=0 stop=0 fills=5 bytes=110240 underruns=0 recoveries=0 errors=0 sched_gaps=0 initial_complete=0 provisional_cycles=0 adopted=0 phase=1 phase_frames=7309469 generation=1
00813187 tid=4294825837 BACKEND cursor play=10168 write=11884 delta=1820 phase=1 phase_frames=7328496 track=13 offset_frames=1731618 generation=1 cycles=0
00813326 tid=4294809657 SUMMARY window_ms=1002 time=312 joy=0 status=0 play=0 stop=0 fills=3 bytes=66144 underruns=0 recoveries=0 errors=0 sched_gaps=0 initial_complete=0 provisional_cycles=0 adopted=0 phase=1 phase_frames=7331144 generation=1
00814240 tid=4294825837 BACKEND cursor play=14832 write=16548 delta=4712 phase=1 phase_frames=7351710 track=13 offset_frames=1754832 generation=1 cycles=0
00814336 tid=4294809657 SUMMARY window_ms=1010 time=320 joy=0 status=1 play=0 stop=0 fills=5 bytes=110240 underruns=0 recoveries=0 errors=0 sched_gaps=0 initial_complete=0 provisional_cycles=0 adopted=0 phase=1 phase_frames=7353625 generation=1
00815246 tid=4294825837 BACKEND cursor play=15356 write=17072 delta=1720 phase=1 phase_frames=7373889 track=13 offset_frames=1777011 generation=1 cycles=0
00815352 tid=4294809657 SUMMARY window_ms=1016 time=320 joy=0 status=0 play=0 stop=0 fills=4 bytes=88192 underruns=0 recoveries=0 errors=0 sched_gaps=0 initial_complete=0 provisional_cycles=0 adopted=0 phase=1 phase_frames=7375654 generation=1
00816246 tid=4294825837 BACKEND cursor play=15368 write=17084 delta=1804 phase=1 phase_frames=7395940 track=13 offset_frames=1799062 generation=1 cycles=0
00816354 tid=4294809657 SUMMARY window_ms=1002 time=312 joy=0 status=0 play=0 stop=0 fills=4 bytes=88192 underruns=0 recoveries=0 errors=0 sched_gaps=0 initial_complete=0 provisional_cycles=0 adopted=0 phase=1 phase_frames=7397679 generation=1
00817266 tid=4294825837 BACKEND cursor play=17140 write=18856 delta=1856 phase=1 phase_frames=7418431 track=13 offset_frames=1821553 generation=1 cycles=0
00817354 tid=4294809657 SUMMARY window_ms=1000 time=312 joy=0 status=0 play=0 stop=0 fills=4 bytes=88192 underruns=0 recoveries=0 errors=0 sched_gaps=0 initial_complete=0 provisional_cycles=0 adopted=0 phase=1 phase_frames=7419707 generation=1
00818285 tid=4294825837 BACKEND cursor play=18836 write=20552 delta=1820 phase=1 phase_frames=7440903 track=13 offset_frames=1844025 generation=1 cycles=0
00818373 tid=4294809657 SUMMARY window_ms=1019 time=328 joy=0 status=0 play=0 stop=0 fills=4 bytes=88192 underruns=0 recoveries=0 errors=0 sched_gaps=0 initial_complete=0 provisional_cycles=0 adopted=0 phase=1 phase_frames=7442644 generation=1
00819285 tid=4294825837 BACKEND cursor play=18756 write=20472 delta=2144 phase=1 phase_frames=7462931 track=13 offset_frames=1866053 generation=1 cycles=0
00819373 tid=4294809657 SUMMARY window_ms=1000 time=324 joy=0 status=1 play=0 stop=0 fills=4 bytes=88192 underruns=0 recoveries=0 errors=0 sched_gaps=0 initial_complete=0 provisional_cycles=0 adopted=0 phase=1 phase_frames=7464667 generation=1
00820287 tid=4294825837 BACKEND cursor play=18972 write=20688 delta=1840 phase=1 phase_frames=7485033 track=13 offset_frames=1888155 generation=1 cycles=0
00820391 tid=4294809657 SUMMARY window_ms=1018 time=316 joy=0 status=0 play=0 stop=0 fills=4 bytes=88192 underruns=0 recoveries=0 errors=0 sched_gaps=0 initial_complete=0 provisional_cycles=0 adopted=0 phase=1 phase_frames=7487149 generation=1
00821341 tid=4294825837 BACKEND cursor play=23712 write=25428 delta=4828 phase=1 phase_frames=7508266 track=13 offset_frames=1911388 generation=1 cycles=0
00821391 tid=4294809657 SUMMARY window_ms=1000 time=312 joy=0 status=0 play=0 stop=0 fills=4 bytes=88192 underruns=0 recoveries=0 errors=0 sched_gaps=0 initial_complete=0 provisional_cycles=0 adopted=0 phase=1 phase_frames=7509257 generation=1
00822380 tid=4294825837 BACKEND cursor play=27180 write=28896 delta=4744 phase=1 phase_frames=7531181 track=13 offset_frames=1934303 generation=1 cycles=0
00822400 tid=4294809657 SUMMARY window_ms=1009 time=320 joy=0 status=0 play=0 stop=0 fills=4 bytes=88192 underruns=0 recoveries=0 errors=0 sched_gaps=0 initial_complete=0 provisional_cycles=0 adopted=0 phase=1 phase_frames=7531181 generation=1
00823384 tid=4294825837 BACKEND cursor play=27504 write=29220 delta=2136 phase=1 phase_frames=7553310 track=13 offset_frames=1956432 generation=1 cycles=0
00823419 tid=4294809657 SUMMARY window_ms=1019 time=320 joy=0 status=0 play=0 stop=0 fills=4 bytes=88192 underruns=0 recoveries=0 errors=0 sched_gaps=0 initial_complete=0 provisional_cycles=0 adopted=0 phase=1 phase_frames=7553766 generation=1
00824386 tid=4294825837 BACKEND cursor play=27672 write=29388 delta=2080 phase=1 phase_frames=7575400 track=13 offset_frames=1978522 generation=1 cycles=0
00824435 tid=4294809657 SUMMARY window_ms=1016 time=328 joy=0 status=1 play=0 stop=0 fills=4 bytes=88192 underruns=0 recoveries=0 errors=0 sched_gaps=0 initial_complete=0 provisional_cycles=0 adopted=0 phase=1 phase_frames=7575868 generation=1
00825386 tid=4294825837 BACKEND cursor play=27640 write=29356 delta=1820 phase=1 phase_frames=7597440 track=13 offset_frames=2000562 generation=1 cycles=0
00825461 tid=4294809657 SUMMARY window_ms=1026 time=328 joy=0 status=0 play=0 stop=0 fills=4 bytes=88192 underruns=0 recoveries=0 errors=0 sched_gaps=0 initial_complete=0 provisional_cycles=0 adopted=0 phase=1 phase_frames=7598727 generation=1
00826405 tid=4294825837 BACKEND cursor play=29368 write=31084 delta=2124 phase=1 phase_frames=7619920 track=13 offset_frames=2023042 generation=1 cycles=0
00826464 tid=4294809657 SUMMARY window_ms=1003 time=320 joy=0 status=0 play=0 stop=0 fills=4 bytes=88192 underruns=0 recoveries=0 errors=0 sched_gaps=0 initial_complete=0 provisional_cycles=0 adopted=0 phase=1 phase_frames=7620830 generation=1
00827424 tid=4294825837 BACKEND cursor play=31008 write=32724 delta=2040 phase=1 phase_frames=7642378 track=13 offset_frames=2045500 generation=1 cycles=0
00827473 tid=4294809657 SUMMARY window_ms=1009 time=320 joy=0 status=0 play=0 stop=0 fills=4 bytes=88192 underruns=0 recoveries=0 errors=0 sched_gaps=0 initial_complete=0 provisional_cycles=0 adopted=0 phase=1 phase_frames=7643311 generation=1
00828441 tid=4294825837 BACKEND cursor play=32528 write=34244 delta=3016 phase=1 phase_frames=7664806 track=13 offset_frames=2067928 generation=1 cycles=0
00828473 tid=4294809657 SUMMARY window_ms=1000 time=312 joy=0 status=0 play=0 stop=0 fills=4 bytes=88192 underruns=0 recoveries=0 errors=0 sched_gaps=0 initial_complete=0 provisional_cycles=0 adopted=0 phase=1 phase_frames=7665338 generation=1
00829461 tid=4294825837 BACKEND cursor play=34276 write=35992 delta=3032 phase=1 phase_frames=7687291 track=13 offset_frames=2090413 generation=1 cycles=0
00829482 tid=4294809657 SUMMARY window_ms=1009 time=296 joy=0 status=1 play=0 stop=0 fills=4 bytes=88192 underruns=0 recoveries=0 errors=0 sched_gaps=0 initial_complete=0 provisional_cycles=0 adopted=0 phase=1 phase_frames=7687291 generation=1
00830467 tid=4294825837 BACKEND cursor play=34792 write=36508 delta=1848 phase=1 phase_frames=7709468 track=13 offset_frames=2112590 generation=1 cycles=0
00830508 tid=4294809657 SUMMARY window_ms=1026 time=248 joy=0 status=0 play=0 stop=0 fills=4 bytes=88192 underruns=0 recoveries=0 errors=0 sched_gaps=0 initial_complete=0 provisional_cycles=0 adopted=0 phase=1 phase_frames=7710223 generation=1
00831487 tid=4294825837 BACKEND cursor play=36528 write=38244 delta=1812 phase=1 phase_frames=7731950 track=13 offset_frames=2135072 generation=1 cycles=0
00831534 tid=4294809657 SUMMARY window_ms=1026 time=248 joy=0 status=0 play=0 stop=0 fills=4 bytes=88192 underruns=0 recoveries=0 errors=0 sched_gaps=0 initial_complete=0 provisional_cycles=0 adopted=0 phase=1 phase_frames=7732705 generation=1
00832506 tid=4294825837 BACKEND cursor play=38264 write=39980 delta=1820 phase=1 phase_frames=7754432 track=13 offset_frames=2157554 generation=1 cycles=0
00832559 tid=4294809657 SUMMARY window_ms=1025 time=240 joy=0 status=0 play=0 stop=0 fills=4 bytes=88192 underruns=0 recoveries=0 errors=0 sched_gaps=0 initial_complete=0 provisional_cycles=0 adopted=0 phase=1 phase_frames=7754432 generation=1
00833526 tid=4294825837 BACKEND cursor play=40004 write=41720 delta=1824 phase=1 phase_frames=7776915 track=13 offset_frames=2180037 generation=1 cycles=0
00833585 tid=4294809657 SUMMARY window_ms=1026 time=248 joy=0 status=0 play=0 stop=0 fills=5 bytes=110240 underruns=0 recoveries=0 errors=0 sched_gaps=0 initial_complete=0 provisional_cycles=0 adopted=0 phase=1 phase_frames=7778124 generation=1
00834545 tid=4294825837 BACKEND cursor play=41668 write=43384 delta=1752 phase=1 phase_frames=7799379 track=13 offset_frames=2202501 generation=1 cycles=0
00834611 tid=4294809657 SUMMARY window_ms=1026 time=248 joy=0 status=1 play=0 stop=0 fills=4 bytes=88192 underruns=0 recoveries=0 errors=0 sched_gaps=0 initial_complete=0 provisional_cycles=0 adopted=0 phase=1 phase_frames=7800303 generation=1
00835545 tid=4294825837 BACKEND cursor play=41648 write=43364 delta=2132 phase=1 phase_frames=7821422 track=13 offset_frames=2224544 generation=1 cycles=0
00835637 tid=4294809657 SUMMARY window_ms=1026 time=248 joy=0 status=0 play=0 stop=0 fills=4 bytes=88192 underruns=0 recoveries=0 errors=0 sched_gaps=0 initial_complete=0 provisional_cycles=0 adopted=0 phase=1 phase_frames=7823085 generation=1
00836561 tid=4294825837 BACKEND cursor play=43072 write=692 delta=3000 phase=1 phase_frames=7843826 track=13 offset_frames=2246948 generation=1 cycles=0
00836646 tid=4294809657 SUMMARY window_ms=1009 time=240 joy=0 status=0 play=0 stop=0 fills=4 bytes=88192 underruns=0 recoveries=0 errors=0 sched_gaps=0 initial_complete=0 provisional_cycles=0 adopted=0 phase=1 phase_frames=7845267 generation=1
00837567 tid=4294825837 BACKEND cursor play=43608 write=1228 delta=2412 phase=1 phase_frames=7866008 track=13 offset_frames=2269130 generation=1 cycles=0
00837656 tid=4294809657 SUMMARY window_ms=1010 time=240 joy=0 status=0 play=0 stop=0 fills=4 bytes=88192 underruns=0 recoveries=0 errors=0 sched_gaps=0 initial_complete=0 provisional_cycles=0 adopted=0 phase=1 phase_frames=7867748 generation=1
00838586 tid=4294825837 BACKEND cursor play=1156 write=2872 delta=1728 phase=1 phase_frames=7888467 track=13 offset_frames=2291589 generation=1 cycles=0
00838681 tid=4294809657 SUMMARY window_ms=1025 time=240 joy=0 status=0 play=0 stop=0 fills=4 bytes=88192 underruns=0 recoveries=0 errors=0 sched_gaps=0 initial_complete=0 provisional_cycles=0 adopted=0 phase=1 phase_frames=7890230 generation=1
00839586 tid=4294825837 BACKEND cursor play=1160 write=2876 delta=1816 phase=1 phase_frames=7910516 track=13 offset_frames=2313638 generation=1 cycles=0
00839707 tid=4294809657 SUMMARY window_ms=1026 time=248 joy=0 status=1 play=0 stop=0 fills=4 bytes=88192 underruns=0 recoveries=0 errors=0 sched_gaps=0 initial_complete=0 provisional_cycles=0 adopted=0 phase=1 phase_frames=7913164 generation=1
00840606 tid=4294825837 BACKEND cursor play=2900 write=4616 delta=1888 phase=1 phase_frames=7932999 track=13 offset_frames=2336121 generation=1 cycles=0
00840717 tid=4294809657 SUMMARY window_ms=1010 time=240 joy=0 status=0 play=0 stop=0 fills=4 bytes=88192 underruns=0 recoveries=0 errors=0 sched_gaps=0 initial_complete=0 provisional_cycles=0 adopted=0 phase=1 phase_frames=7935192 generation=1
00841625 tid=4294825837 BACKEND cursor play=4632 write=6348 delta=1824 phase=1 phase_frames=7955480 track=13 offset_frames=2358602 generation=1 cycles=0
00841742 tid=4294809657 SUMMARY window_ms=1025 time=248 joy=0 status=0 play=0 stop=0 fills=4 bytes=88192 underruns=0 recoveries=0 errors=0 sched_gaps=0 initial_complete=0 provisional_cycles=0 adopted=0 phase=1 phase_frames=7957674 generation=1
00842645 tid=4294825837 BACKEND cursor play=6372 write=8088 delta=2144 phase=1 phase_frames=7977963 track=13 offset_frames=2381085 generation=1 cycles=0
00842768 tid=4294809657 SUMMARY window_ms=1026 time=248 joy=0 status=0 play=0 stop=0 fills=4 bytes=88192 underruns=0 recoveries=0 errors=0 sched_gaps=0 initial_complete=0 provisional_cycles=0 adopted=0 phase=1 phase_frames=7980608 generation=1
00843665 tid=4294825837 BACKEND cursor play=8096 write=9812 delta=1816 phase=1 phase_frames=8000442 track=13 offset_frames=2403564 generation=1 cycles=0
00843788 tid=4294809657 SUMMARY window_ms=1020 time=256 joy=0 status=1 play=0 stop=0 fills=4 bytes=88192 underruns=0 recoveries=0 errors=0 sched_gaps=0 initial_complete=0 provisional_cycles=0 adopted=0 phase=1 phase_frames=8003100 generation=1
00844685 tid=4294825837 BACKEND cursor play=9840 write=11556 delta=1824 phase=1 phase_frames=8022926 track=13 offset_frames=2426048 generation=1 cycles=0
00844797 tid=4294809657 SUMMARY window_ms=1009 time=320 joy=0 status=0 play=0 stop=0 fills=4 bytes=88192 underruns=0 recoveries=0 errors=0 sched_gaps=0 initial_complete=0 provisional_cycles=0 adopted=0 phase=1 phase_frames=8024740 generation=1
00845701 tid=4294825837 BACKEND cursor play=11248 write=12964 delta=3012 phase=1 phase_frames=8045326 track=13 offset_frames=2448448 generation=1 cycles=0
00845797 tid=4294809657 SUMMARY window_ms=1000 time=324 joy=0 status=0 play=0 stop=0 fills=4 bytes=88192 underruns=0 recoveries=0 errors=0 sched_gaps=0 initial_complete=0 provisional_cycles=0 adopted=0 phase=1 phase_frames=8047223 generation=1
00846707 tid=4294825837 BACKEND cursor play=11784 write=13500 delta=1820 phase=1 phase_frames=8067508 track=13 offset_frames=2470630 generation=1 cycles=0
00846799 tid=4294809657 SUMMARY window_ms=1002 time=308 joy=0 status=0 play=0 stop=0 fills=4 bytes=88192 underruns=0 recoveries=0 errors=0 sched_gaps=0 initial_complete=0 provisional_cycles=0 adopted=0 phase=1 phase_frames=8069250 generation=1
00847726 tid=4294825837 BACKEND cursor play=13516 write=15232 delta=1816 phase=1 phase_frames=8089989 track=13 offset_frames=2493111 generation=1 cycles=0
00847808 tid=4294809657 SUMMARY window_ms=1009 time=320 joy=0 status=0 play=0 stop=0 fills=4 bytes=88192 underruns=0 recoveries=0 errors=0 sched_gaps=0 initial_complete=0 provisional_cycles=0 adopted=0 phase=1 phase_frames=8091730 generation=1
00848746 tid=4294825837 BACKEND cursor play=15244 write=16960 delta=1868 phase=1 phase_frames=8112469 track=13 offset_frames=2515591 generation=1 cycles=0
00848826 tid=4294809657 SUMMARY window_ms=1016 time=320 joy=0 status=1 play=0 stop=0 fills=5 bytes=110240 underruns=0 recoveries=0 errors=0 sched_gaps=0 initial_complete=0 provisional_cycles=0 adopted=0 phase=1 phase_frames=8114191 generation=1
00849766 tid=4294825837 BACKEND cursor play=16984 write=18700 delta=1820 phase=1 phase_frames=8134952 track=13 offset_frames=2538074 generation=1 cycles=0
00849827 tid=4294809657 SUMMARY window_ms=1003 time=320 joy=0 status=0 play=0 stop=0 fills=3 bytes=66144 underruns=0 recoveries=0 errors=0 sched_gaps=0 initial_complete=0 provisional_cycles=0 adopted=0 phase=1 phase_frames=8136159 generation=1
00850786 tid=4294825837 BACKEND cursor play=18716 write=20432 delta=1816 phase=1 phase_frames=8157433 track=13 offset_frames=2560555 generation=1 cycles=0
00850843 tid=4294809657 SUMMARY window_ms=1016 time=320 joy=0 status=0 play=0 stop=0 fills=5 bytes=110240 underruns=0 recoveries=0 errors=0 sched_gaps=0 initial_complete=0 provisional_cycles=0 adopted=0 phase=1 phase_frames=8158640 generation=1
00851805 tid=4294825837 BACKEND cursor play=20452 write=22168 delta=2260 phase=1 phase_frames=8179915 track=13 offset_frames=2583037 generation=1 cycles=0
00851852 tid=4294809657 SUMMARY window_ms=1009 time=320 joy=0 status=0 play=0 stop=0 fills=4 bytes=88192 underruns=0 recoveries=0 errors=0 sched_gaps=0 initial_complete=0 provisional_cycles=0 adopted=0 phase=1 phase_frames=8180368 generation=1
00852825 tid=4294825837 BACKEND cursor play=22184 write=23900 delta=2120 phase=1 phase_frames=8202396 track=13 offset_frames=2605518 generation=1 cycles=0
00852855 tid=4294809657 SUMMARY window_ms=1003 time=320 joy=0 status=0 play=0 stop=0 fills=4 bytes=88192 underruns=0 recoveries=0 errors=0 sched_gaps=0 initial_complete=0 provisional_cycles=0 adopted=0 phase=1 phase_frames=8202396 generation=1
00853841 tid=4294825837 BACKEND cursor play=23604 write=25320 delta=3012 phase=1 phase_frames=8224799 track=13 offset_frames=2627921 generation=1 cycles=0
00853870 tid=4294809657 SUMMARY window_ms=1015 time=328 joy=0 status=1 play=0 stop=0 fills=4 bytes=88192 underruns=0 recoveries=0 errors=0 sched_gaps=0 initial_complete=0 provisional_cycles=0 adopted=0 phase=1 phase_frames=8225331 generation=1
00854864 tid=4294825837 BACKEND cursor play=25652 write=27368 delta=2112 phase=1 phase_frames=8247359 track=13 offset_frames=2650481 generation=1 cycles=0
00854873 tid=4294809657 SUMMARY window_ms=1003 time=320 joy=0 status=0 play=0 stop=0 fills=4 bytes=88192 underruns=0 recoveries=0 errors=0 sched_gaps=0 initial_complete=0 provisional_cycles=0 adopted=0 phase=1 phase_frames=8247359 generation=1
00855882 tid=4294809657 SUMMARY window_ms=1009 time=320 joy=0 status=0 play=0 stop=0 fills=4 bytes=88192 underruns=0 recoveries=0 errors=0 sched_gaps=0 initial_complete=0 provisional_cycles=0 adopted=0 phase=1 phase_frames=8269383 generation=1
00855885 tid=4294825837 BACKEND cursor play=27436 write=29152 delta=1880 phase=1 phase_frames=8269853 track=13 offset_frames=2672975 generation=1 cycles=0
00856898 tid=4294809657 SUMMARY window_ms=1016 time=328 joy=0 status=0 play=0 stop=0 fills=4 bytes=88192 underruns=0 recoveries=0 errors=0 sched_gaps=0 initial_complete=0 provisional_cycles=0 adopted=0 phase=1 phase_frames=8291866 generation=1
00856904 tid=4294825837 BACKEND cursor play=29124 write=30840 delta=1828 phase=1 phase_frames=8292323 track=13 offset_frames=2695445 generation=1 cycles=0
00857906 tid=4294825837 BACKEND cursor play=29344 write=31060 delta=1820 phase=1 phase_frames=8314426 track=13 offset_frames=2717548 generation=1 cycles=0
00857918 tid=4294809657 SUMMARY window_ms=1020 time=320 joy=0 status=0 play=0 stop=0 fills=4 bytes=88192 underruns=0 recoveries=0 errors=0 sched_gaps=0 initial_complete=0 provisional_cycles=0 adopted=0 phase=1 phase_frames=8314426 generation=1
00858906 tid=4294825837 BACKEND cursor play=29272 write=30988 delta=1828 phase=1 phase_frames=8336456 track=13 offset_frames=2739578 generation=1 cycles=0
00858921 tid=4294809657 SUMMARY window_ms=1003 time=325 joy=0 status=1 play=0 stop=0 fills=4 bytes=88192 underruns=0 recoveries=0 errors=0 sched_gaps=0 initial_complete=0 provisional_cycles=0 adopted=0 phase=1 phase_frames=8336456 generation=1
00859923 tid=4294809657 SUMMARY window_ms=1002 time=320 joy=0 status=0 play=0 stop=0 fills=4 bytes=88192 underruns=0 recoveries=0 errors=0 sched_gaps=0 initial_complete=0 provisional_cycles=0 adopted=0 phase=1 phase_frames=8358480 generation=1
00859925 tid=4294825837 BACKEND cursor play=30996 write=32712 delta=1820 phase=1 phase_frames=8358935 track=13 offset_frames=2762057 generation=1 cycles=0
00860941 tid=4294825837 BACKEND cursor play=32408 write=34124 delta=3004 phase=1 phase_frames=8381336 track=13 offset_frames=2784458 generation=1 cycles=0
00860946 tid=4294809657 SUMMARY window_ms=1023 time=323 joy=0 status=0 play=0 stop=0 fills=4 bytes=88192 underruns=0 recoveries=0 errors=0 sched_gaps=0 initial_complete=0 provisional_cycles=0 adopted=0 phase=1 phase_frames=8381336 generation=1
00861961 tid=4294825837 BACKEND cursor play=34144 write=35860 delta=3000 phase=1 phase_frames=8403818 track=13 offset_frames=2806940 generation=1 cycles=0
00861962 tid=4294809657 SUMMARY window_ms=1016 time=328 joy=0 status=0 play=0 stop=0 fills=4 bytes=88192 underruns=0 recoveries=0 errors=0 sched_gaps=0 initial_complete=0 provisional_cycles=0 adopted=0 phase=1 phase_frames=8403818 generation=1
00862964 tid=4294809657 SUMMARY window_ms=1002 time=320 joy=0 status=0 play=0 stop=0 fills=4 bytes=88192 underruns=0 recoveries=0 errors=0 sched_gaps=0 initial_complete=0 provisional_cycles=0 adopted=0 phase=1 phase_frames=8425548 generation=1
00862981 tid=4294825837 BACKEND cursor play=35880 write=37596 delta=3008 phase=1 phase_frames=8426300 track=13 offset_frames=2829422 generation=1 cycles=0
00863980 tid=4294809657 SUMMARY window_ms=1016 time=328 joy=0 status=1 play=0 stop=0 fills=4 bytes=88192 underruns=0 recoveries=0 errors=0 sched_gaps=0 initial_complete=0 provisional_cycles=0 adopted=0 phase=1 phase_frames=8447950 generation=1
00863984 tid=4294825837 BACKEND cursor play=36200 write=37916 delta=1912 phase=1 phase_frames=8448428 track=13 offset_frames=2851550 generation=1 cycles=0
00864990 tid=4294825837 BACKEND cursor play=36724 write=38440 delta=2204 phase=1 phase_frames=8470607 track=13 offset_frames=2873729 generation=1 cycles=0
00865006 tid=4294809657 SUMMARY window_ms=1026 time=320 joy=0 status=0 play=0 stop=0 fills=4 bytes=88192 underruns=0 recoveries=0 errors=0 sched_gaps=0 initial_complete=0 provisional_cycles=0 adopted=0 phase=1 phase_frames=8470607 generation=1
00866006 tid=4294825837 BACKEND cursor play=38060 write=39776 delta=1812 phase=1 phase_frames=8492989 track=13 offset_frames=2896111 generation=1 cycles=0
00866009 tid=4294809657 SUMMARY window_ms=1003 time=320 joy=0 status=0 play=0 stop=0 fills=4 bytes=88192 underruns=0 recoveries=0 errors=0 sched_gaps=0 initial_complete=0 provisional_cycles=0 adopted=0 phase=1 phase_frames=8492989 generation=1
00867025 tid=4294825837 BACKEND cursor play=39740 write=41456 delta=2060 phase=1 phase_frames=8515457 track=13 offset_frames=2918579 generation=1 cycles=0
00867025 tid=4294809657 SUMMARY window_ms=1015 time=320 joy=0 status=0 play=0 stop=0 fills=4 bytes=88192 underruns=0 recoveries=0 errors=0 sched_gaps=0 initial_complete=0 provisional_cycles=0 adopted=0 phase=1 phase_frames=8515457 generation=1
00868044 tid=4294825837 BACKEND cursor play=41420 write=43136 delta=2028 phase=1 phase_frames=8537925 track=13 offset_frames=2941047 generation=1 cycles=0
00868044 tid=4294809657 SUMMARY window_ms=1020 time=328 joy=0 status=0 play=0 stop=0 fills=4 bytes=88192 underruns=0 recoveries=0 errors=0 sched_gaps=0 initial_complete=0 provisional_cycles=0 adopted=0 phase=1 phase_frames=8537925 generation=1
00869047 tid=4294809657 SUMMARY window_ms=1003 time=317 joy=0 status=1 play=0 stop=0 fills=4 bytes=88192 underruns=0 recoveries=0 errors=0 sched_gaps=0 initial_complete=0 provisional_cycles=0 adopted=0 phase=1 phase_frames=8559903 generation=1
00869065 tid=4294825837 BACKEND cursor play=43264 write=884 delta=2124 phase=1 phase_frames=8560434 track=13 offset_frames=2963556 generation=1 cycles=0
00870049 tid=4294809657 SUMMARY window_ms=1002 time=320 joy=0 status=0 play=0 stop=0 fills=4 bytes=88192 underruns=0 recoveries=0 errors=0 sched_gaps=0 initial_complete=0 provisional_cycles=0 adopted=0 phase=1 phase_frames=8582062 generation=1
00870071 tid=4294825837 BACKEND cursor play=43784 write=1404 delta=2200 phase=1 phase_frames=8582612 track=13 offset_frames=2985734 generation=1 cycles=0
00871055 tid=4294809657 SUMMARY window_ms=1006 time=315 joy=0 status=0 play=0 stop=0 fills=4 bytes=88192 underruns=0 recoveries=0 errors=0 sched_gaps=0 initial_complete=0 provisional_cycles=0 adopted=0 phase=1 phase_frames=8604113 generation=1
00871087 tid=4294825837 BACKEND cursor play=1132 write=2848 delta=1824 phase=1 phase_frames=8605021 track=13 offset_frames=3008143 generation=1 cycles=0
00872065 tid=4294809657 SUMMARY window_ms=1010 time=320 joy=0 status=0 play=0 stop=0 fills=4 bytes=88192 underruns=0 recoveries=0 errors=0 sched_gaps=0 initial_complete=0 provisional_cycles=0 adopted=0 phase=1 phase_frames=8626560 generation=1
00872141 tid=4294825837 BACKEND cursor play=5884 write=7600 delta=4844 phase=1 phase_frames=8628257 track=13 offset_frames=3031379 generation=1 cycles=0
00873074 tid=4294809657 SUMMARY window_ms=1009 time=320 joy=0 status=0 play=0 stop=0 fills=4 bytes=88192 underruns=0 recoveries=0 errors=0 sched_gaps=0 initial_complete=0 provisional_cycles=0 adopted=0 phase=1 phase_frames=8648620 generation=1
00873168 tid=4294825837 BACKEND cursor play=8224 write=9940 delta=2428 phase=1 phase_frames=8650890 track=13 offset_frames=3054012 generation=1 cycles=0
00874090 tid=4294809657 SUMMARY window_ms=1016 time=320 joy=0 status=1 play=0 stop=0 fills=5 bytes=110240 underruns=0 recoveries=0 errors=0 sched_gaps=0 initial_complete=0 provisional_cycles=0 adopted=0 phase=1 phase_frames=8671056 generation=1
00874201 tid=4294825837 BACKEND cursor play=11168 write=12884 delta=3020 phase=1 phase_frames=8673674 track=13 offset_frames=3076796 generation=1 cycles=0
00875100 tid=4294809657 SUMMARY window_ms=1009 time=256 joy=0 status=0 play=0 stop=0 fills=4 bytes=88192 underruns=0 recoveries=0 errors=0 sched_gaps=0 initial_complete=0 provisional_cycles=0 adopted=0 phase=1 phase_frames=8693470 generation=1
00875207 tid=4294825837 BACKEND cursor play=11696 write=13412 delta=1816 phase=1 phase_frames=8695854 track=13 offset_frames=3098976 generation=1 cycles=0
00876125 tid=4294809657 SUMMARY window_ms=1026 time=240 joy=0 status=0 play=0 stop=0 fills=4 bytes=88192 underruns=0 recoveries=0 errors=0 sched_gaps=0 initial_complete=0 provisional_cycles=0 adopted=0 phase=1 phase_frames=8715834 generation=1
00876240 tid=4294825837 BACKEND cursor play=14636 write=16352 delta=3020 phase=1 phase_frames=8718637 track=13 offset_frames=3121759 generation=1 cycles=0
00877134 tid=4294809657 SUMMARY window_ms=1009 time=240 joy=0 status=0 play=0 stop=0 fills=4 bytes=88192 underruns=0 recoveries=0 errors=0 sched_gaps=0 initial_complete=0 provisional_cycles=0 adopted=0 phase=1 phase_frames=8737940 generation=1
00877246 tid=4294825837 BACKEND cursor play=15164 write=16880 delta=1816 phase=1 phase_frames=8740817 track=13 offset_frames=3143939 generation=1 cycles=0
00878160 tid=4294809657 SUMMARY window_ms=1026 time=240 joy=0 status=0 play=0 stop=0 fills=4 bytes=88192 underruns=0 recoveries=0 errors=0 sched_gaps=0 initial_complete=0 provisional_cycles=0 adopted=0 phase=1 phase_frames=8760651 generation=1
00878246 tid=4294825837 BACKEND cursor play=15080 write=16796 delta=1824 phase=1 phase_frames=8762844 track=13 offset_frames=3165966 generation=1 cycles=0
00879186 tid=4294809657 SUMMARY window_ms=1026 time=248 joy=0 status=1 play=0 stop=0 fills=4 bytes=88192 underruns=0 recoveries=0 errors=0 sched_gaps=0 initial_complete=0 provisional_cycles=0 adopted=0 phase=1 phase_frames=8783578 generation=1
00879265 tid=4294825837 BACKEND cursor play=16816 write=18532 delta=2136 phase=1 phase_frames=8785326 track=13 offset_frames=3188448 generation=1 cycles=0
00880195 tid=4294809657 SUMMARY window_ms=1009 time=240 joy=0 status=0 play=0 stop=0 fills=4 bytes=88192 underruns=0 recoveries=0 errors=0 sched_gaps=0 initial_complete=0 provisional_cycles=0 adopted=0 phase=1 phase_frames=8805613 generation=1
00880285 tid=4294825837 BACKEND cursor play=18544 write=20260 delta=2132 phase=1 phase_frames=8807806 track=13 offset_frames=3210928 generation=1 cycles=0
00881205 tid=4294809657 SUMMARY window_ms=1009 time=240 joy=0 status=0 play=0 stop=0 fills=4 bytes=88192 underruns=0 recoveries=0 errors=0 sched_gaps=0 initial_complete=0 provisional_cycles=0 adopted=0 phase=1 phase_frames=8827641 generation=1
00881301 tid=4294825837 BACKEND cursor play=19964 write=21680 delta=3016 phase=1 phase_frames=8830209 track=13 offset_frames=3233331 generation=1 cycles=0
00882230 tid=4294809657 SUMMARY window_ms=1026 time=248 joy=0 status=0 play=0 stop=0 fills=4 bytes=88192 underruns=0 recoveries=0 errors=0 sched_gaps=0 initial_complete=0 provisional_cycles=0 adopted=0 phase=1 phase_frames=8850577 generation=1
00882304 tid=4294825837 BACKEND cursor play=20200 write=21916 delta=2124 phase=1 phase_frames=8852316 track=13 offset_frames=3255438 generation=1 cycles=0
00883240 tid=4294809657 SUMMARY window_ms=1010 time=240 joy=0 status=0 play=0 stop=0 fills=4 bytes=88192 underruns=0 recoveries=0 errors=0 sched_gaps=0 initial_complete=0 provisional_cycles=0 adopted=0 phase=1 phase_frames=8872525 generation=1
00883306 tid=4294825837 BACKEND cursor play=20392 write=22108 delta=1784 phase=1 phase_frames=8874412 track=13 offset_frames=3277534 generation=1 cycles=0
00884265 tid=4294809657 SUMMARY window_ms=1025 time=248 joy=0 status=1 play=0 stop=0 fills=4 bytes=88192 underruns=0 recoveries=0 errors=0 sched_gaps=0 initial_complete=0 provisional_cycles=0 adopted=0 phase=1 phase_frames=8895537 generation=1
00884306 tid=4294825837 BACKEND cursor play=20344 write=22060 delta=1808 phase=1 phase_frames=8896448 track=13 offset_frames=3299570 generation=1 cycles=0
00885292 tid=4294809657 SUMMARY window_ms=1027 time=248 joy=0 status=0 play=0 stop=0 fills=4 bytes=88192 underruns=0 recoveries=0 errors=0 sched_gaps=0 initial_complete=0 provisional_cycles=0 adopted=0 phase=1 phase_frames=8917641 generation=1
00885324 tid=4294825837 BACKEND cursor play=22012 write=23728 delta=2076 phase=1 phase_frames=8918913 track=13 offset_frames=3322035 generation=1 cycles=0
00886301 tid=4294809657 SUMMARY window_ms=1009 time=240 joy=0 status=0 play=0 stop=0 fills=4 bytes=88192 underruns=0 recoveries=0 errors=0 sched_gaps=0 initial_complete=0 provisional_cycles=0 adopted=0 phase=1 phase_frames=8940123 generation=1
00886345 tid=4294825837 BACKEND cursor play=23808 write=25524 delta=2132 phase=1 phase_frames=8941410 track=13 offset_frames=3344532 generation=1 cycles=0
00887328 tid=4294809657 SUMMARY window_ms=1025 time=248 joy=0 status=0 play=0 stop=0 fills=5 bytes=110240 underruns=0 recoveries=0 errors=0 sched_gaps=0 initial_complete=0 provisional_cycles=0 adopted=0 phase=1 phase_frames=8963052 generation=1
00887360 tid=4294825837 BACKEND cursor play=25108 write=26824 delta=2924 phase=1 phase_frames=8963783 track=13 offset_frames=3366905 generation=1 cycles=0
00888336 tid=4294809657 SUMMARY window_ms=1010 time=240 joy=0 status=0 play=0 stop=0 fills=4 bytes=88192 underruns=0 recoveries=0 errors=0 sched_gaps=0 initial_complete=0 provisional_cycles=0 adopted=0 phase=1 phase_frames=8985085 generation=1
00888384 tid=4294825837 BACKEND cursor play=27284 write=29000 delta=2744 phase=1 phase_frames=8986375 track=13 offset_frames=3389497 generation=1 cycles=0
00889346 tid=4294809657 SUMMARY window_ms=1009 time=288 joy=0 status=1 play=0 stop=0 fills=4 bytes=88192 underruns=0 recoveries=0 errors=0 sched_gaps=0 initial_complete=0 provisional_cycles=0 adopted=0 phase=1 phase_frames=9007556 generation=1
00889387 tid=4294825837 BACKEND cursor play=27492 write=29208 delta=1820 phase=1 phase_frames=9008475 track=13 offset_frames=3411597 generation=1 cycles=0
00890364 tid=4294809657 SUMMARY window_ms=1019 time=320 joy=0 status=0 play=0 stop=0 fills=4 bytes=88192 underruns=0 recoveries=0 errors=0 sched_gaps=0 initial_complete=0 provisional_cycles=0 adopted=0 phase=1 phase_frames=9030025 generation=1
00890407 tid=4294825837 BACKEND cursor play=29228 write=30944 delta=1824 phase=1 phase_frames=9030957 track=13 offset_frames=3434079 generation=1 cycles=0
00891380 tid=4294809657 SUMMARY window_ms=1016 time=328 joy=0 status=0 play=0 stop=0 fills=4 bytes=88192 underruns=0 recoveries=0 errors=0 sched_gaps=0 initial_complete=0 provisional_cycles=0 adopted=0 phase=1 phase_frames=9051988 generation=1
00891427 tid=4294825837 BACKEND cursor play=31000 write=32716 delta=1860 phase=1 phase_frames=9053448 track=13 offset_frames=3456570 generation=1 cycles=0
00892383 tid=4294809657 SUMMARY window_ms=1003 time=320 joy=0 status=0 play=0 stop=0 fills=4 bytes=88192 underruns=0 recoveries=0 errors=0 sched_gaps=0 initial_complete=0 provisional_cycles=0 adopted=0 phase=1 phase_frames=9074017 generation=1
00892446 tid=4294825837 BACKEND cursor play=32696 write=34412 delta=1820 phase=1 phase_frames=9075920 track=13 offset_frames=3479042 generation=1 cycles=0
00893383 tid=4294809657 SUMMARY window_ms=1000 time=322 joy=0 status=0 play=0 stop=0 fills=4 bytes=88192 underruns=0 recoveries=0 errors=0 sched_gaps=0 initial_complete=0 provisional_cycles=0 adopted=0 phase=1 phase_frames=9096561 generation=1
00893466 tid=4294825837 BACKEND cursor play=34428 write=36144 delta=1812 phase=1 phase_frames=9098401 track=13 offset_frames=3501523 generation=1 cycles=0
00894401 tid=4294809657 SUMMARY window_ms=1018 time=326 joy=0 status=1 play=0 stop=0 fills=4 bytes=88192 underruns=0 recoveries=0 errors=0 sched_gaps=0 initial_complete=0 provisional_cycles=0 adopted=0 phase=1 phase_frames=9118689 generation=1
00894485 tid=4294825837 BACKEND cursor play=36164 write=37880 delta=1776 phase=1 phase_frames=9120883 track=13 offset_frames=3524005 generation=1 cycles=0
00895401 tid=4294809657 SUMMARY window_ms=1000 time=320 joy=0 status=0 play=0 stop=0 fills=4 bytes=88192 underruns=0 recoveries=0 errors=0 sched_gaps=0 initial_complete=0 provisional_cycles=0 adopted=0 phase=1 phase_frames=9140638 generation=1
00895504 tid=4294825837 BACKEND cursor play=37804 write=39520 delta=2048 phase=1 phase_frames=9143341 track=13 offset_frames=3546463 generation=1 cycles=0
00896410 tid=4294809657 SUMMARY window_ms=1009 time=320 joy=0 status=0 play=0 stop=0 fills=4 bytes=88192 underruns=0 recoveries=0 errors=0 sched_gaps=0 initial_complete=0 provisional_cycles=0 adopted=0 phase=1 phase_frames=9163118 generation=1
00896504 tid=4294825837 BACKEND cursor play=37812 write=39528 delta=2120 phase=1 phase_frames=9165391 track=13 offset_frames=3568513 generation=1 cycles=0
00897419 tid=4294809657 SUMMARY window_ms=1009 time=320 joy=0 status=0 play=0 stop=0 fills=4 bytes=88192 underruns=0 recoveries=0 errors=0 sched_gaps=0 initial_complete=0 provisional_cycles=0 adopted=0 phase=1 phase_frames=9185226 generation=1
00897507 tid=4294825837 BACKEND cursor play=38036 write=39752 delta=1820 phase=1 phase_frames=9187495 track=13 offset_frames=3590617 generation=1 cycles=0
00898439 tid=4294809657 SUMMARY window_ms=1020 time=320 joy=0 status=0 play=0 stop=0 fills=4 bytes=88192 underruns=0 recoveries=0 errors=0 sched_gaps=0 initial_complete=0 provisional_cycles=0 adopted=0 phase=1 phase_frames=9207782 generation=1
00898526 tid=4294825837 BACKEND cursor play=39768 write=41484 delta=1812 phase=1 phase_frames=9209976 track=13 offset_frames=3613098 generation=1 cycles=0
00899455 tid=4294809657 SUMMARY window_ms=1016 time=320 joy=0 status=1 play=0 stop=0 fills=4 bytes=88192 underruns=0 recoveries=0 errors=0 sched_gaps=0 initial_complete=0 provisional_cycles=0 adopted=0 phase=1 phase_frames=9230266 generation=1
00899526 tid=4294825837 BACKEND cursor play=39684 write=41400 delta=1868 phase=1 phase_frames=9232003 track=13 offset_frames=3635125 generation=1 cycles=0
00900464 tid=4294809657 SUMMARY window_ms=1009 time=320 joy=0 status=0 play=0 stop=0 fills=4 bytes=88192 underruns=0 recoveries=0 errors=0 sched_gaps=0 initial_complete=0 provisional_cycles=0 adopted=0 phase=1 phase_frames=9252664 generation=1
00900544 tid=4294825837 BACKEND cursor play=41288 write=43004 delta=2000 phase=1 phase_frames=9254452 track=13 offset_frames=3657574 generation=1 cycles=0
00901466 tid=4294809657 SUMMARY window_ms=1002 time=320 joy=0 status=0 play=0 stop=0 fills=4 bytes=88192 underruns=0 recoveries=0 errors=0 sched_gaps=0 initial_complete=0 provisional_cycles=0 adopted=0 phase=1 phase_frames=9274772 generation=1
00901565 tid=4294825837 BACKEND cursor play=43148 write=768 delta=2232 phase=1 phase_frames=9276965 track=13 offset_frames=3680087 generation=1 cycles=0
00902466 tid=4294809657 SUMMARY window_ms=1000 time=320 joy=0 status=0 play=0 stop=0 fills=4 bytes=88192 underruns=0 recoveries=0 errors=0 sched_gaps=0 initial_complete=0 provisional_cycles=0 adopted=0 phase=1 phase_frames=9296720 generation=1
00902581 tid=4294825837 BACKEND cursor play=480 write=2196 delta=4828 phase=1 phase_frames=9299370 track=13 offset_frames=3702492 generation=1 cycles=0
00903485 tid=4294809657 SUMMARY window_ms=1019 time=320 joy=0 status=0 play=0 stop=0 fills=4 bytes=88192 underruns=0 recoveries=0 errors=0 sched_gaps=0 initial_complete=0 provisional_cycles=0 adopted=0 phase=1 phase_frames=9318903 generation=1
00903601 tid=4294825837 BACKEND cursor play=2208 write=3924 delta=3000 phase=1 phase_frames=9321850 track=13 offset_frames=3724972 generation=1 cycles=0
00904494 tid=4294809657 SUMMARY window_ms=1009 time=320 joy=0 status=1 play=0 stop=0 fills=4 bytes=88192 underruns=0 recoveries=0 errors=0 sched_gaps=0 initial_complete=0 provisional_cycles=0 adopted=0 phase=1 phase_frames=9341383 generation=1
00904620 tid=4294825837 BACKEND cursor play=3940 write=5656 delta=3008 phase=1 phase_frames=9344331 track=13 offset_frames=3747453 generation=1 cycles=0
00905494 tid=4294809657 SUMMARY window_ms=1000 time=320 joy=0 status=0 play=0 stop=0 fills=4 bytes=88192 underruns=0 recoveries=0 errors=0 sched_gaps=0 initial_complete=0 provisional_cycles=0 adopted=0 phase=1 phase_frames=9363411 generation=1
00905623 tid=4294825837 BACKEND cursor play=4144 write=5860 delta=3292 phase=1 phase_frames=9366430 track=13 offset_frames=3769552 generation=1 cycles=0
00906513 tid=4294809657 SUMMARY window_ms=1019 time=328 joy=0 status=0 play=0 stop=0 fills=4 bytes=88192 underruns=0 recoveries=0 errors=0 sched_gaps=0 initial_complete=0 provisional_cycles=0 adopted=0 phase=1 phase_frames=9385891 generation=1
00906626 tid=4294825837 BACKEND cursor play=4404 write=6120 delta=1820 phase=1 phase_frames=9388543 track=13 offset_frames=3791665 generation=1 cycles=0
00907513 tid=4294809657 SUMMARY window_ms=1000 time=324 joy=0 status=0 play=0 stop=0 fills=4 bytes=88192 underruns=0 recoveries=0 errors=0 sched_gaps=0 initial_complete=0 provisional_cycles=0 adopted=0 phase=1 phase_frames=9407842 generation=1
00907646 tid=4294825837 BACKEND cursor play=6136 write=7852 delta=1804 phase=1 phase_frames=9411024 track=13 offset_frames=3814146 generation=1 cycles=0
00908538 tid=4294809657 SUMMARY window_ms=1025 time=324 joy=0 status=0 play=0 stop=0 fills=4 bytes=88192 underruns=0 recoveries=0 errors=0 sched_gaps=0 initial_complete=0 provisional_cycles=0 adopted=0 phase=1 phase_frames=9430323 generation=1
00908665 tid=4294825837 BACKEND cursor play=7872 write=9588 delta=2140 phase=1 phase_frames=9433506 track=13 offset_frames=3836628 generation=1 cycles=0
00909558 tid=4294809657 SUMMARY window_ms=1019 time=312 joy=0 status=1 play=0 stop=0 fills=4 bytes=88192 underruns=0 recoveries=0 errors=0 sched_gaps=0 initial_complete=0 provisional_cycles=0 adopted=0 phase=1 phase_frames=9452503 generation=1
00909685 tid=4294825837 BACKEND cursor play=9604 write=11320 delta=2204 phase=1 phase_frames=9455987 track=13 offset_frames=3859109 generation=1 cycles=0
00910557 tid=4294809657 SUMMARY window_ms=1000 time=320 joy=0 status=0 play=0 stop=0 fills=4 bytes=88192 underruns=0 recoveries=0 errors=0 sched_gaps=0 initial_complete=0 provisional_cycles=0 adopted=0 phase=1 phase_frames=9474986 generation=1
00910701 tid=4294825837 BACKEND cursor play=11020 write=12736 delta=3016 phase=1 phase_frames=9478389 track=13 offset_frames=3881511 generation=1 cycles=0
00911576 tid=4294809657 SUMMARY window_ms=1019 time=328 joy=0 status=0 play=0 stop=0 fills=4 bytes=88192 underruns=0 recoveries=0 errors=0 sched_gaps=0 initial_complete=0 provisional_cycles=0 adopted=0 phase=1 phase_frames=9497467 generation=1
00911721 tid=4294825837 BACKEND cursor play=12748 write=14464 delta=3012 phase=1 phase_frames=9500869 track=13 offset_frames=3903991 generation=1 cycles=0
00912592 tid=4294809657 SUMMARY window_ms=1016 time=328 joy=0 status=0 play=0 stop=0 fills=5 bytes=110240 underruns=0 recoveries=0 errors=0 sched_gaps=0 initial_complete=0 provisional_cycles=0 adopted=0 phase=1 phase_frames=9519949 generation=1
00912727 tid=4294825837 BACKEND cursor play=13288 write=15004 delta=1812 phase=1 phase_frames=9523052 track=13 offset_frames=3926174 generation=1 cycles=0
00913611 tid=4294809657 SUMMARY window_ms=1019 time=320 joy=0 status=0 play=0 stop=0 fills=4 bytes=88192 underruns=0 recoveries=0 errors=0 sched_gaps=0 initial_complete=0 provisional_cycles=0 adopted=0 phase=1 phase_frames=9542439 generation=1
00913747 tid=4294825837 BACKEND cursor play=15020 write=16736 delta=1816 phase=1 phase_frames=9545533 track=13 offset_frames=3948655 generation=1 cycles=0
00914611 tid=4294809657 SUMMARY window_ms=1000 time=320 joy=0 status=1 play=0 stop=0 fills=4 bytes=88192 underruns=0 recoveries=0 errors=0 sched_gaps=0 initial_complete=0 provisional_cycles=0 adopted=0 phase=1 phase_frames=9564457 generation=1
00914766 tid=4294825837 BACKEND cursor play=16760 write=18476 delta=1820 phase=1 phase_frames=9568016 track=13 offset_frames=3971138 generation=1 cycles=0
00915620 tid=4294809657 SUMMARY window_ms=1009 time=320 joy=0 status=0 play=0 stop=0 fills=4 bytes=88192 underruns=0 recoveries=0 errors=0 sched_gaps=0 initial_complete=0 provisional_cycles=0 adopted=0 phase=1 phase_frames=9586838 generation=1
00915786 tid=4294825837 BACKEND cursor play=18488 write=20204 delta=1820 phase=1 phase_frames=9590496 track=13 offset_frames=3993618 generation=1 cycles=0
00916639 tid=4294809657 SUMMARY window_ms=1019 time=320 joy=0 status=0 play=0 stop=0 fills=4 bytes=88192 underruns=0 recoveries=0 errors=0 sched_gaps=0 initial_complete=0 provisional_cycles=0 adopted=0 phase=1 phase_frames=9608962 generation=1
00916806 tid=4294825837 BACKEND cursor play=20228 write=21944 delta=1824 phase=1 phase_frames=9612979 track=13 offset_frames=4016101 generation=1 cycles=0
00917639 tid=4294809657 SUMMARY window_ms=1000 time=321 joy=0 status=0 play=0 stop=0 fills=4 bytes=88192 underruns=0 recoveries=0 errors=0 sched_gaps=0 initial_complete=0 provisional_cycles=0 adopted=0 phase=1 phase_frames=9630990 generation=1
00917825 tid=4294825837 BACKEND cursor play=21956 write=23672 delta=1820 phase=1 phase_frames=9635459 track=13 offset_frames=4038581 generation=1 cycles=0
00918658 tid=4294809657 SUMMARY window_ms=1019 time=327 joy=0 status=0 play=0 stop=0 fills=4 bytes=88192 underruns=0 recoveries=0 errors=0 sched_gaps=0 initial_complete=0 provisional_cycles=0 adopted=0 phase=1 phase_frames=9653552 generation=1
00918845 tid=4294825837 BACKEND cursor play=23712 write=25428 delta=2148 phase=1 phase_frames=9657946 track=13 offset_frames=4061068 generation=1 cycles=0
00919674 tid=4294809657 SUMMARY window_ms=1016 time=280 joy=0 status=1 play=0 stop=0 fills=4 bytes=88192 underruns=0 recoveries=0 errors=0 sched_gaps=0 initial_complete=0 provisional_cycles=0 adopted=0 phase=1 phase_frames=9676040 generation=1
00919851 tid=4294825837 BACKEND cursor play=24236 write=25952 delta=2136 phase=1 phase_frames=9680125 track=13 offset_frames=4083247 generation=1 cycles=0
00920683 tid=4294809657 SUMMARY window_ms=1009 time=240 joy=0 status=0 play=0 stop=0 fills=4 bytes=88192 underruns=0 recoveries=0 errors=0 sched_gaps=0 initial_complete=0 provisional_cycles=0 adopted=0 phase=1 phase_frames=9698062 generation=1
00920881 tid=4294825837 BACKEND cursor play=26848 write=28564 delta=3016 phase=1 phase_frames=9702826 track=13 offset_frames=4105948 generation=1 cycles=0
00921692 tid=4294809657 SUMMARY window_ms=1009 time=240 joy=0 status=0 play=0 stop=0 fills=4 bytes=88192 underruns=0 recoveries=0 errors=0 sched_gaps=0 initial_complete=0 provisional_cycles=0 adopted=0 phase=1 phase_frames=9720464 generation=1
00921883 tid=4294825837 BACKEND cursor play=27064 write=28780 delta=3316 phase=1 phase_frames=9724928 track=13 offset_frames=4128050 generation=1 cycles=0
00922718 tid=4294809657 SUMMARY window_ms=1026 time=248 joy=0 status=0 play=0 stop=0 fills=4 bytes=88192 underruns=0 recoveries=0 errors=0 sched_gaps=0 initial_complete=0 provisional_cycles=0 adopted=0 phase=1 phase_frames=9742190 generation=1
00922903 tid=4294825837 BACKEND cursor play=28808 write=30524 delta=3008 phase=1 phase_frames=9747412 track=13 offset_frames=4150534 generation=1 cycles=0
00923728 tid=4294809657 SUMMARY window_ms=1010 time=240 joy=0 status=0 play=0 stop=0 fills=4 bytes=88192 underruns=0 recoveries=0 errors=0 sched_gaps=0 initial_complete=0 provisional_cycles=0 adopted=0 phase=1 phase_frames=9765127 generation=1
00923906 tid=4294825837 BACKEND cursor play=29036 write=30752 delta=1812 phase=1 phase_frames=9769517 track=13 offset_frames=4172639 generation=1 cycles=0
00924753 tid=4294809657 SUMMARY window_ms=1025 time=248 joy=0 status=1 play=0 stop=0 fills=4 bytes=88192 underruns=0 recoveries=0 errors=0 sched_gaps=0 initial_complete=0 provisional_cycles=0 adopted=0 phase=1 phase_frames=9787908 generation=1
00924926 tid=4294825837 BACKEND cursor play=30772 write=32488 delta=1816 phase=1 phase_frames=9791999 track=13 offset_frames=4195121 generation=1 cycles=0
00925779 tid=4294809657 SUMMARY window_ms=1026 time=240 joy=0 status=0 play=0 stop=0 fills=4 bytes=88192 underruns=0 recoveries=0 errors=0 sched_gaps=0 initial_complete=0 provisional_cycles=0 adopted=0 phase=1 phase_frames=9810543 generation=1
00925945 tid=4294825837 BACKEND cursor play=32452 write=34168 delta=1728 phase=1 phase_frames=9814467 track=13 offset_frames=4217589 generation=1 cycles=0
00926041 tid=4294825837 BACKEND PROVISIONAL_CYCLE cycle=1 generation=2 repeat_frames=9816366
00926805 tid=4294809657 SUMMARY window_ms=1026 time=248 joy=0 status=0 play=0 stop=0 fills=4 bytes=88192 underruns=0 recoveries=0 errors=0 sched_gaps=0 initial_complete=0 provisional_cycles=1 adopted=0 phase=1 phase_frames=16658 generation=2
00926965 tid=4294825837 BACKEND cursor play=34228 write=35944 delta=1808 phase=1 phase_frames=20593 track=12 offset_frames=20593 generation=2 cycles=1
00927831 tid=4294809657 SUMMARY window_ms=1026 time=248 joy=0 status=0 play=0 stop=0 fills=4 bytes=88192 underruns=0 recoveries=0 errors=0 sched_gaps=0 initial_complete=0 provisional_cycles=0 adopted=0 phase=1 phase_frames=39592 generation=2
00927981 tid=4294825837 BACKEND cursor play=35652 write=37368 delta=3012 phase=1 phase_frames=42997 track=12 offset_frames=42997 generation=2 cycles=1
00928857 tid=4294809657 SUMMARY window_ms=1026 time=248 joy=0 status=0 play=0 stop=0 fills=5 bytes=110240 underruns=0 recoveries=0 errors=0 sched_gaps=0 initial_complete=0 provisional_cycles=0 adopted=0 phase=1 phase_frames=61998 generation=2
00929001 tid=4294825837 BACKEND cursor play=37400 write=39116 delta=3024 phase=1 phase_frames=65482 track=12 offset_frames=65482 generation=2 cycles=1
00929022 tid=4294809657 LOGICAL STOP endpoint_track=14 endpoint_frame=0 generation=2 provisional_active=1
00929022 tid=4294809657 REPEAT_PLAN retail initial=12-13 repeat=12-13 frames=9816366
00929022 tid=4294809657 MCI PLAY adopt_provisional from=0000000C to=0000000E phase=1 frame=65482 generation_base=2
00929022 tid=4294809657 MCI PLAY from=0000000C to=0000000E flags=0000000C result=0 adopted=1
00929866 tid=4294809657 SUMMARY window_ms=1009 time=240 joy=0 status=1 play=1 stop=0 fills=4 bytes=88192 underruns=0 recoveries=0 errors=0 sched_gaps=0 initial_complete=0 provisional_cycles=0 adopted=1 phase=1 phase_frames=84103 generation=2
00930007 tid=4294825837 BACKEND cursor play=37928 write=39644 delta=1816 phase=1 phase_frames=87662 track=12 offset_frames=87662 generation=2 cycles=1
00930892 tid=4294809657 SUMMARY window_ms=1026 time=240 joy=0 status=0 play=0 stop=0 fills=4 bytes=88192 underruns=0 recoveries=0 errors=0 sched_gaps=0 initial_complete=0 provisional_cycles=0 adopted=0 phase=1 phase_frames=107038 generation=2
00931027 tid=4294825837 BACKEND cursor play=39708 write=41424 delta=1864 phase=1 phase_frames=110155 track=12 offset_frames=110155 generation=2 cycles=1
00931901 tid=4294809657 SUMMARY window_ms=1009 time=240 joy=0 status=0 play=0 stop=0 fills=4 bytes=88192 underruns=0 recoveries=0 errors=0 sched_gaps=0 initial_complete=0 provisional_cycles=0 adopted=0 phase=1 phase_frames=128996 generation=2
00932046 tid=4294825837 BACKEND cursor play=41396 write=43112 delta=1824 phase=1 phase_frames=132625 track=12 offset_frames=132625 generation=2 cycles=1
00932927 tid=4294809657 SUMMARY window_ms=1026 time=248 joy=0 status=0 play=0 stop=0 fills=4 bytes=88192 underruns=0 recoveries=0 errors=0 sched_gaps=0 initial_complete=0 provisional_cycles=0 adopted=0 phase=1 phase_frames=152000 generation=2
00933046 tid=4294825837 BACKEND cursor play=41320 write=43036 delta=1832 phase=1 phase_frames=154654 track=12 offset_frames=154654 generation=2 cycles=1
00933930 tid=4294809657 SUMMARY window_ms=1003 time=288 joy=0 status=0 play=0 stop=0 fills=4 bytes=88192 underruns=0 recoveries=0 errors=0 sched_gaps=0 initial_complete=0 provisional_cycles=0 adopted=0 phase=1 phase_frames=174029 generation=2
00934065 tid=4294825837 BACKEND cursor play=43048 write=668 delta=1820 phase=1 phase_frames=177134 track=12 offset_frames=177134 generation=2 cycles=1
00934945 tid=4294809657 SUMMARY window_ms=1015 time=328 joy=0 status=1 play=0 stop=0 fills=4 bytes=88192 underruns=0 recoveries=0 errors=0 sched_gaps=0 initial_complete=0 provisional_cycles=0 adopted=0 phase=1 phase_frames=196107 generation=2
00935085 tid=4294825837 BACKEND cursor play=684 write=2400 delta=2136 phase=1 phase_frames=199615 track=12 offset_frames=199615 generation=2 cycles=1
00935965 tid=4294809657 SUMMARY window_ms=1020 time=328 joy=0 status=0 play=0 stop=0 fills=4 bytes=88192 underruns=0 recoveries=0 errors=0 sched_gaps=0 initial_complete=0 provisional_cycles=0 adopted=0 phase=1 phase_frames=218613 generation=2
00936105 tid=4294825837 BACKEND cursor play=2428 write=4144 delta=2152 phase=1 phase_frames=222099 track=12 offset_frames=222099 generation=2 cycles=1
00936965 tid=4294809657 SUMMARY window_ms=1000 time=324 joy=0 status=0 play=0 stop=0 fills=4 bytes=88192 underruns=0 recoveries=0 errors=0 sched_gaps=0 initial_complete=0 provisional_cycles=0 adopted=0 phase=1 phase_frames=241064 generation=2
00937124 tid=4294825837 BACKEND cursor play=4152 write=5868 delta=1816 phase=1 phase_frames=244578 track=12 offset_frames=244578 generation=2 cycles=1
00937967 tid=4294809657 SUMMARY window_ms=1002 time=316 joy=0 status=0 play=0 stop=0 fills=4 bytes=88192 underruns=0 recoveries=0 errors=0 sched_gaps=0 initial_complete=0 provisional_cycles=0 adopted=0 phase=1 phase_frames=263121 generation=2
00938144 tid=4294825837 BACKEND cursor play=5884 write=7600 delta=1828 phase=1 phase_frames=267059 track=12 offset_frames=267059 generation=2 cycles=1
00938983 tid=4294809657 SUMMARY window_ms=1016 time=328 joy=0 status=0 play=0 stop=0 fills=4 bytes=88192 underruns=0 recoveries=0 errors=0 sched_gaps=0 initial_complete=0 provisional_cycles=0 adopted=0 phase=1 phase_frames=285041 generation=2
00939164 tid=4294825837 BACKEND cursor play=7628 write=9344 delta=1840 phase=1 phase_frames=289543 track=12 offset_frames=289543 generation=2 cycles=1
00939985 tid=4294809657 SUMMARY window_ms=1002 time=312 joy=0 status=1 play=0 stop=0 fills=4 bytes=88192 underruns=0 recoveries=0 errors=0 sched_gaps=0 initial_complete=0 provisional_cycles=0 adopted=0 phase=1 phase_frames=307254 generation=2
00940166 tid=4294825837 BACKEND cursor play=7836 write=9552 delta=1820 phase=1 phase_frames=311643 track=12 offset_frames=311643 generation=2 cycles=1
00940985 tid=4294809657 SUMMARY window_ms=1000 time=320 joy=0 status=0 play=0 stop=0 fills=4 bytes=88192 underruns=0 recoveries=0 errors=0 sched_gaps=0 initial_complete=0 provisional_cycles=0 adopted=0 phase=1 phase_frames=329658 generation=2
00941182 tid=4294825837 BACKEND cursor play=9260 write=10976 delta=3324 phase=1 phase_frames=334047 track=12 offset_frames=334047 generation=2 cycles=1
00941995 tid=4294809657 SUMMARY window_ms=1010 time=320 joy=0 status=0 play=0 stop=0 fills=4 bytes=88192 underruns=0 recoveries=0 errors=0 sched_gaps=0 initial_complete=0 provisional_cycles=0 adopted=0 phase=1 phase_frames=351927 generation=2
00942185 tid=4294825837 BACKEND cursor play=9492 write=11208 delta=1828 phase=1 phase_frames=356153 track=12 offset_frames=356153 generation=2 cycles=1
00943013 tid=4294809657 SUMMARY window_ms=1018 time=328 joy=0 status=0 play=0 stop=0 fills=4 bytes=88192 underruns=0 recoveries=0 errors=0 sched_gaps=0 initial_complete=0 provisional_cycles=0 adopted=0 phase=1 phase_frames=374243 generation=2
00943201 tid=4294825837 BACKEND cursor play=10912 write=12628 delta=4840 phase=1 phase_frames=378556 track=12 offset_frames=378556 generation=2 cycles=1
00944013 tid=4294809657 SUMMARY window_ms=1000 time=312 joy=0 status=0 play=0 stop=0 fills=4 bytes=88192 underruns=0 recoveries=0 errors=0 sched_gaps=0 initial_complete=0 provisional_cycles=0 adopted=0 phase=1 phase_frames=396272 generation=2
00944224 tid=4294825837 BACKEND cursor play=12948 write=14664 delta=3032 phase=1 phase_frames=401113 track=12 offset_frames=401113 generation=2 cycles=1
00945016 tid=4294809657 SUMMARY window_ms=1003 time=284 joy=0 status=1 play=0 stop=0 fills=4 bytes=88192 underruns=0 recoveries=0 errors=0 sched_gaps=0 initial_complete=0 provisional_cycles=0 adopted=0 phase=1 phase_frames=418448 generation=2
00945227 tid=4294825837 BACKEND cursor play=13168 write=14884 delta=2116 phase=1 phase_frames=423216 track=12 offset_frames=423216 generation=2 cycles=1
00946031 tid=4294809657 SUMMARY window_ms=1015 time=294 joy=0 status=0 play=0 stop=0 fills=4 bytes=88192 underruns=0 recoveries=0 errors=0 sched_gaps=0 initial_complete=0 provisional_cycles=0 adopted=0 phase=1 phase_frames=440853 generation=2
00946247 tid=4294825837 BACKEND cursor play=14912 write=16628 delta=1820 phase=1 phase_frames=445700 track=12 offset_frames=445700 generation=2 cycles=1
00947034 tid=4294809657 SUMMARY window_ms=1003 time=312 joy=0 status=0 play=0 stop=0 fills=4 bytes=88192 underruns=0 recoveries=0 errors=0 sched_gaps=0 initial_complete=0 provisional_cycles=0 adopted=0 phase=1 phase_frames=462881 generation=2
00947266 tid=4294825837 BACKEND cursor play=16644 write=18360 delta=1816 phase=1 phase_frames=468181 track=12 offset_frames=468181 generation=2 cycles=1
00948050 tid=4294809657 SUMMARY window_ms=1016 time=320 joy=0 status=0 play=0 stop=0 fills=4 bytes=88192 underruns=0 recoveries=0 errors=0 sched_gaps=0 initial_complete=0 provisional_cycles=0 adopted=0 phase=1 phase_frames=485362 generation=2
00948266 tid=4294825837 BACKEND cursor play=16580 write=18296 delta=1840 phase=1 phase_frames=490213 track=12 offset_frames=490213 generation=2 cycles=1
00949053 tid=4294809657 SUMMARY window_ms=1003 time=320 joy=0 status=0 play=0 stop=0 fills=4 bytes=88192 underruns=0 recoveries=0 errors=0 sched_gaps=0 initial_complete=0 provisional_cycles=0 adopted=0 phase=1 phase_frames=506982 generation=2
00949284 tid=4294825837 BACKEND cursor play=18204 write=19920 delta=2040 phase=1 phase_frames=512667 track=12 offset_frames=512667 generation=2 cycles=1
00950056 tid=4294809657 SUMMARY window_ms=1003 time=317 joy=0 status=1 play=0 stop=0 fills=4 bytes=88192 underruns=0 recoveries=0 errors=0 sched_gaps=0 initial_complete=0 provisional_cycles=0 adopted=0 phase=1 phase_frames=529043 generation=2
00950284 tid=4294825837 BACKEND cursor play=18208 write=19924 delta=2116 phase=1 phase_frames=534716 track=12 offset_frames=534716 generation=2 cycles=1
00951061 tid=4294809657 SUMMARY window_ms=1005 time=315 joy=0 status=0 play=0 stop=0 fills=4 bytes=88192 underruns=0 recoveries=0 errors=0 sched_gaps=0 initial_complete=0 provisional_cycles=0 adopted=0 phase=1 phase_frames=551522 generation=2
00951321 tid=4294825837 BACKEND cursor play=21444 write=23160 delta=4820 phase=1 phase_frames=557573 track=12 offset_frames=557573 generation=2 cycles=1
00952071 tid=4294809657 SUMMARY window_ms=1010 time=320 joy=0 status=0 play=0 stop=0 fills=4 bytes=88192 underruns=0 recoveries=0 errors=0 sched_gaps=0 initial_complete=0 provisional_cycles=0 adopted=0 phase=1 phase_frames=574002 generation=2
00952341 tid=4294825837 BACKEND cursor play=23176 write=24892 delta=3004 phase=1 phase_frames=580054 track=12 offset_frames=580054 generation=2 cycles=1
00953090 tid=4294809657 SUMMARY window_ms=1019 time=320 joy=0 status=0 play=0 stop=0 fills=5 bytes=110240 underruns=0 recoveries=0 errors=0 sched_gaps=0 initial_complete=0 provisional_cycles=0 adopted=0 phase=1 phase_frames=596484 generation=2
00953347 tid=4294825837 BACKEND cursor play=23716 write=25432 delta=1812 phase=1 phase_frames=602237 track=12 offset_frames=602237 generation=2 cycles=1
00954099 tid=4294809657 SUMMARY window_ms=1009 time=312 joy=0 status=1 play=0 stop=0 fills=4 bytes=88192 underruns=0 recoveries=0 errors=0 sched_gaps=0 initial_complete=0 provisional_cycles=0 adopted=0 phase=1 phase_frames=618511 generation=2
00954367 tid=4294825837 BACKEND cursor play=25456 write=27172 delta=2140 phase=1 phase_frames=624720 track=12 offset_frames=624720 generation=2 cycles=1
00955115 tid=4294809657 SUMMARY window_ms=1016 time=328 joy=0 status=0 play=0 stop=0 fills=4 bytes=88192 underruns=0 recoveries=0 errors=0 sched_gaps=0 initial_complete=0 provisional_cycles=0 adopted=0 phase=1 phase_frames=640993 generation=2
00955386 tid=4294825837 BACKEND cursor play=27188 write=28904 delta=1816 phase=1 phase_frames=647201 track=12 offset_frames=647201 generation=2 cycles=1
00956118 tid=4294809657 SUMMARY window_ms=1003 time=320 joy=0 status=0 play=0 stop=0 fills=4 bytes=88192 underruns=0 recoveries=0 errors=0 sched_gaps=0 initial_complete=0 provisional_cycles=0 adopted=0 phase=1 phase_frames=662642 generation=2
00956406 tid=4294825837 BACKEND cursor play=28920 write=30636 delta=1816 phase=1 phase_frames=669682 track=12 offset_frames=669682 generation=2 cycles=1
00957134 tid=4294809657 SUMMARY window_ms=1016 time=328 joy=0 status=0 play=0 stop=0 fills=4 bytes=88192 underruns=0 recoveries=0 errors=0 sched_gaps=0 initial_complete=0 provisional_cycles=0 adopted=0 phase=1 phase_frames=685580 generation=2
00957426 tid=4294825837 BACKEND cursor play=30660 write=32376 delta=1820 phase=1 phase_frames=692165 track=12 offset_frames=692165 generation=2 cycles=1
00958143 tid=4294809657 SUMMARY window_ms=1009 time=312 joy=0 status=0 play=0 stop=0 fills=4 bytes=88192 underruns=0 recoveries=0 errors=0 sched_gaps=0 initial_complete=0 provisional_cycles=0 adopted=0 phase=1 phase_frames=707527 generation=2
00958462 tid=4294825837 BACKEND cursor play=33884 write=35600 delta=3308 phase=1 phase_frames=715019 track=12 offset_frames=715019 generation=2 cycles=1
00959162 tid=4294809657 SUMMARY window_ms=1019 time=320 joy=0 status=1 play=0 stop=0 fills=4 bytes=88192 underruns=0 recoveries=0 errors=0 sched_gaps=0 initial_complete=0 provisional_cycles=0 adopted=0 phase=1 phase_frames=730007 generation=2
00959465 tid=4294825837 BACKEND cursor play=34124 write=35840 delta=2136 phase=1 phase_frames=737127 track=12 offset_frames=737127 generation=2 cycles=1
00960162 tid=4294809657 SUMMARY window_ms=1000 time=321 joy=0 status=0 play=0 stop=0 fills=4 bytes=88192 underruns=0 recoveries=0 errors=0 sched_gaps=0 initial_complete=0 provisional_cycles=0 adopted=0 phase=1 phase_frames=752115 generation=2
00960485 tid=4294825837 BACKEND cursor play=35852 write=37568 delta=2212 phase=1 phase_frames=759607 track=12 offset_frames=759607 generation=2 cycles=1
00961171 tid=4294809657 SUMMARY window_ms=1009 time=319 joy=0 status=0 play=0 stop=0 fills=4 bytes=88192 underruns=0 recoveries=0 errors=0 sched_gaps=0 initial_complete=0 provisional_cycles=0 adopted=0 phase=1 phase_frames=774515 generation=2
00961501 tid=4294825837 BACKEND cursor play=37272 write=38988 delta=3008 phase=1 phase_frames=782010 track=12 offset_frames=782010 generation=2 cycles=1
00962172 tid=4294809657 SUMMARY window_ms=1001 time=372 joy=0 status=0 play=0 stop=0 fills=4 bytes=88192 underruns=0 recoveries=0 errors=0 sched_gaps=0 initial_complete=0 provisional_cycles=0 adopted=0 phase=1 phase_frames=795505 generation=2
00962507 tid=4294825837 BACKEND cursor play=37812 write=39528 delta=2136 phase=1 phase_frames=804193 track=12 offset_frames=804193 generation=2 cycles=1
00963189 tid=4294809657 SUMMARY window_ms=1017 time=215 joy=0 status=0 play=0 stop=0 fills=4 bytes=88192 underruns=0 recoveries=0 errors=0 sched_gaps=0 initial_complete=0 provisional_cycles=0 adopted=0 phase=1 phase_frames=819180 generation=2
00963540 tid=4294825837 BACKEND cursor play=40740 write=42456 delta=3008 phase=1 phase_frames=826973 track=12 offset_frames=826973 generation=2 cycles=1
00964214 tid=4294809657 SUMMARY window_ms=1025 time=240 joy=0 status=0 play=0 stop=0 fills=4 bytes=88192 underruns=0 recoveries=0 errors=0 sched_gaps=0 initial_complete=0 provisional_cycles=0 adopted=0 phase=1 phase_frames=841582 generation=2
00964581 tid=4294825837 BACKEND cursor play=196 write=1912 delta=4828 phase=1 phase_frames=849909 track=12 offset_frames=849909 generation=2 cycles=1
00965240 tid=4294809657 SUMMARY window_ms=1026 time=248 joy=0 status=0 play=0 stop=0 fills=4 bytes=88192 underruns=0 recoveries=0 errors=0 sched_gaps=0 initial_complete=0 provisional_cycles=0 adopted=0 phase=1 phase_frames=864144 generation=2
00965390 tid=4294825837 BACKEND thread_exit reason=stop phase=1 phase_frames=867624 generation=2 cycles=1
00965392 tid=4294809657 MCI STOP flags=00000000 result=0 phase=1 frame=867624
00971600 tid=4294809657 SUMMARY window_ms=6360 time=2 joy=0 status=0 play=0 stop=1 fills=1 bytes=22048 underruns=0 recoveries=0 errors=0 sched_gaps=0 initial_complete=0 provisional_cycles=0 adopted=0 phase=1 phase_frames=867624 generation=2
00974205 tid=4294809657 SUMMARY window_ms=2605 time=14 joy=0 status=0 play=0 stop=0 fills=0 bytes=0 underruns=0 recoveries=0 errors=0 sched_gaps=0 initial_complete=0 provisional_cycles=0 adopted=0 phase=1 phase_frames=867624 generation=2
00978463 tid=4294809657 SUMMARY window_ms=4258 time=4 joy=0 status=0 play=0 stop=0 fills=0 bytes=0 underruns=0 recoveries=0 errors=0 sched_gaps=0 initial_complete=0 provisional_cycles=0 adopted=0 phase=1 phase_frames=867624 generation=2
00982888 tid=4294809657 SUMMARY window_ms=4425 time=10 joy=0 status=0 play=0 stop=0 fills=0 bytes=0 underruns=0 recoveries=0 errors=0 sched_gaps=0 initial_complete=0 provisional_cycles=0 adopted=0 phase=1 phase_frames=867624 generation=2
00986971 tid=4294809657 SUMMARY window_ms=4083 time=7 joy=0 status=0 play=0 stop=0 fills=0 bytes=0 underruns=0 recoveries=0 errors=0 sched_gaps=0 initial_complete=0 provisional_cycles=0 adopted=0 phase=1 phase_frames=867624 generation=2
00988368 tid=4294809657 SUMMARY window_ms=1397 time=26 joy=0 status=0 play=0 stop=0 fills=0 bytes=0 underruns=0 recoveries=0 errors=0 sched_gaps=0 initial_complete=0 provisional_cycles=0 adopted=0 phase=1 phase_frames=867624 generation=2
00988374 tid=4294809657 AUX SETVOLUME raw=FFFFFFFF left=65535 right=65535
00988374 tid=4294809657 REPEAT_PLAN retail initial=13-13 repeat=12-13 frames=9816366
00988374 tid=4294809657 MCI PLAY restart from=0000000D to=0000000E prior_state=0 backend_active=0
00988374 tid=4294809657 PROGRAM initial_segments=1 initial_frames=4219488 repeat_segments=2 repeat_frames=9816366 retail=1
00988377 tid=4294854277 BACKEND volume left=65535 right=65535 index=255 attenuation=0
00988378 tid=4294809657 BACKEND play thread=4294854277 initial_frames=4219488 repeat_frames=9816366 rate=22050
00988378 tid=4294809657 MCI PLAY from=0000000D to=0000000E flags=0000000C result=0 adopted=0
00989382 tid=4294809657 SUMMARY window_ms=1014 time=148 joy=0 status=0 play=1 stop=0 fills=4 bytes=110240 underruns=0 recoveries=0 errors=0 sched_gaps=0 initial_complete=0 provisional_cycles=0 adopted=0 phase=0 phase_frames=21430 generation=0
00989387 tid=4294854277 BACKEND cursor play=43440 write=1060 delta=1816 phase=0 phase_frames=21884 track=13 offset_frames=21884 generation=0 cycles=0
00990391 tid=4294809657 SUMMARY window_ms=1009 time=288 joy=0 status=0 play=0 stop=0 fills=4 bytes=88192 underruns=0 recoveries=0 errors=0 sched_gaps=0 initial_complete=0 provisional_cycles=0 adopted=0 phase=0 phase_frames=43912 generation=0
00990407 tid=4294854277 BACKEND cursor play=1076 write=2792 delta=1812 phase=0 phase_frames=44365 track=13 offset_frames=44365 generation=0 cycles=0
00991400 tid=4294809657 SUMMARY window_ms=1009 time=258 joy=0 status=0 play=0 stop=0 fills=4 bytes=88192 underruns=0 recoveries=0 errors=0 sched_gaps=0 initial_complete=0 provisional_cycles=0 adopted=0 phase=0 phase_frames=65939 generation=0
00991443 tid=4294854277 BACKEND cursor play=4312 write=6028 delta=3312 phase=0 phase_frames=67222 track=13 offset_frames=67222 generation=0 cycles=0
00992420 tid=4294809657 SUMMARY window_ms=1020 time=292 joy=0 status=0 play=0 stop=0 fills=5 bytes=110240 underruns=0 recoveries=0 errors=0 sched_gaps=0 initial_complete=0 provisional_cycles=0 adopted=0 phase=0 phase_frames=88420 generation=0
00992460 tid=4294854277 BACKEND cursor play=5792 write=7508 delta=3024 phase=0 phase_frames=89640 track=13 offset_frames=89640 generation=0 cycles=0
00993435 tid=4294809657 SUMMARY window_ms=1015 time=248 joy=0 status=0 play=0 stop=0 fills=4 bytes=88192 underruns=0 recoveries=0 errors=0 sched_gaps=0 initial_complete=0 provisional_cycles=0 adopted=0 phase=0 phase_frames=110749 generation=0
00993466 tid=4294854277 BACKEND cursor play=6276 write=7992 delta=1812 phase=0 phase_frames=111809 track=13 offset_frames=111809 generation=0 cycles=0
00994438 tid=4294809657 SUMMARY window_ms=1003 time=288 joy=0 status=0 play=0 stop=0 fills=4 bytes=88192 underruns=0 recoveries=0 errors=0 sched_gaps=0 initial_complete=0 provisional_cycles=0 adopted=0 phase=0 phase_frames=132550 generation=0
00994493 tid=4294854277 BACKEND cursor play=8668 write=10384 delta=2424 phase=0 phase_frames=134455 track=13 offset_frames=134455 generation=0 cycles=0
00995439 tid=4294809657 SUMMARY window_ms=1001 time=321 joy=0 status=0 play=0 stop=0 fills=4 bytes=88192 underruns=0 recoveries=0 errors=0 sched_gaps=0 initial_complete=0 provisional_cycles=0 adopted=0 phase=0 phase_frames=154953 generation=0
00995526 tid=4294854277 BACKEND cursor play=11572 write=13288 delta=4932 phase=0 phase_frames=157229 track=13 offset_frames=157229 generation=0 cycles=0
00996463 tid=4294809657 SUMMARY window_ms=1024 time=307 joy=0 status=0 play=0 stop=0 fills=4 bytes=88192 underruns=0 recoveries=0 errors=0 sched_gaps=0 initial_complete=0 provisional_cycles=0 adopted=0 phase=0 phase_frames=177513 generation=0
00996562 tid=4294854277 BACKEND cursor play=14804 write=16520 delta=3324 phase=0 phase_frames=180085 track=13 offset_frames=180085 generation=0 cycles=0
00997463 tid=4294809657 SUMMARY window_ms=1000 time=325 joy=0 status=0 play=0 stop=0 fills=4 bytes=88192 underruns=0 recoveries=0 errors=0 sched_gaps=0 initial_complete=0 provisional_cycles=0 adopted=0 phase=0 phase_frames=199916 generation=0
00997565 tid=4294854277 BACKEND cursor play=15036 write=16752 delta=2440 phase=0 phase_frames=202191 track=13 offset_frames=202191 generation=0 cycles=0
00998484 tid=4294809657 SUMMARY window_ms=1021 time=243 joy=0 status=0 play=0 stop=0 fills=4 bytes=88192 underruns=0 recoveries=0 errors=0 sched_gaps=0 initial_complete=0 provisional_cycles=0 adopted=0 phase=0 phase_frames=222449 generation=0
00998581 tid=4294854277 BACKEND cursor play=16456 write=18172 delta=3016 phase=0 phase_frames=224594 track=13 offset_frames=224594 generation=0 cycles=0
00999491 tid=4294809657 SUMMARY window_ms=1007 time=240 joy=0 status=0 play=0 stop=0 fills=4 bytes=88192 underruns=0 recoveries=0 errors=0 sched_gaps=0 initial_complete=0 provisional_cycles=0 adopted=0 phase=0 phase_frames=244504 generation=0
00999601 tid=4294854277 BACKEND cursor play=18196 write=19912 delta=3024 phase=0 phase_frames=247077 track=13 offset_frames=247077 generation=0 cycles=0
01000494 tid=4294809657 SUMMARY window_ms=1003 time=272 joy=0 status=0 play=0 stop=0 fills=4 bytes=88192 underruns=0 recoveries=0 errors=0 sched_gaps=0 initial_complete=0 provisional_cycles=0 adopted=0 phase=0 phase_frames=266608 generation=0
01000624 tid=4294854277 BACKEND cursor play=20228 write=21944 delta=3324 phase=0 phase_frames=269633 track=13 offset_frames=269633 generation=0 cycles=0
01001504 tid=4294809657 SUMMARY window_ms=1010 time=312 joy=0 status=0 play=0 stop=0 fills=4 bytes=88192 underruns=0 recoveries=0 errors=0 sched_gaps=0 initial_complete=0 provisional_cycles=0 adopted=0 phase=0 phase_frames=288635 generation=0
01001661 tid=4294854277 BACKEND cursor play=23476 write=25192 delta=4664 phase=0 phase_frames=292493 track=13 offset_frames=292493 generation=0 cycles=0
01002509 tid=4294809657 SUMMARY window_ms=1005 time=309 joy=0 status=0 play=0 stop=0 fills=4 bytes=88192 underruns=0 recoveries=0 errors=0 sched_gaps=0 initial_complete=0 provisional_cycles=0 adopted=0 phase=0 phase_frames=310662 generation=0
01002664 tid=4294854277 BACKEND cursor play=23708 write=25424 delta=1836 phase=0 phase_frames=314599 track=13 offset_frames=314599 generation=0 cycles=0
01003514 tid=4294809657 SUMMARY window_ms=1005 time=309 joy=0 status=0 play=0 stop=0 fills=4 bytes=88192 underruns=0 recoveries=0 errors=0 sched_gaps=0 initial_complete=0 provisional_cycles=0 adopted=0 phase=0 phase_frames=333269 generation=0
01003686 tid=4294854277 BACKEND cursor play=25680 write=27396 delta=2568 phase=0 phase_frames=337140 track=13 offset_frames=337140 generation=0 cycles=0
01004515 tid=4294809657 SUMMARY window_ms=1001 time=241 joy=0 status=0 play=0 stop=0 fills=4 bytes=88192 underruns=0 recoveries=0 errors=0 sched_gaps=0 initial_complete=0 provisional_cycles=0 adopted=0 phase=0 phase_frames=354823 generation=0
01004703 tid=4294854277 BACKEND cursor play=27156 write=28872 delta=3316 phase=0 phase_frames=359557 track=13 offset_frames=359557 generation=0 cycles=0
01005530 tid=4294809657 SUMMARY window_ms=1015 time=243 joy=0 status=0 play=0 stop=0 fills=4 bytes=88192 underruns=0 recoveries=0 errors=0 sched_gaps=0 initial_complete=0 provisional_cycles=0 adopted=0 phase=0 phase_frames=377658 generation=0
01005712 tid=4294854277 BACKEND cursor play=27984 write=29700 delta=2096 phase=0 phase_frames=381812 track=13 offset_frames=381812 generation=0 cycles=0
01006557 tid=4294809657 SUMMARY window_ms=1027 time=264 joy=0 status=0 play=0 stop=0 fills=4 bytes=88192 underruns=0 recoveries=0 errors=0 sched_gaps=0 initial_complete=0 provisional_cycles=0 adopted=0 phase=0 phase_frames=400401 generation=0
01006724 tid=4294854277 BACKEND cursor play=29044 write=30760 delta=2700 phase=0 phase_frames=404125 track=13 offset_frames=404125 generation=0 cycles=0
01007583 tid=4294809657 SUMMARY window_ms=1026 time=232 joy=0 status=0 play=0 stop=0 fills=4 bytes=88192 underruns=0 recoveries=0 errors=0 sched_gaps=0 initial_complete=0 provisional_cycles=0 adopted=0 phase=0 phase_frames=422691 generation=0
01007724 tid=4294854277 BACKEND cursor play=29044 write=30760 delta=1820 phase=0 phase_frames=426173 track=13 offset_frames=426173 generation=0 cycles=0
01008586 tid=4294809657 SUMMARY window_ms=1003 time=221 joy=0 status=0 play=0 stop=0 fills=4 bytes=88192 underruns=0 recoveries=0 errors=0 sched_gaps=0 initial_complete=0 provisional_cycles=0 adopted=0 phase=0 phase_frames=445162 generation=0
01008761 tid=4294854277 BACKEND cursor play=32288 write=34004 delta=4836 phase=0 phase_frames=449032 track=13 offset_frames=449032 generation=0 cycles=0
01009586 tid=4294809657 SUMMARY window_ms=1000 time=239 joy=0 status=0 play=0 stop=0 fills=4 bytes=88192 underruns=0 recoveries=0 errors=0 sched_gaps=0 initial_complete=0 provisional_cycles=0 adopted=0 phase=0 phase_frames=466442 generation=0
01009784 tid=4294854277 BACKEND cursor play=34304 write=36020 delta=3256 phase=0 phase_frames=471584 track=13 offset_frames=471584 generation=0 cycles=0
01010593 tid=4294809657 SUMMARY window_ms=1007 time=236 joy=0 status=0 play=0 stop=0 fills=4 bytes=88192 underruns=0 recoveries=0 errors=0 sched_gaps=0 initial_complete=0 provisional_cycles=0 adopted=0 phase=0 phase_frames=489077 generation=0
01010797 tid=4294854277 BACKEND cursor play=35472 write=37188 delta=2384 phase=0 phase_frames=493924 track=13 offset_frames=493924 generation=0 cycles=0
01011596 tid=4294809657 SUMMARY window_ms=1003 time=257 joy=0 status=0 play=0 stop=0 fills=4 bytes=88192 underruns=0 recoveries=0 errors=0 sched_gaps=0 initial_complete=0 provisional_cycles=0 adopted=0 phase=0 phase_frames=510881 generation=0
01011807 tid=4294854277 BACKEND cursor play=36300 write=38016 delta=1808 phase=0 phase_frames=516179 track=13 offset_frames=516179 generation=0 cycles=0
01012596 tid=4294809657 SUMMARY window_ms=1000 time=295 joy=0 status=0 play=0 stop=0 fills=4 bytes=88192 underruns=0 recoveries=0 errors=0 sched_gaps=0 initial_complete=0 provisional_cycles=0 adopted=0 phase=0 phase_frames=532929 generation=0
01012830 tid=4294854277 BACKEND cursor play=38328 write=40044 delta=2084 phase=0 phase_frames=538734 track=13 offset_frames=538734 generation=0 cycles=0
01013597 tid=4294809657 SUMMARY window_ms=1001 time=311 joy=0 status=0 play=0 stop=0 fills=4 bytes=88192 underruns=0 recoveries=0 errors=0 sched_gaps=0 initial_complete=0 provisional_cycles=0 adopted=0 phase=0 phase_frames=555394 generation=0
01013845 tid=4294854277 BACKEND cursor play=39692 write=41408 delta=1784 phase=0 phase_frames=561123 track=13 offset_frames=561123 generation=0 cycles=0
01014609 tid=4294809657 SUMMARY window_ms=1012 time=320 joy=0 status=0 play=0 stop=0 fills=4 bytes=88192 underruns=0 recoveries=0 errors=0 sched_gaps=0 initial_complete=0 provisional_cycles=0 adopted=0 phase=0 phase_frames=577866 generation=0
01014862 tid=4294854277 BACKEND cursor play=41188 write=42904 delta=1864 phase=0 phase_frames=583545 track=13 offset_frames=583545 generation=0 cycles=0
01015624 tid=4294809657 SUMMARY window_ms=1015 time=312 joy=0 status=0 play=0 stop=0 fills=4 bytes=88192 underruns=0 recoveries=0 errors=0 sched_gaps=0 initial_complete=0 provisional_cycles=0 adopted=0 phase=0 phase_frames=600006 generation=0
01015865 tid=4294854277 BACKEND cursor play=41404 write=43120 delta=2184 phase=0 phase_frames=605647 track=13 offset_frames=605647 generation=0 cycles=0
01016633 tid=4294809657 SUMMARY window_ms=1009 time=310 joy=0 status=0 play=0 stop=0 fills=4 bytes=88192 underruns=0 recoveries=0 errors=0 sched_gaps=0 initial_complete=0 provisional_cycles=0 adopted=0 phase=0 phase_frames=622302 generation=0
01016881 tid=4294854277 BACKEND cursor play=42816 write=436 delta=3012 phase=0 phase_frames=628048 track=13 offset_frames=628048 generation=0 cycles=0
01017638 tid=4294809657 SUMMARY window_ms=1005 time=316 joy=0 status=0 play=0 stop=0 fills=4 bytes=88192 underruns=0 recoveries=0 errors=0 sched_gaps=0 initial_complete=0 provisional_cycles=0 adopted=0 phase=0 phase_frames=644479 generation=0
01017901 tid=4294854277 BACKEND cursor play=492 write=2208 delta=3056 phase=0 phase_frames=650539 track=13 offset_frames=650539 generation=0 cycles=0
01018647 tid=4294809657 SUMMARY window_ms=1008 time=314 joy=0 status=0 play=0 stop=0 fills=5 bytes=110240 underruns=0 recoveries=0 errors=0 sched_gaps=0 initial_complete=0 provisional_cycles=0 adopted=0 phase=0 phase_frames=666956 generation=0
01018927 tid=4294854277 BACKEND cursor play=2812 write=4528 delta=3340 phase=0 phase_frames=673167 track=13 offset_frames=673167 generation=0 cycles=0
01019661 tid=4294809657 SUMMARY window_ms=1015 time=320 joy=0 status=0 play=0 stop=0 fills=3 bytes=66144 underruns=0 recoveries=0 errors=0 sched_gaps=0 initial_complete=0 provisional_cycles=0 adopted=0 phase=0 phase_frames=688913 generation=0
01019944 tid=4294854277 BACKEND cursor play=4252 write=5968 delta=2424 phase=0 phase_frames=695575 track=13 offset_frames=695575 generation=0 cycles=0
01020681 tid=4294809657 SUMMARY window_ms=1020 time=320 joy=0 status=0 play=0 stop=0 fills=5 bytes=110240 underruns=0 recoveries=0 errors=0 sched_gaps=0 initial_complete=0 provisional_cycles=0 adopted=0 phase=0 phase_frames=711325 generation=0
01020946 tid=4294854277 BACKEND cursor play=4456 write=6172 delta=1812 phase=0 phase_frames=717674 track=13 offset_frames=717674 generation=0 cycles=0
01021685 tid=4294809657 SUMMARY window_ms=1003 time=325 joy=0 status=0 play=0 stop=0 fills=4 bytes=88192 underruns=0 recoveries=0 errors=0 sched_gaps=0 initial_complete=0 provisional_cycles=0 adopted=0 phase=0 phase_frames=733725 generation=0
01021949 tid=4294854277 BACKEND cursor play=4688 write=6404 delta=2128 phase=0 phase_frames=739780 track=13 offset_frames=739780 generation=0 cycles=0
01022699 tid=4294809657 SUMMARY window_ms=1015 time=307 joy=0 status=0 play=0 stop=0 fills=4 bytes=88192 underruns=0 recoveries=0 errors=0 sched_gaps=0 initial_complete=0 provisional_cycles=0 adopted=0 phase=0 phase_frames=755597 generation=0
01022965 tid=4294854277 BACKEND cursor play=6116 write=7832 delta=2420 phase=0 phase_frames=762185 track=13 offset_frames=762185 generation=0 cycles=0
01023708 tid=4294809657 SUMMARY window_ms=1009 time=304 joy=0 status=0 play=0 stop=0 fills=4 bytes=88192 underruns=0 recoveries=0 errors=0 sched_gaps=0 initial_complete=0 provisional_cycles=0 adopted=0 phase=0 phase_frames=778388 generation=0
01023984 tid=4294854277 BACKEND cursor play=7520 write=9236 delta=1764 phase=0 phase_frames=784584 track=13 offset_frames=784584 generation=0 cycles=0
01024708 tid=4294809657 SUMMARY window_ms=1000 time=318 joy=0 status=0 play=0 stop=0 fills=4 bytes=88192 underruns=0 recoveries=0 errors=0 sched_gaps=0 initial_complete=0 provisional_cycles=0 adopted=0 phase=0 phase_frames=800491 generation=0
01025005 tid=4294854277 BACKEND cursor play=9300 write=11016 delta=3012 phase=0 phase_frames=807077 track=13 offset_frames=807077 generation=0 cycles=0
01025717 tid=4294809657 SUMMARY window_ms=1009 time=316 joy=0 status=0 play=0 stop=0 fills=4 bytes=88192 underruns=0 recoveries=0 errors=0 sched_gaps=0 initial_complete=0 provisional_cycles=0 adopted=0 phase=0 phase_frames=822519 generation=0
01026003 tid=4294854277 BACKEND cursor play=9204 write=10920 delta=1828 phase=0 phase_frames=829101 track=13 offset_frames=829101 generation=0 cycles=0
01026719 tid=4294809657 SUMMARY window_ms=1002 time=272 joy=0 status=0 play=0 stop=0 fills=4 bytes=88192 underruns=0 recoveries=0 errors=0 sched_gaps=0 initial_complete=0 provisional_cycles=0 adopted=0 phase=0 phase_frames=844547 generation=0
01027003 tid=4294854277 BACKEND cursor play=9148 write=10864 delta=1840 phase=0 phase_frames=851135 track=13 offset_frames=851135 generation=0 cycles=0
01027735 tid=4294809657 SUMMARY window_ms=1016 time=312 joy=0 status=0 play=0 stop=0 fills=4 bytes=88192 underruns=0 recoveries=0 errors=0 sched_gaps=0 initial_complete=0 provisional_cycles=0 adopted=0 phase=0 phase_frames=867252 generation=0
01028005 tid=4294854277 BACKEND cursor play=9336 write=11052 delta=1828 phase=0 phase_frames=873230 track=13 offset_frames=873230 generation=0 cycles=0
01028761 tid=4294809657 SUMMARY window_ms=1026 time=264 joy=0 status=0 play=0 stop=0 fills=4 bytes=88192 underruns=0 recoveries=0 errors=0 sched_gaps=0 initial_complete=0 provisional_cycles=0 adopted=0 phase=0 phase_frames=889588 generation=0
01029025 tid=4294854277 BACKEND cursor play=11096 write=12812 delta=2100 phase=0 phase_frames=895718 track=13 offset_frames=895718 generation=0 cycles=0
01029771 tid=4294809657 SUMMARY window_ms=1010 time=240 joy=0 status=0 play=0 stop=0 fills=4 bytes=88192 underruns=0 recoveries=0 errors=0 sched_gaps=0 initial_complete=0 provisional_cycles=0 adopted=0 phase=0 phase_frames=912070 generation=0
01030042 tid=4294854277 BACKEND cursor play=12568 write=14284 delta=3068 phase=0 phase_frames=918134 track=13 offset_frames=918134 generation=0 cycles=0
01030780 tid=4294809657 SUMMARY window_ms=1009 time=208 joy=0 status=0 play=0 stop=0 fills=4 bytes=88192 underruns=0 recoveries=0 errors=0 sched_gaps=0 initial_complete=0 provisional_cycles=0 adopted=0 phase=0 phase_frames=934111 generation=0
01031060 tid=4294854277 BACKEND cursor play=14160 write=15876 delta=2928 phase=0 phase_frames=940580 track=13 offset_frames=940580 generation=0 cycles=0
01031805 tid=4294809657 SUMMARY window_ms=1025 time=241 joy=0 status=0 play=0 stop=0 fills=4 bytes=88192 underruns=0 recoveries=0 errors=0 sched_gaps=0 initial_complete=0 provisional_cycles=0 adopted=0 phase=0 phase_frames=956578 generation=0
01032067 tid=4294854277 BACKEND cursor play=14780 write=16496 delta=1784 phase=0 phase_frames=962783 track=13 offset_frames=962783 generation=0 cycles=0
01032815 tid=4294809657 SUMMARY window_ms=1010 time=240 joy=0 status=0 play=0 stop=0 fills=4 bytes=88192 underruns=0 recoveries=0 errors=0 sched_gaps=0 initial_complete=0 provisional_cycles=0 adopted=0 phase=0 phase_frames=979059 generation=0
01033080 tid=4294854277 BACKEND cursor play=15896 write=17612 delta=2936 phase=0 phase_frames=985110 track=13 offset_frames=985110 generation=0 cycles=0
01033833 tid=4294809657 SUMMARY window_ms=1018 time=280 joy=0 status=0 play=0 stop=0 fills=4 bytes=88192 underruns=0 recoveries=0 errors=0 sched_gaps=0 initial_complete=0 provisional_cycles=0 adopted=0 phase=0 phase_frames=1001541 generation=0
01034086 tid=4294854277 BACKEND cursor play=16436 write=18152 delta=1816 phase=0 phase_frames=1007293 track=13 offset_frames=1007293 generation=0 cycles=0
01034833 tid=4294809657 SUMMARY window_ms=1000 time=320 joy=0 status=0 play=0 stop=0 fills=4 bytes=88192 underruns=0 recoveries=0 errors=0 sched_gaps=0 initial_complete=0 provisional_cycles=0 adopted=0 phase=0 phase_frames=1023568 generation=0
01035105 tid=4294854277 BACKEND cursor play=18164 write=19880 delta=1812 phase=0 phase_frames=1029773 track=13 offset_frames=1029773 generation=0 cycles=0
01035842 tid=4294809657 SUMMARY window_ms=1009 time=320 joy=0 status=0 play=0 stop=0 fills=4 bytes=88192 underruns=0 recoveries=0 errors=0 sched_gaps=0 initial_complete=0 provisional_cycles=0 adopted=0 phase=0 phase_frames=1045642 generation=0
01036122 tid=4294854277 BACKEND cursor play=19600 write=21316 delta=2928 phase=0 phase_frames=1052180 track=13 offset_frames=1052180 generation=0 cycles=0
01036868 tid=4294809657 SUMMARY window_ms=1026 time=256 joy=0 status=0 play=0 stop=0 fills=4 bytes=88192 underruns=0 recoveries=0 errors=0 sched_gaps=0 initial_complete=0 provisional_cycles=0 adopted=0 phase=0 phase_frames=1068606 generation=0
01037124 tid=4294854277 BACKEND cursor play=19820 write=21536 delta=1816 phase=0 phase_frames=1074283 track=13 offset_frames=1074283 generation=0 cycles=0
01037869 tid=4294809657 SUMMARY window_ms=1001 time=245 joy=0 status=0 play=0 stop=0 fills=4 bytes=88192 underruns=0 recoveries=0 errors=0 sched_gaps=0 initial_complete=0 provisional_cycles=0 adopted=0 phase=0 phase_frames=1090179 generation=0
01038126 tid=4294854277 BACKEND cursor play=19960 write=21676 delta=1736 phase=0 phase_frames=1096366 track=13 offset_frames=1096366 generation=0 cycles=0
01038880 tid=4294809657 SUMMARY window_ms=1011 time=284 joy=0 status=0 play=0 stop=0 fills=4 bytes=88192 underruns=0 recoveries=0 errors=0 sched_gaps=0 initial_complete=0 provisional_cycles=0 adopted=0 phase=0 phase_frames=1112662 generation=0
01039126 tid=4294854277 BACKEND cursor play=19952 write=21668 delta=1812 phase=0 phase_frames=1118412 track=13 offset_frames=1118412 generation=0 cycles=0
01039880 tid=4294809657 SUMMARY window_ms=1000 time=312 joy=0 status=0 play=0 stop=0 fills=4 bytes=88192 underruns=0 recoveries=0 errors=0 sched_gaps=0 initial_complete=0 provisional_cycles=0 adopted=0 phase=0 phase_frames=1134902 generation=0
01040146 tid=4294854277 BACKEND cursor play=21688 write=23404 delta=1816 phase=0 phase_frames=1140894 track=13 offset_frames=1140894 generation=0 cycles=0
01040890 tid=4294809657 SUMMARY window_ms=1010 time=320 joy=0 status=0 play=0 stop=0 fills=4 bytes=88192 underruns=0 recoveries=0 errors=0 sched_gaps=0 initial_complete=0 provisional_cycles=0 adopted=0 phase=0 phase_frames=1157146 generation=0
01041165 tid=4294854277 BACKEND cursor play=23416 write=25132 delta=2128 phase=0 phase_frames=1163374 track=13 offset_frames=1163374 generation=0 cycles=0
01041899 tid=4294809657 SUMMARY window_ms=1009 time=302 joy=0 status=0 play=0 stop=0 fills=4 bytes=88192 underruns=0 recoveries=0 errors=0 sched_gaps=0 initial_complete=0 provisional_cycles=0 adopted=0 phase=0 phase_frames=1179272 generation=0
01042185 tid=4294854277 BACKEND cursor play=25156 write=26872 delta=1880 phase=0 phase_frames=1185857 track=13 offset_frames=1185857 generation=0 cycles=0
01042924 tid=4294809657 SUMMARY window_ms=1025 time=248 joy=0 status=0 play=0 stop=0 fills=5 bytes=110240 underruns=0 recoveries=0 errors=0 sched_gaps=0 initial_complete=0 provisional_cycles=0 adopted=0 phase=0 phase_frames=1201753 generation=0
01043202 tid=4294854277 BACKEND cursor play=26604 write=28320 delta=3036 phase=0 phase_frames=1208267 track=13 offset_frames=1208267 generation=0 cycles=0
01043933 tid=4294809657 SUMMARY window_ms=1009 time=240 joy=0 status=0 play=0 stop=0 fills=4 bytes=88192 underruns=0 recoveries=0 errors=0 sched_gaps=0 initial_complete=0 provisional_cycles=0 adopted=0 phase=0 phase_frames=1224237 generation=0
01044215 tid=4294854277 BACKEND cursor play=27760 write=29476 delta=2460 phase=0 phase_frames=1230604 track=13 offset_frames=1230604 generation=0 cycles=0
01044953 tid=4294809657 SUMMARY window_ms=1020 time=304 joy=0 status=0 play=0 stop=0 fills=4 bytes=88192 underruns=0 recoveries=0 errors=0 sched_gaps=0 initial_complete=0 provisional_cycles=0 adopted=0 phase=0 phase_frames=1246715 generation=0
01045227 tid=4294854277 BACKEND cursor play=28876 write=30592 delta=2128 phase=0 phase_frames=1252931 track=13 offset_frames=1252931 generation=0 cycles=0
01045969 tid=4294809657 SUMMARY window_ms=1016 time=304 joy=0 status=0 play=0 stop=0 fills=4 bytes=88192 underruns=0 recoveries=0 errors=0 sched_gaps=0 initial_complete=0 provisional_cycles=0 adopted=0 phase=0 phase_frames=1269197 generation=0
01046250 tid=4294854277 BACKEND cursor play=30872 write=32588 delta=2100 phase=0 phase_frames=1275478 track=13 offset_frames=1275478 generation=0 cycles=0
01046978 tid=4294809657 SUMMARY window_ms=1009 time=264 joy=0 status=0 play=0 stop=0 fills=4 bytes=88192 underruns=0 recoveries=0 errors=0 sched_gaps=0 initial_complete=0 provisional_cycles=0 adopted=0 phase=0 phase_frames=1291147 generation=0
01047301 tid=4294854277 BACKEND cursor play=35328 write=37044 delta=4824 phase=0 phase_frames=1298640 track=13 offset_frames=1298640 generation=0 cycles=0
01047978 tid=4294809657 SUMMARY window_ms=1000 time=181 joy=0 status=0 play=0 stop=0 fills=4 bytes=88192 underruns=0 recoveries=0 errors=0 sched_gaps=0 initial_complete=0 provisional_cycles=0 adopted=0 phase=0 phase_frames=1313022 generation=0
01048320 tid=4294854277 BACKEND cursor play=37064 write=38780 delta=3008 phase=0 phase_frames=1321122 track=13 offset_frames=1321122 generation=0 cycles=0
01048980 tid=4294809657 SUMMARY window_ms=1002 time=237 joy=0 status=0 play=0 stop=0 fills=4 bytes=88192 underruns=0 recoveries=0 errors=0 sched_gaps=0 initial_complete=0 provisional_cycles=0 adopted=0 phase=0 phase_frames=1335357 generation=0
01049327 tid=4294854277 BACKEND cursor play=37600 write=39316 delta=1808 phase=0 phase_frames=1343304 track=13 offset_frames=1343304 generation=0 cycles=0
01049998 tid=4294809657 SUMMARY window_ms=1018 time=321 joy=0 status=0 play=0 stop=0 fills=4 bytes=88192 underruns=0 recoveries=0 errors=0 sched_gaps=0 initial_complete=0 provisional_cycles=0 adopted=0 phase=0 phase_frames=1357838 generation=0
01050346 tid=4294854277 BACKEND cursor play=39344 write=41060 delta=1836 phase=0 phase_frames=1365788 track=13 offset_frames=1365788 generation=0 cycles=0
01051016 tid=4294809657 SUMMARY window_ms=1018 time=288 joy=0 status=0 play=0 stop=0 fills=4 bytes=88192 underruns=0 recoveries=0 errors=0 sched_gaps=0 initial_complete=0 provisional_cycles=0 adopted=0 phase=0 phase_frames=1380517 generation=0
01051366 tid=4294854277 BACKEND cursor play=41108 write=42824 delta=1856 phase=0 phase_frames=1388277 track=13 offset_frames=1388277 generation=0 cycles=0
01052041 tid=4294809657 SUMMARY window_ms=1025 time=248 joy=0 status=0 play=0 stop=0 fills=4 bytes=88192 underruns=0 recoveries=0 errors=0 sched_gaps=0 initial_complete=0 provisional_cycles=0 adopted=0 phase=0 phase_frames=1402802 generation=0
01052386 tid=4294854277 BACKEND cursor play=42808 write=428 delta=1820 phase=0 phase_frames=1410750 track=13 offset_frames=1410750 generation=0 cycles=0
01053041 tid=4294809657 SUMMARY window_ms=1000 time=245 joy=0 status=0 play=0 stop=0 fills=4 bytes=88192 underruns=0 recoveries=0 errors=0 sched_gaps=0 initial_complete=0 provisional_cycles=0 adopted=0 phase=0 phase_frames=1424760 generation=0
01053409 tid=4294854277 BACKEND cursor play=732 write=2448 delta=2104 phase=0 phase_frames=1433303 track=13 offset_frames=1433303 generation=0 cycles=0
01054043 tid=4294809657 SUMMARY window_ms=1002 time=227 joy=0 status=0 play=0 stop=0 fills=4 bytes=88192 underruns=0 recoveries=0 errors=0 sched_gaps=0 initial_complete=0 provisional_cycles=0 adopted=0 phase=0 phase_frames=1446931 generation=0
01054424 tid=4294854277 BACKEND cursor play=2072 write=3788 delta=2024 phase=0 phase_frames=1455686 track=13 offset_frames=1455686 generation=0 cycles=0
01055052 tid=4294809657 SUMMARY window_ms=1009 time=265 joy=0 status=0 play=0 stop=0 fills=4 bytes=88192 underruns=0 recoveries=0 errors=0 sched_gaps=0 initial_complete=0 provisional_cycles=0 adopted=0 phase=0 phase_frames=1469413 generation=0
01055424 tid=4294854277 BACKEND cursor play=2096 write=3812 delta=2136 phase=0 phase_frames=1477740 track=13 offset_frames=1477740 generation=0 cycles=0
01056078 tid=4294809657 SUMMARY window_ms=1026 time=248 joy=0 status=0 play=0 stop=0 fills=4 bytes=88192 underruns=0 recoveries=0 errors=0 sched_gaps=0 initial_complete=0 provisional_cycles=0 adopted=0 phase=0 phase_frames=1491894 generation=0
01056427 tid=4294854277 BACKEND cursor play=2312 write=4028 delta=2128 phase=0 phase_frames=1499842 track=13 offset_frames=1499842 generation=0 cycles=0
01057078 tid=4294809657 SUMMARY window_ms=1000 time=245 joy=0 status=0 play=0 stop=0 fills=4 bytes=88192 underruns=0 recoveries=0 errors=0 sched_gaps=0 initial_complete=0 provisional_cycles=0 adopted=0 phase=0 phase_frames=1513922 generation=0
01057443 tid=4294854277 BACKEND cursor play=3744 write=5460 delta=3272 phase=0 phase_frames=1522248 track=13 offset_frames=1522248 generation=0 cycles=0
01058097 tid=4294809657 SUMMARY window_ms=1019 time=235 joy=0 status=0 play=0 stop=0 fills=4 bytes=88192 underruns=0 recoveries=0 errors=0 sched_gaps=0 initial_complete=0 provisional_cycles=0 adopted=0 phase=0 phase_frames=1536402 generation=0
01058462 tid=4294854277 BACKEND cursor play=5404 write=7120 delta=3256 phase=0 phase_frames=1544711 track=13 offset_frames=1544711 generation=0 cycles=0
01059123 tid=4294809657 SUMMARY window_ms=1026 time=224 joy=0 status=0 play=0 stop=0 fills=4 bytes=88192 underruns=0 recoveries=0 errors=0 sched_gaps=0 initial_complete=0 provisional_cycles=0 adopted=0 phase=0 phase_frames=1558807 generation=0
01059462 tid=4294854277 BACKEND cursor play=5388 write=7104 delta=3284 phase=0 phase_frames=1566755 track=13 offset_frames=1566755 generation=0 cycles=0
01060132 tid=4294809657 SUMMARY window_ms=1009 time=241 joy=0 status=0 play=0 stop=0 fills=4 bytes=88192 underruns=0 recoveries=0 errors=0 sched_gaps=0 initial_complete=0 provisional_cycles=0 adopted=0 phase=0 phase_frames=1581364 generation=0
01060478 tid=4294854277 BACKEND cursor play=6820 write=8536 delta=2964 phase=0 phase_frames=1589161 track=13 offset_frames=1589161 generation=0 cycles=0
01061134 tid=4294809657 SUMMARY window_ms=1002 time=272 joy=0 status=0 play=0 stop=0 fills=4 bytes=88192 underruns=0 recoveries=0 errors=0 sched_gaps=0 initial_complete=0 provisional_cycles=0 adopted=0 phase=0 phase_frames=1603468 generation=0
01061501 tid=4294854277 BACKEND cursor play=8864 write=10580 delta=3032 phase=0 phase_frames=1611720 track=13 offset_frames=1611720 generation=0 cycles=0
01062151 tid=4294809657 SUMMARY window_ms=1017 time=298 joy=0 status=0 play=0 stop=0 fills=4 bytes=88192 underruns=0 recoveries=0 errors=0 sched_gaps=0 initial_complete=0 provisional_cycles=0 adopted=0 phase=0 phase_frames=1625949 generation=0
01062524 tid=4294854277 BACKEND cursor play=10904 write=12620 delta=3368 phase=0 phase_frames=1634278 track=13 offset_frames=1634278 generation=0 cycles=0
01063177 tid=4294809657 SUMMARY window_ms=1026 time=248 joy=0 status=0 play=0 stop=0 fills=5 bytes=110240 underruns=0 recoveries=0 errors=0 sched_gaps=0 initial_complete=0 provisional_cycles=0 adopted=0 phase=0 phase_frames=1648354 generation=0
01063541 tid=4294854277 BACKEND cursor play=12324 write=14040 delta=3024 phase=0 phase_frames=1656681 track=13 offset_frames=1656681 generation=0 cycles=0
01064202 tid=4294809657 SUMMARY window_ms=1025 time=240 joy=0 status=0 play=0 stop=0 fills=4 bytes=88192 underruns=0 recoveries=0 errors=0 sched_gaps=0 initial_complete=0 provisional_cycles=0 adopted=0 phase=0 phase_frames=1670837 generation=0
01064547 tid=4294854277 BACKEND cursor play=12852 write=14568 delta=1820 phase=0 phase_frames=1678861 track=13 offset_frames=1678861 generation=0 cycles=0
01065212 tid=4294809657 SUMMARY window_ms=1010 time=256 joy=0 status=0 play=0 stop=0 fills=4 bytes=88192 underruns=0 recoveries=0 errors=0 sched_gaps=0 initial_complete=0 provisional_cycles=0 adopted=0 phase=0 phase_frames=1693324 generation=0
01065566 tid=4294854277 BACKEND cursor play=14592 write=16308 delta=1820 phase=0 phase_frames=1701344 track=13 offset_frames=1701344 generation=0 cycles=0
01066216 tid=4294809657 SUMMARY window_ms=1004 time=310 joy=0 status=0 play=0 stop=0 fills=4 bytes=88192 underruns=0 recoveries=0 errors=0 sched_gaps=0 initial_complete=0 provisional_cycles=0 adopted=0 phase=0 phase_frames=1715344 generation=0
01066603 tid=4294854277 BACKEND cursor play=17832 write=19548 delta=3328 phase=0 phase_frames=1724202 track=13 offset_frames=1724202 generation=0 cycles=0
01067218 tid=4294809657 SUMMARY window_ms=1002 time=325 joy=0 status=0 play=0 stop=0 fills=4 bytes=88192 underruns=0 recoveries=0 errors=0 sched_gaps=0 initial_complete=0 provisional_cycles=0 adopted=0 phase=0 phase_frames=1737374 generation=0
01067606 tid=4294854277 BACKEND cursor play=18060 write=19776 delta=2480 phase=0 phase_frames=1746307 track=13 offset_frames=1746307 generation=0 cycles=0
01068221 tid=4294809657 SUMMARY window_ms=1003 time=320 joy=0 status=0 play=0 stop=0 fills=4 bytes=88192 underruns=0 recoveries=0 errors=0 sched_gaps=0 initial_complete=0 provisional_cycles=0 adopted=0 phase=0 phase_frames=1759552 generation=0
01068643 tid=4294854277 BACKEND cursor play=21304 write=23020 delta=3336 phase=0 phase_frames=1769166 track=13 offset_frames=1769166 generation=0 cycles=0
01069232 tid=4294809657 SUMMARY window_ms=1011 time=315 joy=0 status=0 play=0 stop=0 fills=4 bytes=88192 underruns=0 recoveries=0 errors=0 sched_gaps=0 initial_complete=0 provisional_cycles=0 adopted=0 phase=0 phase_frames=1782032 generation=0
01069662 tid=4294854277 BACKEND cursor play=23036 write=24752 delta=3332 phase=0 phase_frames=1791647 track=13 offset_frames=1791647 generation=0 cycles=0
01070241 tid=4294809657 SUMMARY window_ms=1009 time=312 joy=0 status=0 play=0 stop=0 fills=4 bytes=88192 underruns=0 recoveries=0 errors=0 sched_gaps=0 initial_complete=0 provisional_cycles=0 adopted=0 phase=0 phase_frames=1804061 generation=0
01070665 tid=4294854277 BACKEND cursor play=23256 write=24972 delta=2124 phase=0 phase_frames=1813750 track=13 offset_frames=1813750 generation=0 cycles=0
01071243 tid=4294809657 SUMMARY window_ms=1002 time=269 joy=0 status=0 play=0 stop=0 fills=4 bytes=88192 underruns=0 recoveries=0 errors=0 sched_gaps=0 initial_complete=0 provisional_cycles=0 adopted=0 phase=0 phase_frames=1826091 generation=0
01071703 tid=4294854277 BACKEND cursor play=26644 write=28360 delta=3460 phase=0 phase_frames=1836645 track=13 offset_frames=1836645 generation=0 cycles=0
01072260 tid=4294809657 SUMMARY window_ms=1017 time=235 joy=0 status=0 play=0 stop=0 fills=4 bytes=88192 underruns=0 recoveries=0 errors=0 sched_gaps=0 initial_complete=0 provisional_cycles=0 adopted=0 phase=0 phase_frames=1848491 generation=0
01072721 tid=4294854277 BACKEND cursor play=28232 write=29948 delta=4844 phase=0 phase_frames=1859090 track=13 offset_frames=1859090 generation=0 cycles=0
01073262 tid=4294809657 SUMMARY window_ms=1002 time=267 joy=0 status=0 play=0 stop=0 fills=4 bytes=88192 underruns=0 recoveries=0 errors=0 sched_gaps=0 initial_complete=0 provisional_cycles=0 adopted=0 phase=0 phase_frames=1870675 generation=0
01073724 tid=4294854277 BACKEND cursor play=28460 write=30176 delta=2212 phase=0 phase_frames=1881195 track=13 offset_frames=1881195 generation=0 cycles=0
01074262 tid=4294809657 SUMMARY window_ms=1000 time=304 joy=0 status=0 play=0 stop=0 fills=4 bytes=88192 underruns=0 recoveries=0 errors=0 sched_gaps=0 initial_complete=0 provisional_cycles=0 adopted=0 phase=0 phase_frames=1892926 generation=0
01074761 tid=4294854277 BACKEND cursor play=31700 write=33416 delta=4836 phase=0 phase_frames=1904053 track=13 offset_frames=1904053 generation=0 cycles=0
01075267 tid=4294809657 SUMMARY window_ms=1005 time=304 joy=0 status=0 play=0 stop=0 fills=4 bytes=88192 underruns=0 recoveries=0 errors=0 sched_gaps=0 initial_complete=0 provisional_cycles=0 adopted=0 phase=0 phase_frames=1915181 generation=0
01075767 tid=4294854277 BACKEND cursor play=32232 write=33948 delta=1820 phase=0 phase_frames=1926234 track=13 offset_frames=1926234 generation=0 cycles=0
01076281 tid=4294809657 SUMMARY window_ms=1014 time=318 joy=0 status=0 play=0 stop=0 fills=4 bytes=88192 underruns=0 recoveries=0 errors=0 sched_gaps=0 initial_complete=0 provisional_cycles=0 adopted=0 phase=0 phase_frames=1937130 generation=0
01076787 tid=4294854277 BACKEND cursor play=33960 write=35676 delta=1860 phase=0 phase_frames=1948714 track=13 offset_frames=1948714 generation=0 cycles=0
01077290 tid=4294809657 SUMMARY window_ms=1009 time=312 joy=0 status=0 play=0 stop=0 fills=4 bytes=88192 underruns=0 recoveries=0 errors=0 sched_gaps=0 initial_complete=0 provisional_cycles=0 adopted=0 phase=0 phase_frames=1959691 generation=0
01077803 tid=4294854277 BACKEND cursor play=35388 write=37104 delta=3320 phase=0 phase_frames=1971119 track=13 offset_frames=1971119 generation=0 cycles=0
01078299 tid=4294809657 SUMMARY window_ms=1009 time=240 joy=0 status=0 play=0 stop=0 fills=4 bytes=88192 underruns=0 recoveries=0 errors=0 sched_gaps=0 initial_complete=0 provisional_cycles=0 adopted=0 phase=0 phase_frames=1981794 generation=0
01078805 tid=4294854277 BACKEND cursor play=35624 write=37340 delta=1824 phase=0 phase_frames=1993226 track=13 offset_frames=1993226 generation=0 cycles=0
01079325 tid=4294809657 SUMMARY window_ms=1026 time=248 joy=0 status=0 play=0 stop=0 fills=4 bytes=88192 underruns=0 recoveries=0 errors=0 sched_gaps=0 initial_complete=0 provisional_cycles=0 adopted=0 phase=0 phase_frames=2004285 generation=0
01079825 tid=4294854277 BACKEND cursor play=37348 write=39064 delta=2080 phase=0 phase_frames=2015705 track=13 offset_frames=2015705 generation=0 cycles=0
01080328 tid=4294809657 SUMMARY window_ms=1003 time=256 joy=0 status=0 play=0 stop=0 fills=4 bytes=88192 underruns=0 recoveries=0 errors=0 sched_gaps=0 initial_complete=0 provisional_cycles=0 adopted=0 phase=0 phase_frames=2026755 generation=0
01080845 tid=4294854277 BACKEND cursor play=39112 write=40828 delta=2896 phase=0 phase_frames=2038194 track=13 offset_frames=2038194 generation=0 cycles=0
01081340 tid=4294809657 SUMMARY window_ms=1012 time=319 joy=0 status=0 play=0 stop=0 fills=4 bytes=88192 underruns=0 recoveries=0 errors=0 sched_gaps=0 initial_complete=0 provisional_cycles=0 adopted=0 phase=0 phase_frames=2048786 generation=0
01081857 tid=4294854277 BACKEND cursor play=40204 write=41920 delta=2664 phase=0 phase_frames=2060515 track=13 offset_frames=2060515 generation=0 cycles=0
01082341 tid=4294809657 SUMMARY window_ms=1001 time=291 joy=0 status=0 play=0 stop=0 fills=4 bytes=88192 underruns=0 recoveries=0 errors=0 sched_gaps=0 initial_complete=0 provisional_cycles=0 adopted=0 phase=0 phase_frames=2070736 generation=0
01082901 tid=4294854277 BACKEND cursor play=44056 write=1676 delta=4828 phase=0 phase_frames=2083526 track=13 offset_frames=2083526 generation=0 cycles=0
01083362 tid=4294809657 SUMMARY window_ms=1021 time=243 joy=0 status=0 play=0 stop=0 fills=4 bytes=88192 underruns=0 recoveries=0 errors=0 sched_gaps=0 initial_complete=0 provisional_cycles=0 adopted=0 phase=0 phase_frames=2093294 generation=0
01083911 tid=4294854277 BACKEND cursor play=824 write=2540 delta=3960 phase=0 phase_frames=2105790 track=13 offset_frames=2105790 generation=0 cycles=0
01084372 tid=4294809657 SUMMARY window_ms=1010 time=288 joy=0 status=0 play=0 stop=0 fills=4 bytes=88192 underruns=0 recoveries=0 errors=0 sched_gaps=0 initial_complete=0 provisional_cycles=0 adopted=0 phase=0 phase_frames=2115395 generation=0
01084934 tid=4294854277 BACKEND cursor play=2832 write=4548 delta=2416 phase=0 phase_frames=2128340 track=13 offset_frames=2128340 generation=0 cycles=0
01085381 tid=4294809657 SUMMARY window_ms=1009 time=324 joy=0 status=0 play=0 stop=0 fills=4 bytes=88192 underruns=0 recoveries=0 errors=0 sched_gaps=0 initial_complete=0 provisional_cycles=0 adopted=0 phase=0 phase_frames=2137878 generation=0
01085947 tid=4294854277 BACKEND cursor play=3968 write=5684 delta=2140 phase=0 phase_frames=2150672 track=13 offset_frames=2150672 generation=0 cycles=0
01086401 tid=4294809657 SUMMARY window_ms=1020 time=328 joy=0 status=0 play=0 stop=0 fills=4 bytes=88192 underruns=0 recoveries=0 errors=0 sched_gaps=0 initial_complete=0 provisional_cycles=0 adopted=0 phase=0 phase_frames=2160361 generation=0
01086966 tid=4294854277 BACKEND cursor play=5696 write=7412 delta=1812 phase=0 phase_frames=2173152 track=13 offset_frames=2173152 generation=0 cycles=0
01087409 tid=4294809657 SUMMARY window_ms=1008 time=320 joy=0 status=0 play=0 stop=0 fills=5 bytes=110240 underruns=0 recoveries=0 errors=0 sched_gaps=0 initial_complete=0 provisional_cycles=0 adopted=0 phase=0 phase_frames=2182840 generation=0
01087966 tid=4294854277 BACKEND cursor play=5620 write=7336 delta=1820 phase=0 phase_frames=2195181 track=13 offset_frames=2195181 generation=0 cycles=0
01088409 tid=4294809657 SUMMARY window_ms=1000 time=317 joy=0 status=0 play=0 stop=0 fills=4 bytes=88192 underruns=0 recoveries=0 errors=0 sched_gaps=0 initial_complete=0 provisional_cycles=0 adopted=0 phase=0 phase_frames=2204871 generation=0
01088982 tid=4294854277 BACKEND cursor play=7028 write=8744 delta=1816 phase=0 phase_frames=2217581 track=13 offset_frames=2217581 generation=0 cycles=0
01089411 tid=4294809657 SUMMARY window_ms=1002 time=275 joy=0 status=0 play=0 stop=0 fills=3 bytes=66144 underruns=0 recoveries=0 errors=0 sched_gaps=0 initial_complete=0 provisional_cycles=0 adopted=0 phase=0 phase_frames=2226072 generation=0
01090001 tid=4294854277 BACKEND cursor play=8764 write=10480 delta=2980 phase=0 phase_frames=2240063 track=13 offset_frames=2240063 generation=0 cycles=0
01090411 tid=4294809657 SUMMARY window_ms=1000 time=304 joy=0 status=0 play=0 stop=0 fills=5 bytes=110240 underruns=0 recoveries=0 errors=0 sched_gaps=0 initial_complete=0 provisional_cycles=0 adopted=0 phase=0 phase_frames=2248999 generation=0
01091021 tid=4294854277 BACKEND cursor play=10524 write=12240 delta=3040 phase=0 phase_frames=2262551 track=13 offset_frames=2262551 generation=0 cycles=0
01091420 tid=4294809657 SUMMARY window_ms=1009 time=256 joy=0 status=0 play=0 stop=0 fills=4 bytes=88192 underruns=0 recoveries=0 errors=0 sched_gaps=0 initial_complete=0 provisional_cycles=0 adopted=0 phase=0 phase_frames=2271028 generation=0
01092041 tid=4294854277 BACKEND cursor play=12236 write=13952 delta=3016 phase=0 phase_frames=2285027 track=13 offset_frames=2285027 generation=0 cycles=0
01092430 tid=4294809657 SUMMARY window_ms=1010 time=240 joy=0 status=0 play=0 stop=0 fills=4 bytes=88192 underruns=0 recoveries=0 errors=0 sched_gaps=0 initial_complete=0 provisional_cycles=0 adopted=0 phase=0 phase_frames=2293506 generation=0
01093047 tid=4294854277 BACKEND cursor play=12768 write=14484 delta=2636 phase=0 phase_frames=2307208 track=13 offset_frames=2307208 generation=0 cycles=0
01093439 tid=4294809657 SUMMARY window_ms=1009 time=280 joy=0 status=0 play=0 stop=0 fills=4 bytes=88192 underruns=0 recoveries=0 errors=0 sched_gaps=0 initial_complete=0 provisional_cycles=0 adopted=0 phase=0 phase_frames=2315455 generation=0
01094067 tid=4294854277 BACKEND cursor play=14504 write=16220 delta=2136 phase=0 phase_frames=2329690 track=13 offset_frames=2329690 generation=0 cycles=0
01094458 tid=4294809657 SUMMARY window_ms=1019 time=312 joy=0 status=0 play=0 stop=0 fills=4 bytes=88192 underruns=0 recoveries=0 errors=0 sched_gaps=0 initial_complete=0 provisional_cycles=0 adopted=0 phase=0 phase_frames=2338317 generation=0
01095082 tid=4294854277 BACKEND cursor play=15820 write=17536 delta=2800 phase=0 phase_frames=2352067 track=13 offset_frames=2352067 generation=0 cycles=0
01095468 tid=4294809657 SUMMARY window_ms=1010 time=240 joy=0 status=0 play=0 stop=0 fills=4 bytes=88192 underruns=0 recoveries=0 errors=0 sched_gaps=0 initial_complete=0 provisional_cycles=0 adopted=0 phase=0 phase_frames=2360501 generation=0
01096102 tid=4294854277 BACKEND cursor play=17656 write=19372 delta=4432 phase=0 phase_frames=2374574 track=13 offset_frames=2374574 generation=0 cycles=0
01096468 tid=4294809657 SUMMARY window_ms=1000 time=315 joy=0 status=0 play=0 stop=0 fills=4 bytes=88192 underruns=0 recoveries=0 errors=0 sched_gaps=0 initial_complete=0 provisional_cycles=0 adopted=0 phase=0 phase_frames=2382607 generation=0
01097105 tid=4294854277 BACKEND cursor play=17896 write=19612 delta=2116 phase=0 phase_frames=2396682 track=13 offset_frames=2396682 generation=0 cycles=0
01097486 tid=4294809657 SUMMARY window_ms=1018 time=309 joy=0 status=0 play=0 stop=0 fills=4 bytes=88192 underruns=0 recoveries=0 errors=0 sched_gaps=0 initial_complete=0 provisional_cycles=0 adopted=0 phase=0 phase_frames=2405074 generation=0
01098125 tid=4294854277 BACKEND cursor play=19624 write=21340 delta=2136 phase=0 phase_frames=2419162 track=13 offset_frames=2419162 generation=0 cycles=0
01098494 tid=4294809657 SUMMARY window_ms=1008 time=305 joy=0 status=0 play=0 stop=0 fills=4 bytes=88192 underruns=0 recoveries=0 errors=0 sched_gaps=0 initial_complete=0 provisional_cycles=0 adopted=0 phase=0 phase_frames=2427104 generation=0
01099141 tid=4294854277 BACKEND cursor play=21040 write=22756 delta=3016 phase=0 phase_frames=2441564 track=13 offset_frames=2441564 generation=0 cycles=0
01099505 tid=4294809657 SUMMARY window_ms=1010 time=312 joy=0 status=0 play=0 stop=0 fills=4 bytes=88192 underruns=0 recoveries=0 errors=0 sched_gaps=0 initial_complete=0 provisional_cycles=0 adopted=0 phase=0 phase_frames=2449585 generation=0
01100164 tid=4294854277 BACKEND cursor play=23096 write=24812 delta=2132 phase=0 phase_frames=2464126 track=13 offset_frames=2464126 generation=0 cycles=0
01100504 tid=4294809657 SUMMARY window_ms=1000 time=304 joy=0 status=0 play=0 stop=0 fills=4 bytes=88192 underruns=0 recoveries=0 errors=0 sched_gaps=0 initial_complete=0 provisional_cycles=0 adopted=0 phase=0 phase_frames=2471205 generation=0
01101167 tid=4294854277 BACKEND cursor play=23312 write=25028 delta=1820 phase=0 phase_frames=2486228 track=13 offset_frames=2486228 generation=0 cycles=0
01101523 tid=4294809657 SUMMARY window_ms=1019 time=272 joy=0 status=0 play=0 stop=0 fills=4 bytes=88192 underruns=0 recoveries=0 errors=0 sched_gaps=0 initial_complete=0 provisional_cycles=0 adopted=0 phase=0 phase_frames=2494028 generation=0
01102221 tid=4294854277 BACKEND cursor play=28060 write=29776 delta=4916 phase=0 phase_frames=2509463 track=13 offset_frames=2509463 generation=0 cycles=0
01102523 tid=4294809657 SUMMARY window_ms=1000 time=303 joy=0 status=0 play=0 stop=0 fills=4 bytes=88192 underruns=0 recoveries=0 errors=0 sched_gaps=0 initial_complete=0 provisional_cycles=0 adopted=0 phase=0 phase_frames=2515906 generation=0
01103227 tid=4294854277 BACKEND cursor play=28596 write=30312 delta=1824 phase=0 phase_frames=2531645 track=13 offset_frames=2531645 generation=0 cycles=0
01103541 tid=4294809657 SUMMARY window_ms=1018 time=328 joy=0 status=0 play=0 stop=0 fills=4 bytes=88192 underruns=0 recoveries=0 errors=0 sched_gaps=0 initial_complete=0 provisional_cycles=0 adopted=0 phase=0 phase_frames=2538232 generation=0
01104260 tid=4294854277 BACKEND cursor play=31532 write=33248 delta=3024 phase=0 phase_frames=2554427 track=13 offset_frames=2554427 generation=0 cycles=0
01104542 tid=4294809657 SUMMARY window_ms=1000 time=320 joy=0 status=0 play=0 stop=0 fills=4 bytes=88192 underruns=0 recoveries=0 errors=0 sched_gaps=0 initial_complete=0 provisional_cycles=0 adopted=0 phase=0 phase_frames=2560181 generation=0
01105266 tid=4294854277 BACKEND cursor play=32060 write=33776 delta=2520 phase=0 phase_frames=2576607 track=13 offset_frames=2576607 generation=0 cycles=0
01105560 tid=4294809657 SUMMARY window_ms=1019 time=320 joy=0 status=0 play=0 stop=0 fills=4 bytes=88192 underruns=0 recoveries=0 errors=0 sched_gaps=0 initial_complete=0 provisional_cycles=0 adopted=0 phase=0 phase_frames=2582739 generation=0
01106303 tid=4294854277 BACKEND cursor play=35304 write=37020 delta=3324 phase=0 phase_frames=2599466 track=13 offset_frames=2599466 generation=0 cycles=0
01106560 tid=4294809657 SUMMARY window_ms=1000 time=320 joy=0 status=0 play=0 stop=0 fills=4 bytes=88192 underruns=0 recoveries=0 errors=0 sched_gaps=0 initial_complete=0 provisional_cycles=0 adopted=0 phase=0 phase_frames=2604839 generation=0
01107306 tid=4294854277 BACKEND cursor play=35532 write=37248 delta=2436 phase=0 phase_frames=2621571 track=13 offset_frames=2621571 generation=0 cycles=0
01107586 tid=4294809657 SUMMARY window_ms=1026 time=256 joy=0 status=0 play=0 stop=0 fills=4 bytes=88192 underruns=0 recoveries=0 errors=0 sched_gaps=0 initial_complete=0 provisional_cycles=0 adopted=0 phase=0 phase_frames=2627324 generation=0
01108325 tid=4294854277 BACKEND cursor play=37264 write=38980 delta=2124 phase=0 phase_frames=2644052 track=13 offset_frames=2644052 generation=0 cycles=0
01108587 tid=4294809657 SUMMARY window_ms=1001 time=205 joy=0 status=0 play=0 stop=0 fills=4 bytes=88192 underruns=0 recoveries=0 errors=0 sched_gaps=0 initial_complete=0 provisional_cycles=0 adopted=0 phase=0 phase_frames=2649805 generation=0
01109345 tid=4294854277 BACKEND cursor play=39000 write=40716 delta=1876 phase=0 phase_frames=2666534 track=13 offset_frames=2666534 generation=0 cycles=0
01109588 tid=4294809657 SUMMARY window_ms=1001 time=229 joy=0 status=0 play=0 stop=0 fills=4 bytes=88192 underruns=0 recoveries=0 errors=0 sched_gaps=0 initial_complete=0 provisional_cycles=0 adopted=0 phase=0 phase_frames=2671831 generation=0
01110360 tid=4294854277 BACKEND cursor play=40292 write=42008 delta=2892 phase=0 phase_frames=2688905 track=13 offset_frames=2688905 generation=0 cycles=0
01110588 tid=4294809657 SUMMARY window_ms=1000 time=285 joy=0 status=0 play=0 stop=0 fills=4 bytes=88192 underruns=0 recoveries=0 errors=0 sched_gaps=0 initial_complete=0 provisional_cycles=0 adopted=0 phase=0 phase_frames=2693781 generation=0
01111381 tid=4294854277 BACKEND cursor play=42160 write=43876 delta=3024 phase=0 phase_frames=2711420 track=13 offset_frames=2711420 generation=0 cycles=0
01111600 tid=4294809657 SUMMARY window_ms=1012 time=291 joy=0 status=0 play=0 stop=0 fills=4 bytes=88192 underruns=0 recoveries=0 errors=0 sched_gaps=0 initial_complete=0 provisional_cycles=0 adopted=0 phase=0 phase_frames=2716253 generation=0
01112401 tid=4294854277 BACKEND cursor play=43896 write=1516 delta=3028 phase=0 phase_frames=2733902 track=13 offset_frames=2733902 generation=0 cycles=0
01112609 tid=4294809657 SUMMARY window_ms=1009 time=320 joy=0 status=0 play=0 stop=0 fills=4 bytes=88192 underruns=0 recoveries=0 errors=0 sched_gaps=0 initial_complete=0 provisional_cycles=0 adopted=0 phase=0 phase_frames=2738452 generation=0
01113407 tid=4294854277 BACKEND cursor play=320 write=2036 delta=1788 phase=0 phase_frames=2756080 track=13 offset_frames=2756080 generation=0 cycles=0
01113609 tid=4294809657 SUMMARY window_ms=1000 time=321 joy=0 status=0 play=0 stop=0 fills=4 bytes=88192 underruns=0 recoveries=0 errors=0 sched_gaps=0 initial_complete=0 provisional_cycles=0 adopted=0 phase=0 phase_frames=2760471 generation=0
01114461 tid=4294854277 BACKEND cursor play=5080 write=6796 delta=4836 phase=0 phase_frames=2779318 track=13 offset_frames=2779318 generation=0 cycles=0
01114618 tid=4294809657 SUMMARY window_ms=1009 time=287 joy=0 status=0 play=0 stop=0 fills=4 bytes=88192 underruns=0 recoveries=0 errors=0 sched_gaps=0 initial_complete=0 provisional_cycles=0 adopted=0 phase=0 phase_frames=2782500 generation=0
01115467 tid=4294854277 BACKEND cursor play=5608 write=7324 delta=2132 phase=0 phase_frames=2801498 track=13 offset_frames=2801498 generation=0 cycles=0
01115644 tid=4294809657 SUMMARY window_ms=1026 time=280 joy=0 status=0 play=0 stop=0 fills=4 bytes=88192 underruns=0 recoveries=0 errors=0 sched_gaps=0 initial_complete=0 provisional_cycles=0 adopted=0 phase=0 phase_frames=2805391 generation=0
01116486 tid=4294854277 BACKEND cursor play=7340 write=9056 delta=1812 phase=0 phase_frames=2823979 track=13 offset_frames=2823979 generation=0 cycles=0
01116653 tid=4294809657 SUMMARY window_ms=1009 time=240 joy=0 status=0 play=0 stop=0 fills=4 bytes=88192 underruns=0 recoveries=0 errors=0 sched_gaps=0 initial_complete=0 provisional_cycles=0 adopted=0 phase=0 phase_frames=2827463 generation=0
01117486 tid=4294854277 BACKEND cursor play=7288 write=9004 delta=1844 phase=0 phase_frames=2846014 track=13 offset_frames=2846014 generation=0 cycles=0
01117679 tid=4294809657 SUMMARY window_ms=1026 time=280 joy=0 status=0 play=0 stop=0 fills=5 bytes=110240 underruns=0 recoveries=0 errors=0 sched_gaps=0 initial_complete=0 provisional_cycles=0 adopted=0 phase=0 phase_frames=2850158 generation=0
01118505 tid=4294854277 BACKEND cursor play=9000 write=10716 delta=1808 phase=0 phase_frames=2868490 track=13 offset_frames=2868490 generation=0 cycles=0
01118699 tid=4294809657 SUMMARY window_ms=1020 time=280 joy=0 status=0 play=0 stop=0 fills=4 bytes=88192 underruns=0 recoveries=0 errors=0 sched_gaps=0 initial_complete=0 provisional_cycles=0 adopted=0 phase=0 phase_frames=2872654 generation=0
01119525 tid=4294854277 BACKEND cursor play=10728 write=12444 delta=1820 phase=0 phase_frames=2890970 track=13 offset_frames=2890970 generation=0 cycles=0
01119699 tid=4294809657 SUMMARY window_ms=1000 time=325 joy=0 status=0 play=0 stop=0 fills=4 bytes=88192 underruns=0 recoveries=0 errors=0 sched_gaps=0 initial_complete=0 provisional_cycles=0 adopted=0 phase=0 phase_frames=2894450 generation=0
01120541 tid=4294854277 BACKEND cursor play=12140 write=13856 delta=3008 phase=0 phase_frames=2913371 track=13 offset_frames=2913371 generation=0 cycles=0
01120707 tid=4294809657 SUMMARY window_ms=1008 time=251 joy=0 status=0 play=0 stop=0 fills=4 bytes=88192 underruns=0 recoveries=0 errors=0 sched_gaps=0 initial_complete=0 provisional_cycles=0 adopted=0 phase=0 phase_frames=2916705 generation=0
01121565 tid=4294854277 BACKEND cursor play=14232 write=15948 delta=2168 phase=0 phase_frames=2935942 track=13 offset_frames=2935942 generation=0 cycles=0
01121728 tid=4294809657 SUMMARY window_ms=1021 time=290 joy=0 status=0 play=0 stop=0 fills=4 bytes=88192 underruns=0 recoveries=0 errors=0 sched_gaps=0 initial_complete=0 provisional_cycles=0 adopted=0 phase=0 phase_frames=2939475 generation=0
01122568 tid=4294854277 BACKEND cursor play=14520 write=16236 delta=1916 phase=0 phase_frames=2958062 track=13 offset_frames=2958062 generation=0 cycles=0
01122742 tid=4294809657 SUMMARY window_ms=1014 time=310 joy=0 status=0 play=0 stop=0 fills=4 bytes=88192 underruns=0 recoveries=0 errors=0 sched_gaps=0 initial_complete=0 provisional_cycles=0 adopted=0 phase=0 phase_frames=2961518 generation=0
01123587 tid=4294854277 BACKEND cursor play=16156 write=17872 delta=1816 phase=0 phase_frames=2980519 track=13 offset_frames=2980519 generation=0 cycles=0
01123751 tid=4294809657 SUMMARY window_ms=1009 time=318 joy=0 status=0 play=0 stop=0 fills=4 bytes=88192 underruns=0 recoveries=0 errors=0 sched_gaps=0 initial_complete=0 provisional_cycles=0 adopted=0 phase=0 phase_frames=2983625 generation=0
01124606 tid=4294854277 BACKEND cursor play=17888 write=19604 delta=1788 phase=0 phase_frames=3003000 track=13 offset_frames=3003000 generation=0 cycles=0
01124751 tid=4294809657 SUMMARY window_ms=1000 time=283 joy=0 status=0 play=0 stop=0 fills=4 bytes=88192 underruns=0 recoveries=0 errors=0 sched_gaps=0 initial_complete=0 provisional_cycles=0 adopted=0 phase=0 phase_frames=3005803 generation=0
01125606 tid=4294854277 BACKEND cursor play=17808 write=19524 delta=2128 phase=0 phase_frames=3025028 track=13 offset_frames=3025028 generation=0 cycles=0
01125754 tid=4294809657 SUMMARY window_ms=1003 time=319 joy=0 status=0 play=0 stop=0 fills=4 bytes=88192 underruns=0 recoveries=0 errors=0 sched_gaps=0 initial_complete=0 provisional_cycles=0 adopted=0 phase=0 phase_frames=3028129 generation=0
01126642 tid=4294854277 BACKEND cursor play=21036 write=22752 delta=3308 phase=0 phase_frames=3047883 track=13 offset_frames=3047883 generation=0 cycles=0
01126772 tid=4294809657 SUMMARY window_ms=1018 time=299 joy=0 status=0 play=0 stop=0 fills=4 bytes=88192 underruns=0 recoveries=0 errors=0 sched_gaps=0 initial_complete=0 provisional_cycles=0 adopted=0 phase=0 phase_frames=3050611 generation=0
01127645 tid=4294854277 BACKEND cursor play=21272 write=22988 delta=2124 phase=0 phase_frames=3069990 track=13 offset_frames=3069990 generation=0 cycles=0
01127788 tid=4294809657 SUMMARY window_ms=1016 time=272 joy=0 status=0 play=0 stop=0 fills=4 bytes=88192 underruns=0 recoveries=0 errors=0 sched_gaps=0 initial_complete=0 provisional_cycles=0 adopted=0 phase=0 phase_frames=3073093 generation=0
01128660 tid=4294854277 BACKEND cursor play=22608 write=24324 delta=2932 phase=0 phase_frames=3092372 track=13 offset_frames=3092372 generation=0 cycles=0
01128792 tid=4294809657 SUMMARY window_ms=1004 time=254 joy=0 status=0 play=0 stop=0 fills=4 bytes=88192 underruns=0 recoveries=0 errors=0 sched_gaps=0 initial_complete=0 provisional_cycles=0 adopted=0 phase=0 phase_frames=3095042 generation=0
01129681 tid=4294854277 BACKEND cursor play=24428 write=26144 delta=3020 phase=0 phase_frames=3114875 track=13 offset_frames=3114875 generation=0 cycles=0
01129799 tid=4294809657 SUMMARY window_ms=1007 time=321 joy=0 status=0 play=0 stop=0 fills=4 bytes=88192 underruns=0 recoveries=0 errors=0 sched_gaps=0 initial_complete=0 provisional_cycles=0 adopted=0 phase=0 phase_frames=3116909 generation=0
01130701 tid=4294854277 BACKEND cursor play=26172 write=27888 delta=3028 phase=0 phase_frames=3137359 track=13 offset_frames=3137359 generation=0 cycles=0
01130800 tid=4294809657 SUMMARY window_ms=1000 time=304 joy=0 status=0 play=0 stop=0 fills=4 bytes=88192 underruns=0 recoveries=0 errors=0 sched_gaps=0 initial_complete=0 provisional_cycles=0 adopted=0 phase=0 phase_frames=3139024 generation=0
01131703 tid=4294854277 BACKEND cursor play=26392 write=28108 delta=3332 phase=0 phase_frames=3159462 track=13 offset_frames=3159462 generation=0 cycles=0
01131799 tid=4294809657 SUMMARY window_ms=1000 time=301 joy=0 status=0 play=0 stop=0 fills=4 bytes=88192 underruns=0 recoveries=0 errors=0 sched_gaps=0 initial_complete=0 provisional_cycles=0 adopted=0 phase=0 phase_frames=3160929 generation=0
01132726 tid=4294854277 BACKEND cursor play=28408 write=30124 delta=2104 phase=0 phase_frames=3182014 track=13 offset_frames=3182014 generation=0 cycles=0
01132801 tid=4294809657 SUMMARY window_ms=1002 time=243 joy=0 status=0 play=0 stop=0 fills=4 bytes=88192 underruns=0 recoveries=0 errors=0 sched_gaps=0 initial_complete=0 provisional_cycles=0 adopted=0 phase=0 phase_frames=3183194 generation=0
01133746 tid=4294854277 BACKEND cursor play=30160 write=31876 delta=1828 phase=0 phase_frames=3204500 track=13 offset_frames=3204500 generation=0 cycles=0
01133803 tid=4294809657 SUMMARY window_ms=1002 time=321 joy=0 status=0 play=0 stop=0 fills=4 bytes=88192 underruns=0 recoveries=0 errors=0 sched_gaps=0 initial_complete=0 provisional_cycles=0 adopted=0 phase=0 phase_frames=3205484 generation=0
01134766 tid=4294854277 BACKEND cursor play=31896 write=33612 delta=1820 phase=0 phase_frames=3226982 track=13 offset_frames=3226982 generation=0 cycles=0
01134804 tid=4294809657 SUMMARY window_ms=1001 time=256 joy=0 status=0 play=0 stop=0 fills=4 bytes=88192 underruns=0 recoveries=0 errors=0 sched_gaps=0 initial_complete=0 provisional_cycles=0 adopted=0 phase=0 phase_frames=3227435 generation=0
01135785 tid=4294854277 BACKEND cursor play=33632 write=35348 delta=1876 phase=0 phase_frames=3249464 track=13 offset_frames=3249464 generation=0 cycles=0
01135830 tid=4294809657 SUMMARY window_ms=1025 time=248 joy=0 status=0 play=0 stop=0 fills=4 bytes=88192 underruns=0 recoveries=0 errors=0 sched_gaps=0 initial_complete=0 provisional_cycles=0 adopted=0 phase=0 phase_frames=3250217 generation=0
01136785 tid=4294854277 BACKEND cursor play=33552 write=35268 delta=1812 phase=0 phase_frames=3271492 track=13 offset_frames=3271492 generation=0 cycles=0
01136829 tid=4294809657 SUMMARY window_ms=1000 time=237 joy=0 status=0 play=0 stop=0 fills=4 bytes=88192 underruns=0 recoveries=0 errors=0 sched_gaps=0 initial_complete=0 provisional_cycles=0 adopted=0 phase=0 phase_frames=3272413 generation=0
01137801 tid=4294854277 BACKEND cursor play=34964 write=36680 delta=3012 phase=0 phase_frames=3293893 track=13 offset_frames=3293893 generation=0 cycles=0
01137848 tid=4294809657 SUMMARY window_ms=1019 time=243 joy=0 status=0 play=0 stop=0 fills=4 bytes=88192 underruns=0 recoveries=0 errors=0 sched_gaps=0 initial_complete=0 provisional_cycles=0 adopted=0 phase=0 phase_frames=3294900 generation=0
01138807 tid=4294854277 BACKEND cursor play=35528 write=37244 delta=1812 phase=0 phase_frames=3316082 track=13 offset_frames=3316082 generation=0 cycles=0
01138874 tid=4294809657 SUMMARY window_ms=1026 time=249 joy=0 status=0 play=0 stop=0 fills=4 bytes=88192 underruns=0 recoveries=0 errors=0 sched_gaps=0 initial_complete=0 provisional_cycles=0 adopted=0 phase=0 phase_frames=3317363 generation=0
01139826 tid=4294854277 BACKEND cursor play=37228 write=38944 delta=1808 phase=0 phase_frames=3338555 track=13 offset_frames=3338555 generation=0 cycles=0
01139900 tid=4294809657 SUMMARY window_ms=1026 time=248 joy=0 status=0 play=0 stop=0 fills=4 bytes=88192 underruns=0 recoveries=0 errors=0 sched_gaps=0 initial_complete=0 provisional_cycles=0 adopted=0 phase=0 phase_frames=3339845 generation=0
01140826 tid=4294854277 BACKEND cursor play=37164 write=38880 delta=1812 phase=0 phase_frames=3360587 track=13 offset_frames=3360587 generation=0 cycles=0
01140909 tid=4294809657 SUMMARY window_ms=1009 time=240 joy=0 status=0 play=0 stop=0 fills=5 bytes=110240 underruns=0 recoveries=0 errors=0 sched_gaps=0 initial_complete=0 provisional_cycles=0 adopted=0 phase=0 phase_frames=3362326 generation=0
01141845 tid=4294854277 BACKEND cursor play=38900 write=40616 delta=2264 phase=0 phase_frames=3383069 track=13 offset_frames=3383069 generation=0 cycles=0
01141918 tid=4294809657 SUMMARY window_ms=1009 time=240 joy=0 status=0 play=0 stop=0 fills=3 bytes=66144 underruns=0 recoveries=0 errors=0 sched_gaps=0 initial_complete=0 provisional_cycles=0 adopted=0 phase=0 phase_frames=3383595 generation=0
01142865 tid=4294854277 BACKEND cursor play=40620 write=42336 delta=2120 phase=0 phase_frames=3405547 track=13 offset_frames=3405547 generation=0 cycles=0
01142928 tid=4294809657 SUMMARY window_ms=1010 time=240 joy=0 status=0 play=0 stop=0 fills=5 bytes=110240 underruns=0 recoveries=0 errors=0 sched_gaps=0 initial_complete=0 provisional_cycles=0 adopted=0 phase=0 phase_frames=3406456 generation=0
01143881 tid=4294854277 BACKEND cursor play=42048 write=43764 delta=3016 phase=0 phase_frames=3427952 track=13 offset_frames=3427952 generation=0 cycles=0
01143928 tid=4294809657 SUMMARY window_ms=1000 time=237 joy=0 status=0 play=0 stop=0 fills=4 bytes=88192 underruns=0 recoveries=0 errors=0 sched_gaps=0 initial_complete=0 provisional_cycles=0 adopted=0 phase=0 phase_frames=3428953 generation=0
01144904 tid=4294854277 BACKEND cursor play=44088 write=1708 delta=2128 phase=0 phase_frames=3450510 track=13 offset_frames=3450510 generation=0 cycles=0
01144930 tid=4294809657 SUMMARY window_ms=1002 time=227 joy=0 status=0 play=0 stop=0 fills=4 bytes=88192 underruns=0 recoveries=0 errors=0 sched_gaps=0 initial_complete=0 provisional_cycles=0 adopted=0 phase=0 phase_frames=3450964 generation=0
01145907 tid=4294854277 BACKEND cursor play=176 write=1892 delta=1780 phase=0 phase_frames=3472604 track=13 offset_frames=3472604 generation=0 cycles=0
01145939 tid=4294809657 SUMMARY window_ms=1009 time=240 joy=0 status=0 play=0 stop=0 fills=4 bytes=88192 underruns=0 recoveries=0 errors=0 sched_gaps=0 initial_complete=0 provisional_cycles=0 adopted=0 phase=0 phase_frames=3472604 generation=0
01146948 tid=4294809657 SUMMARY window_ms=1009 time=240 joy=0 status=0 play=0 stop=0 fills=4 bytes=88192 underruns=0 recoveries=0 errors=0 sched_gaps=0 initial_complete=0 provisional_cycles=0 adopted=0 phase=0 phase_frames=3494640 generation=0
01146961 tid=4294854277 BACKEND cursor play=4968 write=6684 delta=4840 phase=0 phase_frames=3495850 track=13 offset_frames=3495850 generation=0 cycles=0
01147958 tid=4294809657 SUMMARY window_ms=1010 time=241 joy=0 status=0 play=0 stop=0 fills=4 bytes=88192 underruns=0 recoveries=0 errors=0 sched_gaps=0 initial_complete=0 provisional_cycles=0 adopted=0 phase=0 phase_frames=3517497 generation=0
01147967 tid=4294854277 BACKEND cursor play=5508 write=7224 delta=2144 phase=0 phase_frames=3518033 track=13 offset_frames=3518033 generation=0 cycles=0
01148987 tid=4294854277 BACKEND cursor play=7232 write=8948 delta=2132 phase=0 phase_frames=3540512 track=13 offset_frames=3540512 generation=0 cycles=0
01149062 tid=4294809657 AUX SETVOLUME raw=FFFFFFFF left=65535 right=65535
01149064 tid=4294854277 BACKEND volume left=65535 right=65535 index=255 attenuation=0
01149064 tid=4294809657 SUMMARY window_ms=1106 time=238 joy=0 status=2 play=0 stop=0 fills=4 bytes=88192 underruns=0 recoveries=0 errors=0 sched_gaps=0 initial_complete=0 provisional_cycles=0 adopted=0 phase=0 phase_frames=3542213 generation=0
01150006 tid=4294854277 BACKEND cursor play=8964 write=10680 delta=1816 phase=0 phase_frames=3562993 track=13 offset_frames=3562993 generation=0 cycles=0
01150223 tid=4294809657 SUMMARY window_ms=1159 time=217 joy=0 status=0 play=0 stop=0 fills=5 bytes=110240 underruns=0 recoveries=0 errors=0 sched_gaps=0 initial_complete=0 provisional_cycles=0 adopted=0 phase=0 phase_frames=3567384 generation=0
01151006 tid=4294854277 BACKEND cursor play=8884 write=10600 delta=1816 phase=0 phase_frames=3585021 track=13 offset_frames=3585021 generation=0 cycles=0
01151234 tid=4294809657 SUMMARY window_ms=1011 time=212 joy=0 status=1 play=0 stop=0 fills=4 bytes=88192 underruns=0 recoveries=0 errors=0 sched_gaps=0 initial_complete=0 provisional_cycles=0 adopted=0 phase=0 phase_frames=3589865 generation=0
01152025 tid=4294854277 BACKEND cursor play=10616 write=12332 delta=1820 phase=0 phase_frames=3607502 track=13 offset_frames=3607502 generation=0 cycles=0
01152256 tid=4294809657 SUMMARY window_ms=1022 time=292 joy=0 status=0 play=0 stop=0 fills=4 bytes=88192 underruns=0 recoveries=0 errors=0 sched_gaps=0 initial_complete=0 provisional_cycles=0 adopted=0 phase=0 phase_frames=3612347 generation=0
01153045 tid=4294854277 BACKEND cursor play=12348 write=14064 delta=2120 phase=0 phase_frames=3629983 track=13 offset_frames=3629983 generation=0 cycles=0
01154061 tid=4294854277 BACKEND cursor play=13776 write=15492 delta=3020 phase=0 phase_frames=3652388 track=13 offset_frames=3652388 generation=0 cycles=0
01154234 tid=4294809657 SUMMARY window_ms=1978 time=39 joy=0 status=0 play=0 stop=0 fills=8 bytes=176384 underruns=0 recoveries=0 errors=0 sched_gaps=0 initial_complete=0 provisional_cycles=0 adopted=0 phase=0 phase_frames=3656023 generation=0
01155074 tid=4294854277 BACKEND cursor play=14880 write=16596 delta=2284 phase=0 phase_frames=3674712 track=13 offset_frames=3674712 generation=0 cycles=0
01155282 tid=4294809657 SUMMARY window_ms=1047 time=2 joy=0 status=0 play=0 stop=0 fills=4 bytes=88192 underruns=0 recoveries=0 errors=0 sched_gaps=0 initial_complete=0 provisional_cycles=0 adopted=0 phase=0 phase_frames=3678960 generation=0
01155282 tid=4294854277 BACKEND thread_exit reason=stop phase=0 phase_frames=3678960 generation=0 cycles=0
01155284 tid=4294809657 MCI STOP flags=00000000 result=0 phase=0 frame=3678960
01157699 tid=4294809657 SUMMARY window_ms=2418 time=1 joy=0 status=0 play=0 stop=1 fills=0 bytes=0 underruns=0 recoveries=0 errors=0 sched_gaps=0 initial_complete=0 provisional_cycles=0 adopted=0 phase=0 phase_frames=3678960 generation=0
01158820 tid=4294809657 MCI STOP flags=00000000 result=0 phase=0 frame=3678960
01158823 tid=4294809657 MCI CLOSE flags=00000000 result=0
